id,start_date,end_date,count,method,values_method,values,num_values,serie,serie_id,ruta_graficos,serie_limpia,ctx_dias,norm_spec,duracion_dias,ctx_ini,ctx_fin,min_value,max_value,amplitude,peak_value,peak_time,mean_value,std_value,grafico_file
1,2005-04-20,2005-04-20,2,"ARIMA,DIF",[786][786],786,1,001,001,/tmp/DatosSerie/Resultados/GraficosConsolidado/GraficosOriginalDatos,/tmp/DatosSerie/SerieOriginal.csv,10,z-global,1,2005-04-10 00:00:00,2005-04-30 00:00:00,786.0,786.0,0.0,786.0,2005-04-20 00:00:00,,,/tmp/DatosSerie/Resultados/GraficosConsolidado/GraficosOriginalDatos/001_2005-04-20.png
2,2005-04-26,2005-04-26,2,"ARIMA,DIF",[821][821],821,1,001,001,/tmp/DatosSerie/Resultados/GraficosConsolidado/GraficosOriginalDatos,/tmp/DatosSerie/SerieOriginal.csv,10,z-global,1,2005-04-16 00:00:00,2005-05-06 00:00:00,821.0,821.0,0.0,821.0,2005-04-26 00:00:00,,,/tmp/DatosSerie/Resultados/GraficosConsolidado/GraficosOriginalDatos/002_2005-04-26.png
3,2006-10-16,2006-10-16,2,"ARIMA,DIF",[520][520],520,1,001,001,/tmp/DatosSerie/Resultados/GraficosConsolidado/GraficosOriginalDatos,/tmp/DatosSerie/SerieOriginal.csv,10,z-global,1,2006-10-06 00:00:00,2006-10-26 00:00:00,520.0,520.0,0.0,520.0,2006-10-16 00:00:00,,,/tmp/DatosSerie/Resultados/GraficosConsolidado/GraficosOriginalDatos/003_2006-10-16.png
4,2006-11-27,2006-11-27,2,"ARIMA,DIF",[604][604],604,1,001,001,/tmp/DatosSerie/Resultados/GraficosConsolidado/GraficosOriginalDatos,/tmp/DatosSerie/SerieOriginal.csv,10,z-global,1,2006-11-17 00:00:00,2006-12-07 00:00:00,604.0,604.0,0.0,604.0,2006-11-27 00:00:00,,,/tmp/DatosSerie/Resultados/GraficosConsolidado/GraficosOriginalDatos/004_2006-11-27.png
5,2006-12-01,2006-12-01,2,"ARIMA,DIF",[674][674],674,1,001,001,/tmp/DatosSerie/Resultados/GraficosConsolidado/GraficosOriginalDatos,/tmp/DatosSerie/SerieOriginal.csv,10,z-global,1,2006-11-21 00:00:00,2006-12-11 00:00:00,674.0,674.0,0.0,674.0,2006-12-01 00:00:00,,,/tmp/DatosSerie/Resultados/GraficosConsolidado/GraficosOriginalDatos/005_2006-12-01.png
6,2006-12-22,2006-12-22,2,"ARIMA,DIF",[852][852],852,1,001,001,/tmp/DatosSerie/Resultados/GraficosConsolidado/GraficosOriginalDatos,/tmp/DatosSerie/SerieOriginal.csv,10,z-global,1,2006-12-12 00:00:00,2007-01-01 00:00:00,852.0,852.0,0.0,852.0,2006-12-22 00:00:00,,,/tmp/DatosSerie/Resultados/GraficosConsolidado/GraficosOriginalDatos/006_2006-12-22.png
7,2007-01-18,2007-01-18,2,"ARIMA,DIF",[946][946],946,1,001,001,/tmp/DatosSerie/Resultados/GraficosConsolidado/GraficosOriginalDatos,/tmp/DatosSerie/SerieOriginal.csv,10,z-global,1,2007-01-08 00:00:00,2007-01-28 00:00:00,946.0,946.0,0.0,946.0,2007-01-18 00:00:00,,,/tmp/DatosSerie/Resultados/GraficosConsolidado/GraficosOriginalDatos/007_2007-01-18.png
8,2007-01-23,2007-01-23,2,"ARIMA,DIF",[1038][1038],1038,1,001,001,/tmp/DatosSerie/Resultados/GraficosConsolidado/GraficosOriginalDatos,/tmp/DatosSerie/SerieOriginal.csv,10,z-global,1,2007-01-13 00:00:00,2007-02-02 00:00:00,1038.0,1038.0,0.0,1038.0,2007-01-23 00:00:00,,,/tmp/DatosSerie/Resultados/GraficosConsolidado/GraficosOriginalDatos/008_2007-01-23.png
9,2007-01-29,2007-01-30,2,"ARIMA,DIF","[885,812][885,812]","812,885",2,001,001,/tmp/DatosSerie/Resultados/GraficosConsolidado/GraficosOriginalDatos,/tmp/DatosSerie/SerieOriginal.csv,10,z-global,2,2007-01-19 00:00:00,2007-02-09 00:00:00,812.0,885.0,73.0,885.0,2007-01-30 00:00:00,848.5,36.5,/tmp/DatosSerie/Resultados/GraficosConsolidado/GraficosOriginalDatos/009_2007-01-29.png
10,2007-02-14,2007-02-14,2,"ARIMA,DIF",[696][696],696,1,001,001,/tmp/DatosSerie/Resultados/GraficosConsolidado/GraficosOriginalDatos,/tmp/DatosSerie/SerieOriginal.csv,10,z-global,1,2007-02-04 00:00:00,2007-02-24 00:00:00,696.0,696.0,0.0,696.0,2007-02-14 00:00:00,,,/tmp/DatosSerie/Resultados/GraficosConsolidado/GraficosOriginalDatos/010_2007-02-14.png
11,2007-07-27,2007-07-27,2,"ARIMA,DIF",[710][710],710,1,001,001,/tmp/DatosSerie/Resultados/GraficosConsolidado/GraficosOriginalDatos,/tmp/DatosSerie/SerieOriginal.csv,10,z-global,1,2007-07-17 00:00:00,2007-08-06 00:00:00,710.0,710.0,0.0,710.0,2007-07-27 00:00:00,,,/tmp/DatosSerie/Resultados/GraficosConsolidado/GraficosOriginalDatos/011_2007-07-27.png
12,2007-08-16,2007-08-16,2,"ARIMA,DIF",[770][770],770,1,001,001,/tmp/DatosSerie/Resultados/GraficosConsolidado/GraficosOriginalDatos,/tmp/DatosSerie/SerieOriginal.csv,10,z-global,1,2007-08-06 00:00:00,2007-08-26 00:00:00,770.0,770.0,0.0,770.0,2007-08-16 00:00:00,,,/tmp/DatosSerie/Resultados/GraficosConsolidado/GraficosOriginalDatos/012_2007-08-16.png
13,2008-09-15,2008-09-15,2,"ARIMA,DIF",[974][974],974,1,001,001,/tmp/DatosSerie/Resultados/GraficosConsolidado/GraficosOriginalDatos,/tmp/DatosSerie/SerieOriginal.csv,10,z-global,1,2008-09-05 00:00:00,2008-09-25 00:00:00,974.0,974.0,0.0,974.0,2008-09-15 00:00:00,,,/tmp/DatosSerie/Resultados/GraficosConsolidado/GraficosOriginalDatos/013_2008-09-15.png
14,2008-09-19,2008-09-19,2,"ARIMA,DIF",[927][927],927,1,001,001,/tmp/DatosSerie/Resultados/GraficosConsolidado/GraficosOriginalDatos,/tmp/DatosSerie/SerieOriginal.csv,10,z-global,1,2008-09-09 00:00:00,2008-09-29 00:00:00,927.0,927.0,0.0,927.0,2008-09-19 00:00:00,,,/tmp/DatosSerie/Resultados/GraficosConsolidado/GraficosOriginalDatos/014_2008-09-19.png
15,2008-09-29,2008-09-29,2,"ARIMA,DIF",[1008][1008],1008,1,001,001,/tmp/DatosSerie/Resultados/GraficosConsolidado/GraficosOriginalDatos,/tmp/DatosSerie/SerieOriginal.csv,10,z-global,1,2008-09-19 00:00:00,2008-10-09 00:00:00,1008.0,1008.0,0.0,1008.0,2008-09-29 00:00:00,,,/tmp/DatosSerie/Resultados/GraficosConsolidado/GraficosOriginalDatos/015_2008-09-29.png
16,2008-10-01,2008-10-02,2,"ARIMA,DIF","[1078,1162][1078,1162]","1078,1162",2,001,001,/tmp/DatosSerie/Resultados/GraficosConsolidado/GraficosOriginalDatos,/tmp/DatosSerie/SerieOriginal.csv,10,z-global,2,2008-09-21 00:00:00,2008-10-12 00:00:00,1078.0,1162.0,84.0,1162.0,2008-10-02 00:00:00,1120.0,42.0,/tmp/DatosSerie/Resultados/GraficosConsolidado/GraficosOriginalDatos/016_2008-10-01.png
17,2008-10-09,2008-10-10,2,"ARIMA,DIF","[1431,1509][1431,1509]","1431,1509",2,001,001,/tmp/DatosSerie/Resultados/GraficosConsolidado/GraficosOriginalDatos,/tmp/DatosSerie/SerieOriginal.csv,10,z-global,2,2008-09-29 00:00:00,2008-10-20 00:00:00,1431.0,1509.0,78.0,1509.0,2008-10-10 00:00:00,1470.0,39.0,/tmp/DatosSerie/Resultados/GraficosConsolidado/GraficosOriginalDatos/017_2008-10-09.png
18,2008-10-14,2008-10-17,3,"ARIMA,DIF,TIMEGPT","[1397,1470,1543,1610][1397,1470,1543,1610][1397,1470,1543,1610]","1397,1470,1543,1610",4,001,001,/tmp/DatosSerie/Resultados/GraficosConsolidado/GraficosOriginalDatos,/tmp/DatosSerie/SerieOriginal.csv,10,z-global,4,2008-10-04 00:00:00,2008-10-27 00:00:00,1397.0,1610.0,213.0,1610.0,2008-10-17 00:00:00,1505.0,79.62097713542582,/tmp/DatosSerie/Resultados/GraficosConsolidado/GraficosOriginalDatos/018_2008-10-14.png
19,2008-10-28,2008-10-28,2,"ARIMA,DIF",[3130][3130],3130,1,001,001,/tmp/DatosSerie/Resultados/GraficosConsolidado/GraficosOriginalDatos,/tmp/DatosSerie/SerieOriginal.csv,10,z-global,1,2008-10-18 00:00:00,2008-11-07 00:00:00,3130.0,3130.0,0.0,3130.0,2008-10-28 00:00:00,,,/tmp/DatosSerie/Resultados/GraficosConsolidado/GraficosOriginalDatos/019_2008-10-28.png
20,2008-11-03,2008-11-03,2,"ARIMA,DIF",[3080][3080],3080,1,001,001,/tmp/DatosSerie/Resultados/GraficosConsolidado/GraficosOriginalDatos,/tmp/DatosSerie/SerieOriginal.csv,10,z-global,1,2008-10-24 00:00:00,2008-11-13 00:00:00,3080.0,3080.0,0.0,3080.0,2008-11-03 00:00:00,,,/tmp/DatosSerie/Resultados/GraficosConsolidado/GraficosOriginalDatos/020_2008-11-03.png
21,2008-11-07,2008-11-07,2,"ARIMA,DIF",[2945][2945],2945,1,001,001,/tmp/DatosSerie/Resultados/GraficosConsolidado/GraficosOriginalDatos,/tmp/DatosSerie/SerieOriginal.csv,10,z-global,1,2008-10-28 00:00:00,2008-11-17 00:00:00,2945.0,2945.0,0.0,2945.0,2008-11-07 00:00:00,,,/tmp/DatosSerie/Resultados/GraficosConsolidado/GraficosOriginalDatos/021_2008-11-07.png
22,2008-11-12,2008-11-14,2,"ARIMA,DIF","[3029,4218,4460][3029,4218,4460]","3029,4218,4460",3,001,001,/tmp/DatosSerie/Resultados/GraficosConsolidado/GraficosOriginalDatos,/tmp/DatosSerie/SerieOriginal.csv,10,z-global,3,2008-11-02 00:00:00,2008-11-24 00:00:00,3029.0,4460.0,1431.0,4460.0,2008-11-14 00:00:00,3902.3333333333335,625.3928543101706,/tmp/DatosSerie/Resultados/GraficosConsolidado/GraficosOriginalDatos/022_2008-11-12.png
23,2008-11-21,2008-11-21,2,"ARIMA,DIF",[4280][4280],4280,1,001,001,/tmp/DatosSerie/Resultados/GraficosConsolidado/GraficosOriginalDatos,/tmp/DatosSerie/SerieOriginal.csv,10,z-global,1,2008-11-11 00:00:00,2008-12-01 00:00:00,4280.0,4280.0,0.0,4280.0,2008-11-21 00:00:00,,,/tmp/DatosSerie/Resultados/GraficosConsolidado/GraficosOriginalDatos/023_2008-11-21.png
24,2008-11-24,2008-11-26,2,"ARIMA,DIF","[4213,4039,3575][4213,4039,3575]","3575,4039,4213",3,001,001,/tmp/DatosSerie/Resultados/GraficosConsolidado/GraficosOriginalDatos,/tmp/DatosSerie/SerieOriginal.csv,10,z-global,3,2008-11-14 00:00:00,2008-12-06 00:00:00,3575.0,4213.0,638.0,4213.0,2008-11-26 00:00:00,3942.3333333333335,269.282173358893,/tmp/DatosSerie/Resultados/GraficosConsolidado/GraficosOriginalDatos/024_2008-11-24.png
25,2008-12-02,2008-12-02,2,"ARIMA,DIF",[3481][3481],3481,1,001,001,/tmp/DatosSerie/Resultados/GraficosConsolidado/GraficosOriginalDatos,/tmp/DatosSerie/SerieOriginal.csv,10,z-global,1,2008-11-22 00:00:00,2008-12-12 00:00:00,3481.0,3481.0,0.0,3481.0,2008-12-02 00:00:00,,,/tmp/DatosSerie/Resultados/GraficosConsolidado/GraficosOriginalDatos/025_2008-12-02.png
26,2008-12-04,2008-12-05,2,"ARIMA,DIF","[3558,3490][3558,3490]","3490,3558",2,001,001,/tmp/DatosSerie/Resultados/GraficosConsolidado/GraficosOriginalDatos,/tmp/DatosSerie/SerieOriginal.csv,10,z-global,2,2008-11-24 00:00:00,2008-12-15 00:00:00,3490.0,3558.0,68.0,3558.0,2008-12-05 00:00:00,3524.0,34.0,/tmp/DatosSerie/Resultados/GraficosConsolidado/GraficosOriginalDatos/026_2008-12-04.png
27,2008-12-12,2008-12-12,2,"ARIMA,DIF",[3924][3924],3924,1,001,001,/tmp/DatosSerie/Resultados/GraficosConsolidado/GraficosOriginalDatos,/tmp/DatosSerie/SerieOriginal.csv,10,z-global,1,2008-12-02 00:00:00,2008-12-22 00:00:00,3924.0,3924.0,0.0,3924.0,2008-12-12 00:00:00,,,/tmp/DatosSerie/Resultados/GraficosConsolidado/GraficosOriginalDatos/027_2008-12-12.png
28,2008-12-15,2008-12-16,2,"ARIMA,DIF","[4325,5020][4325,5020]","4325,5020",2,001,001,/tmp/DatosSerie/Resultados/GraficosConsolidado/GraficosOriginalDatos,/tmp/DatosSerie/SerieOriginal.csv,10,z-global,2,2008-12-05 00:00:00,2008-12-26 00:00:00,4325.0,5020.0,695.0,5020.0,2008-12-16 00:00:00,4672.5,347.5,/tmp/DatosSerie/Resultados/GraficosConsolidado/GraficosOriginalDatos/028_2008-12-15.png
29,2008-12-23,2008-12-23,2,"ARIMA,DIF",[4666][4666],4666,1,001,001,/tmp/DatosSerie/Resultados/GraficosConsolidado/GraficosOriginalDatos,/tmp/DatosSerie/SerieOriginal.csv,10,z-global,1,2008-12-13 00:00:00,2009-01-02 00:00:00,4666.0,4666.0,0.0,4666.0,2008-12-23 00:00:00,,,/tmp/DatosSerie/Resultados/GraficosConsolidado/GraficosOriginalDatos/029_2008-12-23.png
30,2008-12-29,2008-12-29,2,"ARIMA,DIF",[4735][4735],4735,1,001,001,/tmp/DatosSerie/Resultados/GraficosConsolidado/GraficosOriginalDatos,/tmp/DatosSerie/SerieOriginal.csv,10,z-global,1,2008-12-19 00:00:00,2009-01-08 00:00:00,4735.0,4735.0,0.0,4735.0,2008-12-29 00:00:00,,,/tmp/DatosSerie/Resultados/GraficosConsolidado/GraficosOriginalDatos/030_2008-12-29.png
31,2009-01-05,2009-01-07,2,"ARIMA,DIF","[4342,4039,3930][4342,4039,3930]","3930,4039,4342",3,001,001,/tmp/DatosSerie/Resultados/GraficosConsolidado/GraficosOriginalDatos,/tmp/DatosSerie/SerieOriginal.csv,10,z-global,3,2008-12-26 00:00:00,2009-01-17 00:00:00,3930.0,4342.0,412.0,4342.0,2009-01-07 00:00:00,4103.666666666667,174.30305664432726,/tmp/DatosSerie/Resultados/GraficosConsolidado/GraficosOriginalDatos/031_2009-01-05.png
32,2009-01-14,2009-01-15,2,"ARIMA,DIF","[3829,3752][3829,3752]","3752,3829",2,001,001,/tmp/DatosSerie/Resultados/GraficosConsolidado/GraficosOriginalDatos,/tmp/DatosSerie/SerieOriginal.csv,10,z-global,2,2009-01-04 00:00:00,2009-01-25 00:00:00,3752.0,3829.0,77.0,3829.0,2009-01-15 00:00:00,3790.5,38.5,/tmp/DatosSerie/Resultados/GraficosConsolidado/GraficosOriginalDatos/032_2009-01-14.png
33,2009-01-27,2009-01-29,2,"ARIMA,DIF","[3861,3747,3835][3861,3747,3835]","3747,3835,3861",3,001,001,/tmp/DatosSerie/Resultados/GraficosConsolidado/GraficosOriginalDatos,/tmp/DatosSerie/SerieOriginal.csv,10,z-global,3,2009-01-17 00:00:00,2009-02-08 00:00:00,3747.0,3861.0,114.0,3861.0,2009-01-29 00:00:00,3814.3333333333335,48.780688346471244,/tmp/DatosSerie/Resultados/GraficosConsolidado/GraficosOriginalDatos/033_2009-01-27.png
34,2009-02-11,2009-02-11,2,"ARIMA,DIF",[3480][3480],3480,1,001,001,/tmp/DatosSerie/Resultados/GraficosConsolidado/GraficosOriginalDatos,/tmp/DatosSerie/SerieOriginal.csv,10,z-global,1,2009-02-01 00:00:00,2009-02-21 00:00:00,3480.0,3480.0,0.0,3480.0,2009-02-11 00:00:00,,,/tmp/DatosSerie/Resultados/GraficosConsolidado/GraficosOriginalDatos/034_2009-02-11.png
35,2009-02-23,2009-02-25,2,"ARIMA,DIF","[3425,3506,3427][3425,3506,3427]","3425,3427,3506",3,001,001,/tmp/DatosSerie/Resultados/GraficosConsolidado/GraficosOriginalDatos,/tmp/DatosSerie/SerieOriginal.csv,10,z-global,3,2009-02-13 00:00:00,2009-03-07 00:00:00,3425.0,3506.0,81.0,3506.0,2009-02-25 00:00:00,3452.6666666666665,37.72119946248911,/tmp/DatosSerie/Resultados/GraficosConsolidado/GraficosOriginalDatos/035_2009-02-23.png
36,2009-03-25,2009-03-25,2,"ARIMA,DIF",[3698][3698],3698,1,001,001,/tmp/DatosSerie/Resultados/GraficosConsolidado/GraficosOriginalDatos,/tmp/DatosSerie/SerieOriginal.csv,10,z-global,1,2009-03-15 00:00:00,2009-04-04 00:00:00,3698.0,3698.0,0.0,3698.0,2009-03-25 00:00:00,,,/tmp/DatosSerie/Resultados/GraficosConsolidado/GraficosOriginalDatos/036_2009-03-25.png
37,2009-03-31,2009-03-31,2,"ARIMA,DIF",[3568][3568],3568,1,001,001,/tmp/DatosSerie/Resultados/GraficosConsolidado/GraficosOriginalDatos,/tmp/DatosSerie/SerieOriginal.csv,10,z-global,1,2009-03-21 00:00:00,2009-04-10 00:00:00,3568.0,3568.0,0.0,3568.0,2009-03-31 00:00:00,,,/tmp/DatosSerie/Resultados/GraficosConsolidado/GraficosOriginalDatos/037_2009-03-31.png
38,2009-04-03,2009-04-03,2,"ARIMA,DIF",[3394][3394],3394,1,001,001,/tmp/DatosSerie/Resultados/GraficosConsolidado/GraficosOriginalDatos,/tmp/DatosSerie/SerieOriginal.csv,10,z-global,1,2009-03-24 00:00:00,2009-04-13 00:00:00,3394.0,3394.0,0.0,3394.0,2009-04-03 00:00:00,,,/tmp/DatosSerie/Resultados/GraficosConsolidado/GraficosOriginalDatos/038_2009-04-03.png
39,2009-05-12,2009-05-12,2,"ARIMA,DIF",[3383][3383],3383,1,001,001,/tmp/DatosSerie/Resultados/GraficosConsolidado/GraficosOriginalDatos,/tmp/DatosSerie/SerieOriginal.csv,10,z-global,1,2009-05-02 00:00:00,2009-05-22 00:00:00,3383.0,3383.0,0.0,3383.0,2009-05-12 00:00:00,,,/tmp/DatosSerie/Resultados/GraficosConsolidado/GraficosOriginalDatos/039_2009-05-12.png
40,2009-05-26,2009-05-27,2,"ARIMA,DIF","[3210,3051][3210,3051]","3051,3210",2,001,001,/tmp/DatosSerie/Resultados/GraficosConsolidado/GraficosOriginalDatos,/tmp/DatosSerie/SerieOriginal.csv,10,z-global,2,2009-05-16 00:00:00,2009-06-06 00:00:00,3051.0,3210.0,159.0,3210.0,2009-05-27 00:00:00,3130.5,79.5,/tmp/DatosSerie/Resultados/GraficosConsolidado/GraficosOriginalDatos/040_2009-05-26.png
41,2009-06-12,2009-06-12,2,"ARIMA,DIF",[2704][2704],2704,1,001,001,/tmp/DatosSerie/Resultados/GraficosConsolidado/GraficosOriginalDatos,/tmp/DatosSerie/SerieOriginal.csv,10,z-global,1,2009-06-02 00:00:00,2009-06-22 00:00:00,2704.0,2704.0,0.0,2704.0,2009-06-12 00:00:00,,,/tmp/DatosSerie/Resultados/GraficosConsolidado/GraficosOriginalDatos/041_2009-06-12.png
42,2009-07-23,2009-07-23,2,"ARIMA,DIF",[1226][1226],1226,1,001,001,/tmp/DatosSerie/Resultados/GraficosConsolidado/GraficosOriginalDatos,/tmp/DatosSerie/SerieOriginal.csv,10,z-global,1,2009-07-13 00:00:00,2009-08-02 00:00:00,1226.0,1226.0,0.0,1226.0,2009-07-23 00:00:00,,,/tmp/DatosSerie/Resultados/GraficosConsolidado/GraficosOriginalDatos/042_2009-07-23.png
43,2009-10-05,2009-10-05,2,"ARIMA,DIF",[883][883],883,1,001,001,/tmp/DatosSerie/Resultados/GraficosConsolidado/GraficosOriginalDatos,/tmp/DatosSerie/SerieOriginal.csv,10,z-global,1,2009-09-25 00:00:00,2009-10-15 00:00:00,883.0,883.0,0.0,883.0,2009-10-05 00:00:00,,,/tmp/DatosSerie/Resultados/GraficosConsolidado/GraficosOriginalDatos/043_2009-10-05.png
44,2010-08-17,2010-08-17,2,"ARIMA,DIF",[1002][1002],1002,1,001,001,/tmp/DatosSerie/Resultados/GraficosConsolidado/GraficosOriginalDatos,/tmp/DatosSerie/SerieOriginal.csv,10,z-global,1,2010-08-07 00:00:00,2010-08-27 00:00:00,1002.0,1002.0,0.0,1002.0,2010-08-17 00:00:00,,,/tmp/DatosSerie/Resultados/GraficosConsolidado/GraficosOriginalDatos/044_2010-08-17.png
45,2010-09-30,2010-10-01,2,"ARIMA,DIF","[1226,1010][1226,1010]","1010,1226",2,001,001,/tmp/DatosSerie/Resultados/GraficosConsolidado/GraficosOriginalDatos,/tmp/DatosSerie/SerieOriginal.csv,10,z-global,2,2010-09-20 00:00:00,2010-10-11 00:00:00,1010.0,1226.0,216.0,1226.0,2010-10-01 00:00:00,1118.0,108.0,/tmp/DatosSerie/Resultados/GraficosConsolidado/GraficosOriginalDatos/045_2010-09-30.png
46,2011-01-18,2011-01-18,2,"ARIMA,DIF",[839][839],839,1,001,001,/tmp/DatosSerie/Resultados/GraficosConsolidado/GraficosOriginalDatos,/tmp/DatosSerie/SerieOriginal.csv,10,z-global,1,2011-01-08 00:00:00,2011-01-28 00:00:00,839.0,839.0,0.0,839.0,2011-01-18 00:00:00,,,/tmp/DatosSerie/Resultados/GraficosConsolidado/GraficosOriginalDatos/046_2011-01-18.png
47,2011-08-09,2011-08-09,2,"ARIMA,DIF",[872][872],872,1,001,001,/tmp/DatosSerie/Resultados/GraficosConsolidado/GraficosOriginalDatos,/tmp/DatosSerie/SerieOriginal.csv,10,z-global,1,2011-07-30 00:00:00,2011-08-19 00:00:00,872.0,872.0,0.0,872.0,2011-08-09 00:00:00,,,/tmp/DatosSerie/Resultados/GraficosConsolidado/GraficosOriginalDatos/047_2011-08-09.png
48,2012-01-03,2012-01-03,2,"ARIMA,DIF",[790][790],790,1,001,001,/tmp/DatosSerie/Resultados/GraficosConsolidado/GraficosOriginalDatos,/tmp/DatosSerie/SerieOriginal.csv,10,z-global,1,2011-12-24 00:00:00,2012-01-13 00:00:00,790.0,790.0,0.0,790.0,2012-01-03 00:00:00,,,/tmp/DatosSerie/Resultados/GraficosConsolidado/GraficosOriginalDatos/048_2012-01-03.png
49,2012-06-05,2012-06-05,2,"ARIMA,DIF",[881][881],881,1,001,001,/tmp/DatosSerie/Resultados/GraficosConsolidado/GraficosOriginalDatos,/tmp/DatosSerie/SerieOriginal.csv,10,z-global,1,2012-05-26 00:00:00,2012-06-15 00:00:00,881.0,881.0,0.0,881.0,2012-06-05 00:00:00,,,/tmp/DatosSerie/Resultados/GraficosConsolidado/GraficosOriginalDatos/049_2012-06-05.png
50,2013-01-02,2013-01-02,2,"ARIMA,DIF",[767][767],767,1,001,001,/tmp/DatosSerie/Resultados/GraficosConsolidado/GraficosOriginalDatos,/tmp/DatosSerie/SerieOriginal.csv,10,z-global,1,2012-12-23 00:00:00,2013-01-12 00:00:00,767.0,767.0,0.0,767.0,2013-01-02 00:00:00,,,/tmp/DatosSerie/Resultados/GraficosConsolidado/GraficosOriginalDatos/050_2013-01-02.png
51,2013-10-18,2013-10-18,2,"ARIMA,DIF",[503][503],503,1,001,001,/tmp/DatosSerie/Resultados/GraficosConsolidado/GraficosOriginalDatos,/tmp/DatosSerie/SerieOriginal.csv,10,z-global,1,2013-10-08 00:00:00,2013-10-28 00:00:00,503.0,503.0,0.0,503.0,2013-10-18 00:00:00,,,/tmp/DatosSerie/Resultados/GraficosConsolidado/GraficosOriginalDatos/051_2013-10-18.png
52,2014-09-05,2014-09-05,2,"ARIMA,DIF",[289][289],289,1,001,001,/tmp/DatosSerie/Resultados/GraficosConsolidado/GraficosOriginalDatos,/tmp/DatosSerie/SerieOriginal.csv,10,z-global,1,2014-08-26 00:00:00,2014-09-15 00:00:00,289.0,289.0,0.0,289.0,2014-09-05 00:00:00,,,/tmp/DatosSerie/Resultados/GraficosConsolidado/GraficosOriginalDatos/052_2014-09-05.png
53,2014-09-08,2014-09-08,2,"ARIMA,DIF",[385][385],385,1,001,001,/tmp/DatosSerie/Resultados/GraficosConsolidado/GraficosOriginalDatos,/tmp/DatosSerie/SerieOriginal.csv,10,z-global,1,2014-08-29 00:00:00,2014-09-18 00:00:00,385.0,385.0,0.0,385.0,2014-09-08 00:00:00,,,/tmp/DatosSerie/Resultados/GraficosConsolidado/GraficosOriginalDatos/053_2014-09-08.png
54,2014-11-04,2014-11-04,2,"ARIMA,DIF",[546][546],546,1,001,001,/tmp/DatosSerie/Resultados/GraficosConsolidado/GraficosOriginalDatos,/tmp/DatosSerie/SerieOriginal.csv,10,z-global,1,2014-10-25 00:00:00,2014-11-14 00:00:00,546.0,546.0,0.0,546.0,2014-11-04 00:00:00,,,/tmp/DatosSerie/Resultados/GraficosConsolidado/GraficosOriginalDatos/054_2014-11-04.png
55,2014-11-06,2014-11-07,2,"ARIMA,DIF","[678,586][678,586]","586,678",2,001,001,/tmp/DatosSerie/Resultados/GraficosConsolidado/GraficosOriginalDatos,/tmp/DatosSerie/SerieOriginal.csv,10,z-global,2,2014-10-27 00:00:00,2014-11-17 00:00:00,586.0,678.0,92.0,678.0,2014-11-07 00:00:00,632.0,46.0,/tmp/DatosSerie/Resultados/GraficosConsolidado/GraficosOriginalDatos/055_2014-11-06.png
56,2014-12-01,2014-12-01,2,"ARIMA,DIF",[607][607],607,1,001,001,/tmp/DatosSerie/Resultados/GraficosConsolidado/GraficosOriginalDatos,/tmp/DatosSerie/SerieOriginal.csv,10,z-global,1,2014-11-21 00:00:00,2014-12-11 00:00:00,607.0,607.0,0.0,607.0,2014-12-01 00:00:00,,,/tmp/DatosSerie/Resultados/GraficosConsolidado/GraficosOriginalDatos/056_2014-12-01.png
57,2014-12-15,2014-12-18,2,"ARIMA,DIF","[1010,1111,1017,924][1010,1111,1017,924]","924,1010,1017,1111",4,001,001,/tmp/DatosSerie/Resultados/GraficosConsolidado/GraficosOriginalDatos,/tmp/DatosSerie/SerieOriginal.csv,10,z-global,4,2014-12-05 00:00:00,2014-12-28 00:00:00,924.0,1111.0,187.0,1111.0,2014-12-18 00:00:00,1015.5,66.19101147436864,/tmp/DatosSerie/Resultados/GraficosConsolidado/GraficosOriginalDatos/057_2014-12-15.png
58,2015-01-05,2015-01-05,2,"ARIMA,DIF",[994][994],994,1,001,001,/tmp/DatosSerie/Resultados/GraficosConsolidado/GraficosOriginalDatos,/tmp/DatosSerie/SerieOriginal.csv,10,z-global,1,2014-12-26 00:00:00,2015-01-15 00:00:00,994.0,994.0,0.0,994.0,2015-01-05 00:00:00,,,/tmp/DatosSerie/Resultados/GraficosConsolidado/GraficosOriginalDatos/058_2015-01-05.png
59,2015-02-03,2015-02-03,2,"ARIMA,DIF",[782][782],782,1,001,001,/tmp/DatosSerie/Resultados/GraficosConsolidado/GraficosOriginalDatos,/tmp/DatosSerie/SerieOriginal.csv,10,z-global,1,2015-01-24 00:00:00,2015-02-13 00:00:00,782.0,782.0,0.0,782.0,2015-02-03 00:00:00,,,/tmp/DatosSerie/Resultados/GraficosConsolidado/GraficosOriginalDatos/059_2015-02-03.png
60,2015-07-06,2015-07-06,2,"ARIMA,DIF",[896][896],896,1,001,001,/tmp/DatosSerie/Resultados/GraficosConsolidado/GraficosOriginalDatos,/tmp/DatosSerie/SerieOriginal.csv,10,z-global,1,2015-06-26 00:00:00,2015-07-16 00:00:00,896.0,896.0,0.0,896.0,2015-07-06 00:00:00,,,/tmp/DatosSerie/Resultados/GraficosConsolidado/GraficosOriginalDatos/060_2015-07-06.png
61,2015-08-24,2015-08-24,2,"ARIMA,DIF",[1336][1336],1336,1,001,001,/tmp/DatosSerie/Resultados/GraficosConsolidado/GraficosOriginalDatos,/tmp/DatosSerie/SerieOriginal.csv,10,z-global,1,2015-08-14 00:00:00,2015-09-03 00:00:00,1336.0,1336.0,0.0,1336.0,2015-08-24 00:00:00,,,/tmp/DatosSerie/Resultados/GraficosConsolidado/GraficosOriginalDatos/061_2015-08-24.png
62,2016-01-12,2016-01-12,2,"ARIMA,DIF",[1574][1574],1574,1,001,001,/tmp/DatosSerie/Resultados/GraficosConsolidado/GraficosOriginalDatos,/tmp/DatosSerie/SerieOriginal.csv,10,z-global,1,2016-01-02 00:00:00,2016-01-22 00:00:00,1574.0,1574.0,0.0,1574.0,2016-01-12 00:00:00,,,/tmp/DatosSerie/Resultados/GraficosConsolidado/GraficosOriginalDatos/062_2016-01-12.png
63,2016-01-21,2016-01-22,2,"ARIMA,DIF","[1639,1570][1639,1570]","1570,1639",2,001,001,/tmp/DatosSerie/Resultados/GraficosConsolidado/GraficosOriginalDatos,/tmp/DatosSerie/SerieOriginal.csv,10,z-global,2,2016-01-11 00:00:00,2016-02-01 00:00:00,1570.0,1639.0,69.0,1639.0,2016-01-22 00:00:00,1604.5,34.5,/tmp/DatosSerie/Resultados/GraficosConsolidado/GraficosOriginalDatos/063_2016-01-21.png
64,2016-01-28,2016-01-28,2,"ARIMA,DIF",[1490][1490],1490,1,001,001,/tmp/DatosSerie/Resultados/GraficosConsolidado/GraficosOriginalDatos,/tmp/DatosSerie/SerieOriginal.csv,10,z-global,1,2016-01-18 00:00:00,2016-02-07 00:00:00,1490.0,1490.0,0.0,1490.0,2016-01-28 00:00:00,,,/tmp/DatosSerie/Resultados/GraficosConsolidado/GraficosOriginalDatos/064_2016-01-28.png
65,2016-02-17,2016-02-17,2,"ARIMA,DIF",[1583][1583],1583,1,001,001,/tmp/DatosSerie/Resultados/GraficosConsolidado/GraficosOriginalDatos,/tmp/DatosSerie/SerieOriginal.csv,10,z-global,1,2016-02-07 00:00:00,2016-02-27 00:00:00,1583.0,1583.0,0.0,1583.0,2016-02-17 00:00:00,,,/tmp/DatosSerie/Resultados/GraficosConsolidado/GraficosOriginalDatos/065_2016-02-17.png
66,2016-02-22,2016-02-22,2,"ARIMA,DIF",[1483][1483],1483,1,001,001,/tmp/DatosSerie/Resultados/GraficosConsolidado/GraficosOriginalDatos,/tmp/DatosSerie/SerieOriginal.csv,10,z-global,1,2016-02-12 00:00:00,2016-03-03 00:00:00,1483.0,1483.0,0.0,1483.0,2016-02-22 00:00:00,,,/tmp/DatosSerie/Resultados/GraficosConsolidado/GraficosOriginalDatos/066_2016-02-22.png
67,2016-03-16,2016-03-16,2,"ARIMA,DIF",[1138][1138],1138,1,001,001,/tmp/DatosSerie/Resultados/GraficosConsolidado/GraficosOriginalDatos,/tmp/DatosSerie/SerieOriginal.csv,10,z-global,1,2016-03-06 00:00:00,2016-03-26 00:00:00,1138.0,1138.0,0.0,1138.0,2016-03-16 00:00:00,,,/tmp/DatosSerie/Resultados/GraficosConsolidado/GraficosOriginalDatos/067_2016-03-16.png
68,2016-03-18,2016-03-18,2,"ARIMA,DIF",[996][996],996,1,001,001,/tmp/DatosSerie/Resultados/GraficosConsolidado/GraficosOriginalDatos,/tmp/DatosSerie/SerieOriginal.csv,10,z-global,1,2016-03-08 00:00:00,2016-03-28 00:00:00,996.0,996.0,0.0,996.0,2016-03-18 00:00:00,,,/tmp/DatosSerie/Resultados/GraficosConsolidado/GraficosOriginalDatos/068_2016-03-18.png
69,2016-03-31,2016-03-31,2,"ARIMA,DIF",[1058][1058],1058,1,001,001,/tmp/DatosSerie/Resultados/GraficosConsolidado/GraficosOriginalDatos,/tmp/DatosSerie/SerieOriginal.csv,10,z-global,1,2016-03-21 00:00:00,2016-04-10 00:00:00,1058.0,1058.0,0.0,1058.0,2016-03-31 00:00:00,,,/tmp/DatosSerie/Resultados/GraficosConsolidado/GraficosOriginalDatos/069_2016-03-31.png
70,2016-04-28,2016-04-28,2,"ARIMA,DIF",[959][959],959,1,001,001,/tmp/DatosSerie/Resultados/GraficosConsolidado/GraficosOriginalDatos,/tmp/DatosSerie/SerieOriginal.csv,10,z-global,1,2016-04-18 00:00:00,2016-05-08 00:00:00,959.0,959.0,0.0,959.0,2016-04-28 00:00:00,,,/tmp/DatosSerie/Resultados/GraficosConsolidado/GraficosOriginalDatos/070_2016-04-28.png
71,2016-11-14,2016-11-15,2,"ARIMA,DIF","[849,783][849,783]","783,849",2,001,001,/tmp/DatosSerie/Resultados/GraficosConsolidado/GraficosOriginalDatos,/tmp/DatosSerie/SerieOriginal.csv,10,z-global,2,2016-11-04 00:00:00,2016-11-25 00:00:00,783.0,849.0,66.0,849.0,2016-11-15 00:00:00,816.0,33.0,/tmp/DatosSerie/Resultados/GraficosConsolidado/GraficosOriginalDatos/071_2016-11-14.png
72,2018-11-28,2018-11-28,2,"ARIMA,DIF",[760][760],760,1,001,001,/tmp/DatosSerie/Resultados/GraficosConsolidado/GraficosOriginalDatos,/tmp/DatosSerie/SerieOriginal.csv,10,z-global,1,2018-11-18 00:00:00,2018-12-08 00:00:00,760.0,760.0,0.0,760.0,2018-11-28 00:00:00,,,/tmp/DatosSerie/Resultados/GraficosConsolidado/GraficosOriginalDatos/072_2018-11-28.png
73,2019-08-05,2019-08-05,2,"ARIMA,DIF",[717][717],717,1,001,001,/tmp/DatosSerie/Resultados/GraficosConsolidado/GraficosOriginalDatos,/tmp/DatosSerie/SerieOriginal.csv,10,z-global,1,2019-07-26 00:00:00,2019-08-15 00:00:00,717.0,717.0,0.0,717.0,2019-08-05 00:00:00,,,/tmp/DatosSerie/Resultados/GraficosConsolidado/GraficosOriginalDatos/073_2019-08-05.png
74,2019-10-08,2019-10-08,2,"ARIMA,DIF",[777][777],777,1,001,001,/tmp/DatosSerie/Resultados/GraficosConsolidado/GraficosOriginalDatos,/tmp/DatosSerie/SerieOriginal.csv,10,z-global,1,2019-09-28 00:00:00,2019-10-18 00:00:00,777.0,777.0,0.0,777.0,2019-10-08 00:00:00,,,/tmp/DatosSerie/Resultados/GraficosConsolidado/GraficosOriginalDatos/074_2019-10-08.png
75,2019-10-15,2019-10-15,2,"ARIMA,DIF",[800][800],800,1,001,001,/tmp/DatosSerie/Resultados/GraficosConsolidado/GraficosOriginalDatos,/tmp/DatosSerie/SerieOriginal.csv,10,z-global,1,2019-10-05 00:00:00,2019-10-25 00:00:00,800.0,800.0,0.0,800.0,2019-10-15 00:00:00,,,/tmp/DatosSerie/Resultados/GraficosConsolidado/GraficosOriginalDatos/075_2019-10-15.png
76,2019-11-26,2019-11-26,2,"ARIMA,DIF",[1114][1114],1114,1,001,001,/tmp/DatosSerie/Resultados/GraficosConsolidado/GraficosOriginalDatos,/tmp/DatosSerie/SerieOriginal.csv,10,z-global,1,2019-11-16 00:00:00,2019-12-06 00:00:00,1114.0,1114.0,0.0,1114.0,2019-11-26 00:00:00,,,/tmp/DatosSerie/Resultados/GraficosConsolidado/GraficosOriginalDatos/076_2019-11-26.png
77,2020-02-04,2020-02-05,2,"ARIMA,DIF","[1096,1040][1096,1040]","1040,1096",2,001,001,/tmp/DatosSerie/Resultados/GraficosConsolidado/GraficosOriginalDatos,/tmp/DatosSerie/SerieOriginal.csv,10,z-global,2,2020-01-25 00:00:00,2020-02-15 00:00:00,1040.0,1096.0,56.0,1096.0,2020-02-05 00:00:00,1068.0,28.0,/tmp/DatosSerie/Resultados/GraficosConsolidado/GraficosOriginalDatos/077_2020-02-04.png
78,2020-02-07,2020-02-07,2,"ARIMA,DIF",[1108][1108],1108,1,001,001,/tmp/DatosSerie/Resultados/GraficosConsolidado/GraficosOriginalDatos,/tmp/DatosSerie/SerieOriginal.csv,10,z-global,1,2020-01-28 00:00:00,2020-02-17 00:00:00,1108.0,1108.0,0.0,1108.0,2020-02-07 00:00:00,,,/tmp/DatosSerie/Resultados/GraficosConsolidado/GraficosOriginalDatos/078_2020-02-07.png
79,2020-02-25,2020-02-25,2,"ARIMA,DIF",[1404][1404],1404,1,001,001,/tmp/DatosSerie/Resultados/GraficosConsolidado/GraficosOriginalDatos,/tmp/DatosSerie/SerieOriginal.csv,10,z-global,1,2020-02-15 00:00:00,2020-03-06 00:00:00,1404.0,1404.0,0.0,1404.0,2020-02-25 00:00:00,,,/tmp/DatosSerie/Resultados/GraficosConsolidado/GraficosOriginalDatos/079_2020-02-25.png
80,2020-02-27,2020-02-27,2,"ARIMA,DIF",[1455][1455],1455,1,001,001,/tmp/DatosSerie/Resultados/GraficosConsolidado/GraficosOriginalDatos,/tmp/DatosSerie/SerieOriginal.csv,10,z-global,1,2020-02-17 00:00:00,2020-03-08 00:00:00,1455.0,1455.0,0.0,1455.0,2020-02-27 00:00:00,,,/tmp/DatosSerie/Resultados/GraficosConsolidado/GraficosOriginalDatos/080_2020-02-27.png
81,2020-03-20,2020-03-24,2,"ARIMA,DIF","[3648,4453,5258,6063,5245][3648,4453,5258,6063,5245]","3648,4453,5245,5258,6063",5,001,001,/tmp/DatosSerie/Resultados/GraficosConsolidado/GraficosOriginalDatos,/tmp/DatosSerie/SerieOriginal.csv,10,z-global,5,2020-03-10 00:00:00,2020-04-03 00:00:00,3648.0,6063.0,2415.0,6063.0,2020-03-24 00:00:00,4933.4,819.9381927926031,/tmp/DatosSerie/Resultados/GraficosConsolidado/GraficosOriginalDatos/081_2020-03-20.png
82,2020-03-30,2020-04-03,2,"ARIMA,DIF","[5376,4553,4783,4567,4439][5376,4553,4783,4567,4439]","4439,4553,4567,4783,5376",5,001,001,/tmp/DatosSerie/Resultados/GraficosConsolidado/GraficosOriginalDatos,/tmp/DatosSerie/SerieOriginal.csv,10,z-global,5,2020-03-20 00:00:00,2020-04-13 00:00:00,4439.0,5376.0,937.0,5376.0,2020-04-03 00:00:00,4743.6,335.1952266963239,/tmp/DatosSerie/Resultados/GraficosConsolidado/GraficosOriginalDatos/082_2020-03-30.png
83,2020-04-08,2020-04-09,2,"ARIMA,DIF","[4841,4696][4841,4696]","4696,4841",2,001,001,/tmp/DatosSerie/Resultados/GraficosConsolidado/GraficosOriginalDatos,/tmp/DatosSerie/SerieOriginal.csv,10,z-global,2,2020-03-29 00:00:00,2020-04-19 00:00:00,4696.0,4841.0,145.0,4841.0,2020-04-09 00:00:00,4768.5,72.5,/tmp/DatosSerie/Resultados/GraficosConsolidado/GraficosOriginalDatos/083_2020-04-08.png
84,2020-04-20,2020-04-23,2,"ARIMA,DIF","[5619,5782,5584,5527][5619,5782,5584,5527]","5527,5584,5619,5782",4,001,001,/tmp/DatosSerie/Resultados/GraficosConsolidado/GraficosOriginalDatos,/tmp/DatosSerie/SerieOriginal.csv,10,z-global,4,2020-04-10 00:00:00,2020-05-03 00:00:00,5527.0,5782.0,255.0,5782.0,2020-04-23 00:00:00,5628.0,94.78132727494378,/tmp/DatosSerie/Resultados/GraficosConsolidado/GraficosOriginalDatos/084_2020-04-20.png
85,2020-04-28,2020-05-01,2,"ARIMA,DIF","[5617,4985,5129,4945][5617,4985,5129,4945]","4945,4985,5129,5617",4,001,001,/tmp/DatosSerie/Resultados/GraficosConsolidado/GraficosOriginalDatos,/tmp/DatosSerie/SerieOriginal.csv,10,z-global,4,2020-04-18 00:00:00,2020-05-11 00:00:00,4945.0,5617.0,672.0,5617.0,2020-05-01 00:00:00,5169.0,267.5518641310503,/tmp/DatosSerie/Resultados/GraficosConsolidado/GraficosOriginalDatos/085_2020-04-28.png
86,2020-05-04,2020-05-08,2,"ARIMA,DIF","[4791,4514,4637,4528,4385][4791,4514,4637,4528,4385]","4385,4514,4528,4637,4791",5,001,001,/tmp/DatosSerie/Resultados/GraficosConsolidado/GraficosOriginalDatos,/tmp/DatosSerie/SerieOriginal.csv,10,z-global,5,2020-04-24 00:00:00,2020-05-18 00:00:00,4385.0,4791.0,406.0,4791.0,2020-05-08 00:00:00,4571.0,135.9779393872403,/tmp/DatosSerie/Resultados/GraficosConsolidado/GraficosOriginalDatos/086_2020-05-04.png
87,2020-05-11,2020-05-11,2,"ARIMA,DIF",[4287][4287],4287,1,001,001,/tmp/DatosSerie/Resultados/GraficosConsolidado/GraficosOriginalDatos,/tmp/DatosSerie/SerieOriginal.csv,10,z-global,1,2020-05-01 00:00:00,2020-05-21 00:00:00,4287.0,4287.0,0.0,4287.0,2020-05-11 00:00:00,,,/tmp/DatosSerie/Resultados/GraficosConsolidado/GraficosOriginalDatos/087_2020-05-11.png
88,2020-05-13,2020-05-15,2,"ARIMA,DIF","[4411,4518,4300][4411,4518,4300]","4300,4411,4518",3,001,001,/tmp/DatosSerie/Resultados/GraficosConsolidado/GraficosOriginalDatos,/tmp/DatosSerie/SerieOriginal.csv,10,z-global,3,2020-05-03 00:00:00,2020-05-25 00:00:00,4300.0,4518.0,218.0,4518.0,2020-05-15 00:00:00,4409.666666666667,89.00312104390248,/tmp/DatosSerie/Resultados/GraficosConsolidado/GraficosOriginalDatos/088_2020-05-13.png
89,2020-05-18,2020-05-18,2,"ARIMA,DIF",[4193][4193],4193,1,001,001,/tmp/DatosSerie/Resultados/GraficosConsolidado/GraficosOriginalDatos,/tmp/DatosSerie/SerieOriginal.csv,10,z-global,1,2020-05-08 00:00:00,2020-05-28 00:00:00,4193.0,4193.0,0.0,4193.0,2020-05-18 00:00:00,,,/tmp/DatosSerie/Resultados/GraficosConsolidado/GraficosOriginalDatos/089_2020-05-18.png
90,2020-05-26,2020-05-26,2,"ARIMA,DIF",[3891][3891],3891,1,001,001,/tmp/DatosSerie/Resultados/GraficosConsolidado/GraficosOriginalDatos,/tmp/DatosSerie/SerieOriginal.csv,10,z-global,1,2020-05-16 00:00:00,2020-06-05 00:00:00,3891.0,3891.0,0.0,3891.0,2020-05-26 00:00:00,,,/tmp/DatosSerie/Resultados/GraficosConsolidado/GraficosOriginalDatos/090_2020-05-26.png
91,2020-06-01,2020-06-05,2,"ARIMA,DIF","[3605,3431,3182,3260,3062][3605,3431,3182,3260,3062]","3062,3182,3260,3431,3605",5,001,001,/tmp/DatosSerie/Resultados/GraficosConsolidado/GraficosOriginalDatos,/tmp/DatosSerie/SerieOriginal.csv,10,z-global,5,2020-05-22 00:00:00,2020-06-15 00:00:00,3062.0,3605.0,543.0,3605.0,2020-06-05 00:00:00,3308.0,190.80566029339906,/tmp/DatosSerie/Resultados/GraficosConsolidado/GraficosOriginalDatos/091_2020-06-01.png
92,2020-06-24,2020-06-26,2,"ARIMA,DIF","[3250,3311,3390][3250,3311,3390]","3250,3311,3390",3,001,001,/tmp/DatosSerie/Resultados/GraficosConsolidado/GraficosOriginalDatos,/tmp/DatosSerie/SerieOriginal.csv,10,z-global,3,2020-06-14 00:00:00,2020-07-06 00:00:00,3250.0,3390.0,140.0,3390.0,2020-06-26 00:00:00,3317.0,57.312011539176204,/tmp/DatosSerie/Resultados/GraficosConsolidado/GraficosOriginalDatos/092_2020-06-24.png
93,2020-07-01,2020-07-01,2,"ARIMA,DIF",[3278][3278],3278,1,001,001,/tmp/DatosSerie/Resultados/GraficosConsolidado/GraficosOriginalDatos,/tmp/DatosSerie/SerieOriginal.csv,10,z-global,1,2020-06-21 00:00:00,2020-07-11 00:00:00,3278.0,3278.0,0.0,3278.0,2020-07-01 00:00:00,,,/tmp/DatosSerie/Resultados/GraficosConsolidado/GraficosOriginalDatos/093_2020-07-01.png
94,2020-07-06,2020-07-06,2,"ARIMA,DIF",[2783][2783],2783,1,001,001,/tmp/DatosSerie/Resultados/GraficosConsolidado/GraficosOriginalDatos,/tmp/DatosSerie/SerieOriginal.csv,10,z-global,1,2020-06-26 00:00:00,2020-07-16 00:00:00,2783.0,2783.0,0.0,2783.0,2020-07-06 00:00:00,,,/tmp/DatosSerie/Resultados/GraficosConsolidado/GraficosOriginalDatos/094_2020-07-06.png
95,2020-07-08,2020-07-09,2,"ARIMA,DIF","[2818,2874][2818,2874]","2818,2874",2,001,001,/tmp/DatosSerie/Resultados/GraficosConsolidado/GraficosOriginalDatos,/tmp/DatosSerie/SerieOriginal.csv,10,z-global,2,2020-06-28 00:00:00,2020-07-19 00:00:00,2818.0,2874.0,56.0,2874.0,2020-07-09 00:00:00,2846.0,28.0,/tmp/DatosSerie/Resultados/GraficosConsolidado/GraficosOriginalDatos/095_2020-07-08.png
96,2020-07-13,2020-07-13,2,"ARIMA,DIF",[2760][2760],2760,1,001,001,/tmp/DatosSerie/Resultados/GraficosConsolidado/GraficosOriginalDatos,/tmp/DatosSerie/SerieOriginal.csv,10,z-global,1,2020-07-03 00:00:00,2020-07-23 00:00:00,2760.0,2760.0,0.0,2760.0,2020-07-13 00:00:00,,,/tmp/DatosSerie/Resultados/GraficosConsolidado/GraficosOriginalDatos/096_2020-07-13.png
97,2020-07-30,2020-07-31,2,"ARIMA,DIF","[2954,2755][2954,2755]","2755,2954",2,001,001,/tmp/DatosSerie/Resultados/GraficosConsolidado/GraficosOriginalDatos,/tmp/DatosSerie/SerieOriginal.csv,10,z-global,2,2020-07-20 00:00:00,2020-08-10 00:00:00,2755.0,2954.0,199.0,2954.0,2020-07-31 00:00:00,2854.5,99.5,/tmp/DatosSerie/Resultados/GraficosConsolidado/GraficosOriginalDatos/097_2020-07-30.png
98,2020-09-04,2020-09-04,2,"ARIMA,DIF",[2468][2468],2468,1,001,001,/tmp/DatosSerie/Resultados/GraficosConsolidado/GraficosOriginalDatos,/tmp/DatosSerie/SerieOriginal.csv,10,z-global,1,2020-08-25 00:00:00,2020-09-14 00:00:00,2468.0,2468.0,0.0,2468.0,2020-09-04 00:00:00,,,/tmp/DatosSerie/Resultados/GraficosConsolidado/GraficosOriginalDatos/098_2020-09-04.png
99,2021-02-05,2021-02-05,2,"ARIMA,DIF",[1091][1091],1091,1,001,001,/tmp/DatosSerie/Resultados/GraficosConsolidado/GraficosOriginalDatos,/tmp/DatosSerie/SerieOriginal.csv,10,z-global,1,2021-01-26 00:00:00,2021-02-15 00:00:00,1091.0,1091.0,0.0,1091.0,2021-02-05 00:00:00,,,/tmp/DatosSerie/Resultados/GraficosConsolidado/GraficosOriginalDatos/099_2021-02-05.png
100,2021-02-08,2021-02-09,2,"ARIMA,DIF","[1190,1263][1190,1263]","1190,1263",2,001,001,/tmp/DatosSerie/Resultados/GraficosConsolidado/GraficosOriginalDatos,/tmp/DatosSerie/SerieOriginal.csv,10,z-global,2,2021-01-29 00:00:00,2021-02-19 00:00:00,1190.0,1263.0,73.0,1263.0,2021-02-09 00:00:00,1226.5,36.5,/tmp/DatosSerie/Resultados/GraficosConsolidado/GraficosOriginalDatos/100_2021-02-08.png
101,2021-04-12,2021-04-12,2,"ARIMA,DIF",[824][824],824,1,001,001,/tmp/DatosSerie/Resultados/GraficosConsolidado/GraficosOriginalDatos,/tmp/DatosSerie/SerieOriginal.csv,10,z-global,1,2021-04-02 00:00:00,2021-04-22 00:00:00,824.0,824.0,0.0,824.0,2021-04-12 00:00:00,,,/tmp/DatosSerie/Resultados/GraficosConsolidado/GraficosOriginalDatos/101_2021-04-12.png
102,2021-11-26,2021-11-26,2,"ARIMA,DIF",[880][880],880,1,001,001,/tmp/DatosSerie/Resultados/GraficosConsolidado/GraficosOriginalDatos,/tmp/DatosSerie/SerieOriginal.csv,10,z-global,1,2021-11-16 00:00:00,2021-12-06 00:00:00,880.0,880.0,0.0,880.0,2021-11-26 00:00:00,,,/tmp/DatosSerie/Resultados/GraficosConsolidado/GraficosOriginalDatos/102_2021-11-26.png
103,2022-03-04,2022-03-04,2,"ARIMA,DIF",[856][856],856,1,001,001,/tmp/DatosSerie/Resultados/GraficosConsolidado/GraficosOriginalDatos,/tmp/DatosSerie/SerieOriginal.csv,10,z-global,1,2022-02-22 00:00:00,2022-03-14 00:00:00,856.0,856.0,0.0,856.0,2022-03-04 00:00:00,,,/tmp/DatosSerie/Resultados/GraficosConsolidado/GraficosOriginalDatos/103_2022-03-04.png
104,2022-03-09,2022-03-09,2,"ARIMA,DIF",[824][824],824,1,001,001,/tmp/DatosSerie/Resultados/GraficosConsolidado/GraficosOriginalDatos,/tmp/DatosSerie/SerieOriginal.csv,10,z-global,1,2022-02-27 00:00:00,2022-03-19 00:00:00,824.0,824.0,0.0,824.0,2022-03-09 00:00:00,,,/tmp/DatosSerie/Resultados/GraficosConsolidado/GraficosOriginalDatos/104_2022-03-09.png
105,2022-06-16,2022-06-16,2,"ARIMA,DIF",[1010][1010],1010,1,001,001,/tmp/DatosSerie/Resultados/GraficosConsolidado/GraficosOriginalDatos,/tmp/DatosSerie/SerieOriginal.csv,10,z-global,1,2022-06-06 00:00:00,2022-06-26 00:00:00,1010.0,1010.0,0.0,1010.0,2022-06-16 00:00:00,,,/tmp/DatosSerie/Resultados/GraficosConsolidado/GraficosOriginalDatos/105_2022-06-16.png
106,2022-06-22,2022-06-22,2,"ARIMA,DIF",[1139][1139],1139,1,001,001,/tmp/DatosSerie/Resultados/GraficosConsolidado/GraficosOriginalDatos,/tmp/DatosSerie/SerieOriginal.csv,10,z-global,1,2022-06-12 00:00:00,2022-07-02 00:00:00,1139.0,1139.0,0.0,1139.0,2022-06-22 00:00:00,,,/tmp/DatosSerie/Resultados/GraficosConsolidado/GraficosOriginalDatos/106_2022-06-22.png
107,2022-06-24,2022-06-24,2,"ARIMA,DIF",[1056][1056],1056,1,001,001,/tmp/DatosSerie/Resultados/GraficosConsolidado/GraficosOriginalDatos,/tmp/DatosSerie/SerieOriginal.csv,10,z-global,1,2022-06-14 00:00:00,2022-07-04 00:00:00,1056.0,1056.0,0.0,1056.0,2022-06-24 00:00:00,,,/tmp/DatosSerie/Resultados/GraficosConsolidado/GraficosOriginalDatos/107_2022-06-24.png
108,2022-06-28,2022-06-28,2,"ARIMA,DIF",[1173][1173],1173,1,001,001,/tmp/DatosSerie/Resultados/GraficosConsolidado/GraficosOriginalDatos,/tmp/DatosSerie/SerieOriginal.csv,10,z-global,1,2022-06-18 00:00:00,2022-07-08 00:00:00,1173.0,1173.0,0.0,1173.0,2022-06-28 00:00:00,,,/tmp/DatosSerie/Resultados/GraficosConsolidado/GraficosOriginalDatos/108_2022-06-28.png
109,2022-07-05,2022-07-06,2,"ARIMA,DIF","[1259,1352][1259,1352]","1259,1352",2,001,001,/tmp/DatosSerie/Resultados/GraficosConsolidado/GraficosOriginalDatos,/tmp/DatosSerie/SerieOriginal.csv,10,z-global,2,2022-06-25 00:00:00,2022-07-16 00:00:00,1259.0,1352.0,93.0,1352.0,2022-07-06 00:00:00,1305.5,46.5,/tmp/DatosSerie/Resultados/GraficosConsolidado/GraficosOriginalDatos/109_2022-07-05.png
110,2022-07-12,2022-07-14,2,"ARIMA,DIF","[1407,1488,1562][1407,1488,1562]","1407,1488,1562",3,001,001,/tmp/DatosSerie/Resultados/GraficosConsolidado/GraficosOriginalDatos,/tmp/DatosSerie/SerieOriginal.csv,10,z-global,3,2022-07-02 00:00:00,2022-07-24 00:00:00,1407.0,1562.0,155.0,1562.0,2022-07-14 00:00:00,1485.6666666666667,63.299991223450334,/tmp/DatosSerie/Resultados/GraficosConsolidado/GraficosOriginalDatos/110_2022-07-12.png
111,2022-07-18,2022-07-20,2,"ARIMA,DIF","[1540,1406,1328][1540,1406,1328]","1328,1406,1540",3,001,001,/tmp/DatosSerie/Resultados/GraficosConsolidado/GraficosOriginalDatos,/tmp/DatosSerie/SerieOriginal.csv,10,z-global,3,2022-07-08 00:00:00,2022-07-30 00:00:00,1328.0,1540.0,212.0,1540.0,2022-07-20 00:00:00,1424.6666666666667,87.5493511620097,/tmp/DatosSerie/Resultados/GraficosConsolidado/GraficosOriginalDatos/111_2022-07-18.png
112,2022-07-26,2022-07-26,2,"ARIMA,DIF",[1361][1361],1361,1,001,001,/tmp/DatosSerie/Resultados/GraficosConsolidado/GraficosOriginalDatos,/tmp/DatosSerie/SerieOriginal.csv,10,z-global,1,2022-07-16 00:00:00,2022-08-05 00:00:00,1361.0,1361.0,0.0,1361.0,2022-07-26 00:00:00,,,/tmp/DatosSerie/Resultados/GraficosConsolidado/GraficosOriginalDatos/112_2022-07-26.png
113,2022-08-01,2022-08-03,3,"ARIMA,DIF,TIMEGPT","[1454,1390,1317][1454,1390,1317][1454,1390,1317]","1317,1390,1454",3,001,001,/tmp/DatosSerie/Resultados/GraficosConsolidado/GraficosOriginalDatos,/tmp/DatosSerie/SerieOriginal.csv,10,z-global,3,2022-07-22 00:00:00,2022-08-13 00:00:00,1317.0,1454.0,137.0,1454.0,2022-08-03 00:00:00,1387.0,55.97023018236272,/tmp/DatosSerie/Resultados/GraficosConsolidado/GraficosOriginalDatos/113_2022-08-01.png
114,2022-08-12,2022-08-12,2,"ARIMA,DIF",[1415][1415],1415,1,001,001,/tmp/DatosSerie/Resultados/GraficosConsolidado/GraficosOriginalDatos,/tmp/DatosSerie/SerieOriginal.csv,10,z-global,1,2022-08-02 00:00:00,2022-08-22 00:00:00,1415.0,1415.0,0.0,1415.0,2022-08-12 00:00:00,,,/tmp/DatosSerie/Resultados/GraficosConsolidado/GraficosOriginalDatos/114_2022-08-12.png
115,2022-08-22,2022-08-22,2,"ARIMA,DIF",[1555][1555],1555,1,001,001,/tmp/DatosSerie/Resultados/GraficosConsolidado/GraficosOriginalDatos,/tmp/DatosSerie/SerieOriginal.csv,10,z-global,1,2022-08-12 00:00:00,2022-09-01 00:00:00,1555.0,1555.0,0.0,1555.0,2022-08-22 00:00:00,,,/tmp/DatosSerie/Resultados/GraficosConsolidado/GraficosOriginalDatos/115_2022-08-22.png
116,2022-09-09,2022-09-09,2,"ARIMA,DIF",[1446][1446],1446,1,001,001,/tmp/DatosSerie/Resultados/GraficosConsolidado/GraficosOriginalDatos,/tmp/DatosSerie/SerieOriginal.csv,10,z-global,1,2022-08-30 00:00:00,2022-09-19 00:00:00,1446.0,1446.0,0.0,1446.0,2022-09-09 00:00:00,,,/tmp/DatosSerie/Resultados/GraficosConsolidado/GraficosOriginalDatos/116_2022-09-09.png
117,2022-09-13,2022-09-13,2,"ARIMA,DIF",[1506][1506],1506,1,001,001,/tmp/DatosSerie/Resultados/GraficosConsolidado/GraficosOriginalDatos,/tmp/DatosSerie/SerieOriginal.csv,10,z-global,1,2022-09-03 00:00:00,2022-09-23 00:00:00,1506.0,1506.0,0.0,1506.0,2022-09-13 00:00:00,,,/tmp/DatosSerie/Resultados/GraficosConsolidado/GraficosOriginalDatos/117_2022-09-13.png
118,2022-09-19,2022-09-19,2,"ARIMA,DIF",[1421][1421],1421,1,001,001,/tmp/DatosSerie/Resultados/GraficosConsolidado/GraficosOriginalDatos,/tmp/DatosSerie/SerieOriginal.csv,10,z-global,1,2022-09-09 00:00:00,2022-09-29 00:00:00,1421.0,1421.0,0.0,1421.0,2022-09-19 00:00:00,,,/tmp/DatosSerie/Resultados/GraficosConsolidado/GraficosOriginalDatos/118_2022-09-19.png
119,2022-09-26,2022-09-27,2,"ARIMA,DIF","[1609,1726][1609,1726]","1609,1726",2,001,001,/tmp/DatosSerie/Resultados/GraficosConsolidado/GraficosOriginalDatos,/tmp/DatosSerie/SerieOriginal.csv,10,z-global,2,2022-09-16 00:00:00,2022-10-07 00:00:00,1609.0,1726.0,117.0,1726.0,2022-09-27 00:00:00,1667.5,58.5,/tmp/DatosSerie/Resultados/GraficosConsolidado/GraficosOriginalDatos/119_2022-09-26.png
120,2022-10-03,2022-10-05,2,"ARIMA,DIF","[1682,1614,1677][1682,1614,1677]","1614,1677,1682",3,001,001,/tmp/DatosSerie/Resultados/GraficosConsolidado/GraficosOriginalDatos,/tmp/DatosSerie/SerieOriginal.csv,10,z-global,3,2022-09-23 00:00:00,2022-10-15 00:00:00,1614.0,1682.0,68.0,1682.0,2022-10-05 00:00:00,1657.6666666666667,30.944394574067136,/tmp/DatosSerie/Resultados/GraficosConsolidado/GraficosOriginalDatos/120_2022-10-03.png
121,2022-10-11,2022-10-14,2,"ARIMA,DIF","[1779,1841,1945,1883][1779,1841,1945,1883]","1779,1841,1883,1945",4,001,001,/tmp/DatosSerie/Resultados/GraficosConsolidado/GraficosOriginalDatos,/tmp/DatosSerie/SerieOriginal.csv,10,z-global,4,2022-10-01 00:00:00,2022-10-24 00:00:00,1779.0,1945.0,166.0,1945.0,2022-10-14 00:00:00,1862.0,60.53924347066124,/tmp/DatosSerie/Resultados/GraficosConsolidado/GraficosOriginalDatos/121_2022-10-11.png
122,2022-10-17,2022-10-17,2,"ARIMA,DIF",[1715][1715],1715,1,001,001,/tmp/DatosSerie/Resultados/GraficosConsolidado/GraficosOriginalDatos,/tmp/DatosSerie/SerieOriginal.csv,10,z-global,1,2022-10-07 00:00:00,2022-10-27 00:00:00,1715.0,1715.0,0.0,1715.0,2022-10-17 00:00:00,,,/tmp/DatosSerie/Resultados/GraficosConsolidado/GraficosOriginalDatos/122_2022-10-17.png
123,2022-10-24,2022-10-24,2,"ARIMA,DIF",[1565][1565],1565,1,001,001,/tmp/DatosSerie/Resultados/GraficosConsolidado/GraficosOriginalDatos,/tmp/DatosSerie/SerieOriginal.csv,10,z-global,1,2022-10-14 00:00:00,2022-11-03 00:00:00,1565.0,1565.0,0.0,1565.0,2022-10-24 00:00:00,,,/tmp/DatosSerie/Resultados/GraficosConsolidado/GraficosOriginalDatos/123_2022-10-24.png
124,2022-10-31,2022-11-01,2,"ARIMA,DIF","[1570,1488][1570,1488]","1488,1570",2,001,001,/tmp/DatosSerie/Resultados/GraficosConsolidado/GraficosOriginalDatos,/tmp/DatosSerie/SerieOriginal.csv,10,z-global,2,2022-10-21 00:00:00,2022-11-11 00:00:00,1488.0,1570.0,82.0,1570.0,2022-11-01 00:00:00,1529.0,41.0,/tmp/DatosSerie/Resultados/GraficosConsolidado/GraficosOriginalDatos/124_2022-10-31.png
125,2022-11-07,2022-11-07,2,"ARIMA,DIF",[1418][1418],1418,1,001,001,/tmp/DatosSerie/Resultados/GraficosConsolidado/GraficosOriginalDatos,/tmp/DatosSerie/SerieOriginal.csv,10,z-global,1,2022-10-28 00:00:00,2022-11-17 00:00:00,1418.0,1418.0,0.0,1418.0,2022-11-07 00:00:00,,,/tmp/DatosSerie/Resultados/GraficosConsolidado/GraficosOriginalDatos/125_2022-11-07.png
126,2023-01-06,2023-01-06,2,"ARIMA,DIF",[1119][1119],1119,1,001,001,/tmp/DatosSerie/Resultados/GraficosConsolidado/GraficosOriginalDatos,/tmp/DatosSerie/SerieOriginal.csv,10,z-global,1,2022-12-27 00:00:00,2023-01-16 00:00:00,1119.0,1119.0,0.0,1119.0,2023-01-06 00:00:00,,,/tmp/DatosSerie/Resultados/GraficosConsolidado/GraficosOriginalDatos/126_2023-01-06.png
127,2023-02-02,2023-02-02,2,"ARIMA,DIF",[1107][1107],1107,1,001,001,/tmp/DatosSerie/Resultados/GraficosConsolidado/GraficosOriginalDatos,/tmp/DatosSerie/SerieOriginal.csv,10,z-global,1,2023-01-23 00:00:00,2023-02-12 00:00:00,1107.0,1107.0,0.0,1107.0,2023-02-02 00:00:00,,,/tmp/DatosSerie/Resultados/GraficosConsolidado/GraficosOriginalDatos/127_2023-02-02.png
128,2023-02-06,2023-02-07,2,"ARIMA,DIF","[1415,1514][1415,1514]","1415,1514",2,001,001,/tmp/DatosSerie/Resultados/GraficosConsolidado/GraficosOriginalDatos,/tmp/DatosSerie/SerieOriginal.csv,10,z-global,2,2023-01-27 00:00:00,2023-02-17 00:00:00,1415.0,1514.0,99.0,1514.0,2023-02-07 00:00:00,1464.5,49.5,/tmp/DatosSerie/Resultados/GraficosConsolidado/GraficosOriginalDatos/128_2023-02-06.png
129,2023-02-15,2023-02-16,2,"ARIMA,DIF","[1568,1632][1568,1632]","1568,1632",2,001,001,/tmp/DatosSerie/Resultados/GraficosConsolidado/GraficosOriginalDatos,/tmp/DatosSerie/SerieOriginal.csv,10,z-global,2,2023-02-05 00:00:00,2023-02-26 00:00:00,1568.0,1632.0,64.0,1632.0,2023-02-16 00:00:00,1600.0,32.0,/tmp/DatosSerie/Resultados/GraficosConsolidado/GraficosOriginalDatos/129_2023-02-15.png
130,2023-03-03,2023-03-03,2,"ARIMA,DIF",[1655][1655],1655,1,001,001,/tmp/DatosSerie/Resultados/GraficosConsolidado/GraficosOriginalDatos,/tmp/DatosSerie/SerieOriginal.csv,10,z-global,1,2023-02-21 00:00:00,2023-03-13 00:00:00,1655.0,1655.0,0.0,1655.0,2023-03-03 00:00:00,,,/tmp/DatosSerie/Resultados/GraficosConsolidado/GraficosOriginalDatos/130_2023-03-03.png
131,2023-03-13,2023-03-13,2,"ARIMA,DIF",[1707][1707],1707,1,001,001,/tmp/DatosSerie/Resultados/GraficosConsolidado/GraficosOriginalDatos,/tmp/DatosSerie/SerieOriginal.csv,10,z-global,1,2023-03-03 00:00:00,2023-03-23 00:00:00,1707.0,1707.0,0.0,1707.0,2023-03-13 00:00:00,,,/tmp/DatosSerie/Resultados/GraficosConsolidado/GraficosOriginalDatos/131_2023-03-13.png
132,2023-03-15,2023-03-15,2,"ARIMA,DIF",[1868][1868],1868,1,001,001,/tmp/DatosSerie/Resultados/GraficosConsolidado/GraficosOriginalDatos,/tmp/DatosSerie/SerieOriginal.csv,10,z-global,1,2023-03-05 00:00:00,2023-03-25 00:00:00,1868.0,1868.0,0.0,1868.0,2023-03-15 00:00:00,,,/tmp/DatosSerie/Resultados/GraficosConsolidado/GraficosOriginalDatos/132_2023-03-15.png
133,2023-03-21,2023-03-21,2,"ARIMA,DIF",[1885][1885],1885,1,001,001,/tmp/DatosSerie/Resultados/GraficosConsolidado/GraficosOriginalDatos,/tmp/DatosSerie/SerieOriginal.csv,10,z-global,1,2023-03-11 00:00:00,2023-03-31 00:00:00,1885.0,1885.0,0.0,1885.0,2023-03-21 00:00:00,,,/tmp/DatosSerie/Resultados/GraficosConsolidado/GraficosOriginalDatos/133_2023-03-21.png
134,2023-03-28,2023-03-28,2,"ARIMA,DIF",[1952][1952],1952,1,001,001,/tmp/DatosSerie/Resultados/GraficosConsolidado/GraficosOriginalDatos,/tmp/DatosSerie/SerieOriginal.csv,10,z-global,1,2023-03-18 00:00:00,2023-04-07 00:00:00,1952.0,1952.0,0.0,1952.0,2023-03-28 00:00:00,,,/tmp/DatosSerie/Resultados/GraficosConsolidado/GraficosOriginalDatos/134_2023-03-28.png
135,2023-04-05,2023-04-05,2,"ARIMA,DIF",[1966][1966],1966,1,001,001,/tmp/DatosSerie/Resultados/GraficosConsolidado/GraficosOriginalDatos,/tmp/DatosSerie/SerieOriginal.csv,10,z-global,1,2023-03-26 00:00:00,2023-04-15 00:00:00,1966.0,1966.0,0.0,1966.0,2023-04-05 00:00:00,,,/tmp/DatosSerie/Resultados/GraficosConsolidado/GraficosOriginalDatos/135_2023-04-05.png
136,2023-04-26,2023-04-26,2,"ARIMA,DIF",[1840][1840],1840,1,001,001,/tmp/DatosSerie/Resultados/GraficosConsolidado/GraficosOriginalDatos,/tmp/DatosSerie/SerieOriginal.csv,10,z-global,1,2023-04-16 00:00:00,2023-05-06 00:00:00,1840.0,1840.0,0.0,1840.0,2023-04-26 00:00:00,,,/tmp/DatosSerie/Resultados/GraficosConsolidado/GraficosOriginalDatos/136_2023-04-26.png
137,2023-05-05,2023-05-05,2,"ARIMA,DIF",[1627][1627],1627,1,001,001,/tmp/DatosSerie/Resultados/GraficosConsolidado/GraficosOriginalDatos,/tmp/DatosSerie/SerieOriginal.csv,10,z-global,1,2023-04-25 00:00:00,2023-05-15 00:00:00,1627.0,1627.0,0.0,1627.0,2023-05-05 00:00:00,,,/tmp/DatosSerie/Resultados/GraficosConsolidado/GraficosOriginalDatos/137_2023-05-05.png
138,2023-05-10,2023-05-10,2,"ARIMA,DIF",[1691][1691],1691,1,001,001,/tmp/DatosSerie/Resultados/GraficosConsolidado/GraficosOriginalDatos,/tmp/DatosSerie/SerieOriginal.csv,10,z-global,1,2023-04-30 00:00:00,2023-05-20 00:00:00,1691.0,1691.0,0.0,1691.0,2023-05-10 00:00:00,,,/tmp/DatosSerie/Resultados/GraficosConsolidado/GraficosOriginalDatos/138_2023-05-10.png
139,2023-05-15,2023-05-15,2,"ARIMA,DIF",[1759][1759],1759,1,001,001,/tmp/DatosSerie/Resultados/GraficosConsolidado/GraficosOriginalDatos,/tmp/DatosSerie/SerieOriginal.csv,10,z-global,1,2023-05-05 00:00:00,2023-05-25 00:00:00,1759.0,1759.0,0.0,1759.0,2023-05-15 00:00:00,,,/tmp/DatosSerie/Resultados/GraficosConsolidado/GraficosOriginalDatos/139_2023-05-15.png
140,2023-05-17,2023-05-17,2,"ARIMA,DIF",[1832][1832],1832,1,001,001,/tmp/DatosSerie/Resultados/GraficosConsolidado/GraficosOriginalDatos,/tmp/DatosSerie/SerieOriginal.csv,10,z-global,1,2023-05-07 00:00:00,2023-05-27 00:00:00,1832.0,1832.0,0.0,1832.0,2023-05-17 00:00:00,,,/tmp/DatosSerie/Resultados/GraficosConsolidado/GraficosOriginalDatos/140_2023-05-17.png
141,2023-08-04,2023-08-04,2,"ARIMA,DIF",[1976][1976],1976,1,001,001,/tmp/DatosSerie/Resultados/GraficosConsolidado/GraficosOriginalDatos,/tmp/DatosSerie/SerieOriginal.csv,10,z-global,1,2023-07-25 00:00:00,2023-08-14 00:00:00,1976.0,1976.0,0.0,1976.0,2023-08-04 00:00:00,,,/tmp/DatosSerie/Resultados/GraficosConsolidado/GraficosOriginalDatos/141_2023-08-04.png
142,2023-08-10,2023-08-11,2,"ARIMA,DIF","[1900,1822][1900,1822]","1822,1900",2,001,001,/tmp/DatosSerie/Resultados/GraficosConsolidado/GraficosOriginalDatos,/tmp/DatosSerie/SerieOriginal.csv,10,z-global,2,2023-07-31 00:00:00,2023-08-21 00:00:00,1822.0,1900.0,78.0,1900.0,2023-08-11 00:00:00,1861.0,39.0,/tmp/DatosSerie/Resultados/GraficosConsolidado/GraficosOriginalDatos/142_2023-08-10.png
143,2023-08-15,2023-08-16,2,"ARIMA,DIF","[1904,1808][1904,1808]","1808,1904",2,001,001,/tmp/DatosSerie/Resultados/GraficosConsolidado/GraficosOriginalDatos,/tmp/DatosSerie/SerieOriginal.csv,10,z-global,2,2023-08-05 00:00:00,2023-08-26 00:00:00,1808.0,1904.0,96.0,1904.0,2023-08-16 00:00:00,1856.0,48.0,/tmp/DatosSerie/Resultados/GraficosConsolidado/GraficosOriginalDatos/143_2023-08-15.png
144,2023-08-21,2023-08-21,2,"ARIMA,DIF",[1750][1750],1750,1,001,001,/tmp/DatosSerie/Resultados/GraficosConsolidado/GraficosOriginalDatos,/tmp/DatosSerie/SerieOriginal.csv,10,z-global,1,2023-08-11 00:00:00,2023-08-31 00:00:00,1750.0,1750.0,0.0,1750.0,2023-08-21 00:00:00,,,/tmp/DatosSerie/Resultados/GraficosConsolidado/GraficosOriginalDatos/144_2023-08-21.png
145,2023-09-05,2023-09-06,2,"ARIMA,DIF","[1847,1770][1847,1770]","1770,1847",2,001,001,/tmp/DatosSerie/Resultados/GraficosConsolidado/GraficosOriginalDatos,/tmp/DatosSerie/SerieOriginal.csv,10,z-global,2,2023-08-26 00:00:00,2023-09-16 00:00:00,1770.0,1847.0,77.0,1847.0,2023-09-06 00:00:00,1808.5,38.5,/tmp/DatosSerie/Resultados/GraficosConsolidado/GraficosOriginalDatos/145_2023-09-05.png
146,2023-09-12,2023-09-12,2,"ARIMA,DIF",[1775][1775],1775,1,001,001,/tmp/DatosSerie/Resultados/GraficosConsolidado/GraficosOriginalDatos,/tmp/DatosSerie/SerieOriginal.csv,10,z-global,1,2023-09-02 00:00:00,2023-09-22 00:00:00,1775.0,1775.0,0.0,1775.0,2023-09-12 00:00:00,,,/tmp/DatosSerie/Resultados/GraficosConsolidado/GraficosOriginalDatos/146_2023-09-12.png
147,2023-10-16,2023-10-16,2,"ARIMA,DIF",[1748][1748],1748,1,001,001,/tmp/DatosSerie/Resultados/GraficosConsolidado/GraficosOriginalDatos,/tmp/DatosSerie/SerieOriginal.csv,10,z-global,1,2023-10-06 00:00:00,2023-10-26 00:00:00,1748.0,1748.0,0.0,1748.0,2023-10-16 00:00:00,,,/tmp/DatosSerie/Resultados/GraficosConsolidado/GraficosOriginalDatos/147_2023-10-16.png
148,2023-11-20,2023-11-20,2,"ARIMA,DIF",[1941][1941],1941,1,001,001,/tmp/DatosSerie/Resultados/GraficosConsolidado/GraficosOriginalDatos,/tmp/DatosSerie/SerieOriginal.csv,10,z-global,1,2023-11-10 00:00:00,2023-11-30 00:00:00,1941.0,1941.0,0.0,1941.0,2023-11-20 00:00:00,,,/tmp/DatosSerie/Resultados/GraficosConsolidado/GraficosOriginalDatos/148_2023-11-20.png
149,2023-12-13,2023-12-13,2,"ARIMA,DIF",[2141][2141],2141,1,001,001,/tmp/DatosSerie/Resultados/GraficosConsolidado/GraficosOriginalDatos,/tmp/DatosSerie/SerieOriginal.csv,10,z-global,1,2023-12-03 00:00:00,2023-12-23 00:00:00,2141.0,2141.0,0.0,2141.0,2023-12-13 00:00:00,,,/tmp/DatosSerie/Resultados/GraficosConsolidado/GraficosOriginalDatos/149_2023-12-13.png
150,2024-01-09,2024-01-09,2,"ARIMA,DIF",[2039][2039],2039,1,001,001,/tmp/DatosSerie/Resultados/GraficosConsolidado/GraficosOriginalDatos,/tmp/DatosSerie/SerieOriginal.csv,10,z-global,1,2023-12-30 00:00:00,2024-01-19 00:00:00,2039.0,2039.0,0.0,2039.0,2024-01-09 00:00:00,,,/tmp/DatosSerie/Resultados/GraficosConsolidado/GraficosOriginalDatos/150_2024-01-09.png
151,2024-02-09,2024-02-09,2,"ARIMA,DIF",[1519][1519],1519,1,001,001,/tmp/DatosSerie/Resultados/GraficosConsolidado/GraficosOriginalDatos,/tmp/DatosSerie/SerieOriginal.csv,10,z-global,1,2024-01-30 00:00:00,2024-02-19 00:00:00,1519.0,1519.0,0.0,1519.0,2024-02-09 00:00:00,,,/tmp/DatosSerie/Resultados/GraficosConsolidado/GraficosOriginalDatos/151_2024-02-09.png
152,2024-03-01,2024-03-01,2,"ARIMA,DIF",[1341][1341],1341,1,001,001,/tmp/DatosSerie/Resultados/GraficosConsolidado/GraficosOriginalDatos,/tmp/DatosSerie/SerieOriginal.csv,10,z-global,1,2024-02-20 00:00:00,2024-03-11 00:00:00,1341.0,1341.0,0.0,1341.0,2024-03-01 00:00:00,,,/tmp/DatosSerie/Resultados/GraficosConsolidado/GraficosOriginalDatos/152_2024-03-01.png
153,2024-04-16,2024-04-17,2,"ARIMA,DIF","[1214,1141][1214,1141]","1141,1214",2,001,001,/tmp/DatosSerie/Resultados/GraficosConsolidado/GraficosOriginalDatos,/tmp/DatosSerie/SerieOriginal.csv,10,z-global,2,2024-04-06 00:00:00,2024-04-27 00:00:00,1141.0,1214.0,73.0,1214.0,2024-04-17 00:00:00,1177.5,36.5,/tmp/DatosSerie/Resultados/GraficosConsolidado/GraficosOriginalDatos/153_2024-04-16.png
154,2024-07-15,2024-07-15,2,"ARIMA,DIF",[1278][1278],1278,1,001,001,/tmp/DatosSerie/Resultados/GraficosConsolidado/GraficosOriginalDatos,/tmp/DatosSerie/SerieOriginal.csv,10,z-global,1,2024-07-05 00:00:00,2024-07-25 00:00:00,1278.0,1278.0,0.0,1278.0,2024-07-15 00:00:00,,,/tmp/DatosSerie/Resultados/GraficosConsolidado/GraficosOriginalDatos/154_2024-07-15.png
155,2024-10-04,2024-10-04,2,"ARIMA,DIF",[1135][1135],1135,1,001,001,/tmp/DatosSerie/Resultados/GraficosConsolidado/GraficosOriginalDatos,/tmp/DatosSerie/SerieOriginal.csv,10,z-global,1,2024-09-24 00:00:00,2024-10-14 00:00:00,1135.0,1135.0,0.0,1135.0,2024-10-04 00:00:00,,,/tmp/DatosSerie/Resultados/GraficosConsolidado/GraficosOriginalDatos/155_2024-10-04.png
156,2024-11-06,2024-11-06,2,"ARIMA,DIF",[1218][1218],1218,1,001,001,/tmp/DatosSerie/Resultados/GraficosConsolidado/GraficosOriginalDatos,/tmp/DatosSerie/SerieOriginal.csv,10,z-global,1,2024-10-27 00:00:00,2024-11-16 00:00:00,1218.0,1218.0,0.0,1218.0,2024-11-06 00:00:00,,,/tmp/DatosSerie/Resultados/GraficosConsolidado/GraficosOriginalDatos/156_2024-11-06.png
157,2024-12-03,2024-12-03,2,"ARIMA,DIF",[1200][1200],1200,1,001,001,/tmp/DatosSerie/Resultados/GraficosConsolidado/GraficosOriginalDatos,/tmp/DatosSerie/SerieOriginal.csv,10,z-global,1,2024-11-23 00:00:00,2024-12-13 00:00:00,1200.0,1200.0,0.0,1200.0,2024-12-03 00:00:00,,,/tmp/DatosSerie/Resultados/GraficosConsolidado/GraficosOriginalDatos/157_2024-12-03.png
158,2025-02-10,2025-02-10,2,"ARIMA,DIF",[1162][1162],1162,1,001,001,/tmp/DatosSerie/Resultados/GraficosConsolidado/GraficosOriginalDatos,/tmp/DatosSerie/SerieOriginal.csv,10,z-global,1,2025-01-31 00:00:00,2025-02-20 00:00:00,1162.0,1162.0,0.0,1162.0,2025-02-10 00:00:00,,,/tmp/DatosSerie/Resultados/GraficosConsolidado/GraficosOriginalDatos/158_2025-02-10.png
159,2025-02-13,2025-02-14,2,"ARIMA,DIF","[1244,1319][1244,1319]","1244,1319",2,001,001,/tmp/DatosSerie/Resultados/GraficosConsolidado/GraficosOriginalDatos,/tmp/DatosSerie/SerieOriginal.csv,10,z-global,2,2025-02-03 00:00:00,2025-02-24 00:00:00,1244.0,1319.0,75.0,1319.0,2025-02-14 00:00:00,1281.5,37.5,/tmp/DatosSerie/Resultados/GraficosConsolidado/GraficosOriginalDatos/159_2025-02-13.png
160,2025-03-06,2025-03-06,2,"ARIMA,DIF",[1487][1487],1487,1,001,001,/tmp/DatosSerie/Resultados/GraficosConsolidado/GraficosOriginalDatos,/tmp/DatosSerie/SerieOriginal.csv,10,z-global,1,2025-02-24 00:00:00,2025-03-16 00:00:00,1487.0,1487.0,0.0,1487.0,2025-03-06 00:00:00,,,/tmp/DatosSerie/Resultados/GraficosConsolidado/GraficosOriginalDatos/160_2025-03-06.png
161,2025-03-10,2025-03-10,2,"ARIMA,DIF",[1561][1561],1561,1,001,001,/tmp/DatosSerie/Resultados/GraficosConsolidado/GraficosOriginalDatos,/tmp/DatosSerie/SerieOriginal.csv,10,z-global,1,2025-02-28 00:00:00,2025-03-20 00:00:00,1561.0,1561.0,0.0,1561.0,2025-03-10 00:00:00,,,/tmp/DatosSerie/Resultados/GraficosConsolidado/GraficosOriginalDatos/161_2025-03-10.png
162,2025-03-28,2025-03-28,2,"ARIMA,DIF",[1626][1626],1626,1,001,001,/tmp/DatosSerie/Resultados/GraficosConsolidado/GraficosOriginalDatos,/tmp/DatosSerie/SerieOriginal.csv,10,z-global,1,2025-03-18 00:00:00,2025-04-07 00:00:00,1626.0,1626.0,0.0,1626.0,2025-03-28 00:00:00,,,/tmp/DatosSerie/Resultados/GraficosConsolidado/GraficosOriginalDatos/162_2025-03-28.png
163,2025-04-04,2025-04-04,2,"ARIMA,DIF",[1702][1702],1702,1,001,001,/tmp/DatosSerie/Resultados/GraficosConsolidado/GraficosOriginalDatos,/tmp/DatosSerie/SerieOriginal.csv,10,z-global,1,2025-03-25 00:00:00,2025-04-14 00:00:00,1702.0,1702.0,0.0,1702.0,2025-04-04 00:00:00,,,/tmp/DatosSerie/Resultados/GraficosConsolidado/GraficosOriginalDatos/163_2025-04-04.png
164,2025-04-07,2025-04-07,2,"ARIMA,DIF",[1790][1790],1790,1,001,001,/tmp/DatosSerie/Resultados/GraficosConsolidado/GraficosOriginalDatos,/tmp/DatosSerie/SerieOriginal.csv,10,z-global,1,2025-03-28 00:00:00,2025-04-17 00:00:00,1790.0,1790.0,0.0,1790.0,2025-04-07 00:00:00,,,/tmp/DatosSerie/Resultados/GraficosConsolidado/GraficosOriginalDatos/164_2025-04-07.png
165,2025-04-09,2025-04-09,2,"ARIMA,DIF",[1736][1736],1736,1,001,001,/tmp/DatosSerie/Resultados/GraficosConsolidado/GraficosOriginalDatos,/tmp/DatosSerie/SerieOriginal.csv,10,z-global,1,2025-03-30 00:00:00,2025-04-19 00:00:00,1736.0,1736.0,0.0,1736.0,2025-04-09 00:00:00,,,/tmp/DatosSerie/Resultados/GraficosConsolidado/GraficosOriginalDatos/165_2025-04-09.png
