id,start_date,end_date,count,method,values_method,values,num_values
1,2005-04-20,2005-04-20,2,"ARIMA,DIF",[786][786],786,1
2,2005-04-26,2005-04-26,2,"ARIMA,DIF",[821][821],821,1
3,2006-10-16,2006-10-16,2,"ARIMA,DIF",[520][520],520,1
4,2006-11-27,2006-11-27,2,"ARIMA,DIF",[604][604],604,1
5,2006-12-01,2006-12-01,2,"ARIMA,DIF",[674][674],674,1
6,2006-12-22,2006-12-22,2,"ARIMA,DIF",[852][852],852,1
7,2007-01-18,2007-01-18,2,"ARIMA,DIF",[946][946],946,1
8,2007-01-23,2007-01-23,2,"ARIMA,DIF",[1038][1038],1038,1
9,2007-01-29,2007-01-30,2,"ARIMA,DIF","[885,812][885,812]","812,885",2
10,2007-02-14,2007-02-14,2,"ARIMA,DIF",[696][696],696,1
11,2007-07-27,2007-07-27,2,"ARIMA,DIF",[710][710],710,1
12,2007-08-16,2007-08-16,2,"ARIMA,DIF",[770][770],770,1
13,2008-09-15,2008-09-15,2,"ARIMA,DIF",[974][974],974,1
14,2008-09-19,2008-09-19,2,"ARIMA,DIF",[927][927],927,1
15,2008-09-29,2008-09-29,2,"ARIMA,DIF",[1008][1008],1008,1
16,2008-10-01,2008-10-02,2,"ARIMA,DIF","[1078,1162][1078,1162]","1078,1162",2
17,2008-10-09,2008-10-10,2,"ARIMA,DIF","[1431,1509][1431,1509]","1431,1509",2
18,2008-10-14,2008-10-17,3,"ARIMA,DIF,TIMEGPT","[1397,1470,1543,1610][1397,1470,1543,1610][1397,1470,1543,1610]","1397,1470,1543,1610",4
19,2008-10-28,2008-10-28,2,"ARIMA,DIF",[3130][3130],3130,1
20,2008-11-03,2008-11-03,2,"ARIMA,DIF",[3080][3080],3080,1
21,2008-11-07,2008-11-07,2,"ARIMA,DIF",[2945][2945],2945,1
22,2008-11-12,2008-11-14,2,"ARIMA,DIF","[3029,4218,4460][3029,4218,4460]","3029,4218,4460",3
23,2008-11-21,2008-11-21,2,"ARIMA,DIF",[4280][4280],4280,1
24,2008-11-24,2008-11-26,2,"ARIMA,DIF","[4213,4039,3575][4213,4039,3575]","3575,4039,4213",3
25,2008-12-02,2008-12-02,2,"ARIMA,DIF",[3481][3481],3481,1
26,2008-12-04,2008-12-05,2,"ARIMA,DIF","[3558,3490][3558,3490]","3490,3558",2
27,2008-12-12,2008-12-12,2,"ARIMA,DIF",[3924][3924],3924,1
28,2008-12-15,2008-12-16,2,"ARIMA,DIF","[4325,5020][4325,5020]","4325,5020",2
29,2008-12-23,2008-12-23,2,"ARIMA,DIF",[4666][4666],4666,1
30,2008-12-29,2008-12-29,2,"ARIMA,DIF",[4735][4735],4735,1
31,2009-01-05,2009-01-07,2,"ARIMA,DIF","[4342,4039,3930][4342,4039,3930]","3930,4039,4342",3
32,2009-01-14,2009-01-15,2,"ARIMA,DIF","[3829,3752][3829,3752]","3752,3829",2
33,2009-01-27,2009-01-29,2,"ARIMA,DIF","[3861,3747,3835][3861,3747,3835]","3747,3835,3861",3
34,2009-02-11,2009-02-11,2,"ARIMA,DIF",[3480][3480],3480,1
35,2009-02-23,2009-02-25,2,"ARIMA,DIF","[3425,3506,3427][3425,3506,3427]","3425,3427,3506",3
36,2009-03-25,2009-03-25,2,"ARIMA,DIF",[3698][3698],3698,1
37,2009-03-31,2009-03-31,2,"ARIMA,DIF",[3568][3568],3568,1
38,2009-04-03,2009-04-03,2,"ARIMA,DIF",[3394][3394],3394,1
39,2009-05-12,2009-05-12,2,"ARIMA,DIF",[3383][3383],3383,1
40,2009-05-26,2009-05-27,2,"ARIMA,DIF","[3210,3051][3210,3051]","3051,3210",2
41,2009-06-12,2009-06-12,2,"ARIMA,DIF",[2704][2704],2704,1
42,2009-07-23,2009-07-23,2,"ARIMA,DIF",[1226][1226],1226,1
43,2009-10-05,2009-10-05,2,"ARIMA,DIF",[883][883],883,1
44,2010-08-17,2010-08-17,2,"ARIMA,DIF",[1002][1002],1002,1
45,2010-09-30,2010-10-01,2,"ARIMA,DIF","[1226,1010][1226,1010]","1010,1226",2
46,2011-01-18,2011-01-18,2,"ARIMA,DIF",[839][839],839,1
47,2011-08-09,2011-08-09,2,"ARIMA,DIF",[872][872],872,1
48,2012-01-03,2012-01-03,2,"ARIMA,DIF",[790][790],790,1
49,2012-06-05,2012-06-05,2,"ARIMA,DIF",[881][881],881,1
50,2013-01-02,2013-01-02,2,"ARIMA,DIF",[767][767],767,1
51,2013-10-18,2013-10-18,2,"ARIMA,DIF",[503][503],503,1
52,2014-09-05,2014-09-05,2,"ARIMA,DIF",[289][289],289,1
53,2014-09-08,2014-09-08,2,"ARIMA,DIF",[385][385],385,1
54,2014-11-04,2014-11-04,2,"ARIMA,DIF",[546][546],546,1
55,2014-11-06,2014-11-07,2,"ARIMA,DIF","[678,586][678,586]","586,678",2
56,2014-12-01,2014-12-01,2,"ARIMA,DIF",[607][607],607,1
57,2014-12-15,2014-12-18,2,"ARIMA,DIF","[1010,1111,1017,924][1010,1111,1017,924]","924,1010,1017,1111",4
58,2015-01-05,2015-01-05,2,"ARIMA,DIF",[994][994],994,1
59,2015-02-03,2015-02-03,2,"ARIMA,DIF",[782][782],782,1
60,2015-07-06,2015-07-06,2,"ARIMA,DIF",[896][896],896,1
61,2015-08-24,2015-08-24,2,"ARIMA,DIF",[1336][1336],1336,1
62,2016-01-12,2016-01-12,2,"ARIMA,DIF",[1574][1574],1574,1
63,2016-01-21,2016-01-22,2,"ARIMA,DIF","[1639,1570][1639,1570]","1570,1639",2
64,2016-01-28,2016-01-28,2,"ARIMA,DIF",[1490][1490],1490,1
65,2016-02-17,2016-02-17,2,"ARIMA,DIF",[1583][1583],1583,1
66,2016-02-22,2016-02-22,2,"ARIMA,DIF",[1483][1483],1483,1
67,2016-03-16,2016-03-16,2,"ARIMA,DIF",[1138][1138],1138,1
68,2016-03-18,2016-03-18,2,"ARIMA,DIF",[996][996],996,1
69,2016-03-31,2016-03-31,2,"ARIMA,DIF",[1058][1058],1058,1
70,2016-04-28,2016-04-28,2,"ARIMA,DIF",[959][959],959,1
71,2016-11-14,2016-11-15,2,"ARIMA,DIF","[849,783][849,783]","783,849",2
72,2018-11-28,2018-11-28,2,"ARIMA,DIF",[760][760],760,1
73,2019-08-05,2019-08-05,2,"ARIMA,DIF",[717][717],717,1
74,2019-10-08,2019-10-08,2,"ARIMA,DIF",[777][777],777,1
75,2019-10-15,2019-10-15,2,"ARIMA,DIF",[800][800],800,1
76,2019-11-26,2019-11-26,2,"ARIMA,DIF",[1114][1114],1114,1
77,2020-02-04,2020-02-05,2,"ARIMA,DIF","[1096,1040][1096,1040]","1040,1096",2
78,2020-02-07,2020-02-07,2,"ARIMA,DIF",[1108][1108],1108,1
79,2020-02-25,2020-02-25,2,"ARIMA,DIF",[1404][1404],1404,1
80,2020-02-27,2020-02-27,2,"ARIMA,DIF",[1455][1455],1455,1
81,2020-03-20,2020-03-24,2,"ARIMA,DIF","[3648,4453,5258,6063,5245][3648,4453,5258,6063,5245]","3648,4453,5245,5258,6063",5
82,2020-03-30,2020-04-03,2,"ARIMA,DIF","[5376,4553,4783,4567,4439][5376,4553,4783,4567,4439]","4439,4553,4567,4783,5376",5
83,2020-04-08,2020-04-09,2,"ARIMA,DIF","[4841,4696][4841,4696]","4696,4841",2
84,2020-04-20,2020-04-23,2,"ARIMA,DIF","[5619,5782,5584,5527][5619,5782,5584,5527]","5527,5584,5619,5782",4
85,2020-04-28,2020-05-01,2,"ARIMA,DIF","[5617,4985,5129,4945][5617,4985,5129,4945]","4945,4985,5129,5617",4
86,2020-05-04,2020-05-08,2,"ARIMA,DIF","[4791,4514,4637,4528,4385][4791,4514,4637,4528,4385]","4385,4514,4528,4637,4791",5
87,2020-05-11,2020-05-11,2,"ARIMA,DIF",[4287][4287],4287,1
88,2020-05-13,2020-05-15,2,"ARIMA,DIF","[4411,4518,4300][4411,4518,4300]","4300,4411,4518",3
89,2020-05-18,2020-05-18,2,"ARIMA,DIF",[4193][4193],4193,1
90,2020-05-26,2020-05-26,2,"ARIMA,DIF",[3891][3891],3891,1
91,2020-06-01,2020-06-05,2,"ARIMA,DIF","[3605,3431,3182,3260,3062][3605,3431,3182,3260,3062]","3062,3182,3260,3431,3605",5
92,2020-06-24,2020-06-26,2,"ARIMA,DIF","[3250,3311,3390][3250,3311,3390]","3250,3311,3390",3
93,2020-07-01,2020-07-01,2,"ARIMA,DIF",[3278][3278],3278,1
94,2020-07-06,2020-07-06,2,"ARIMA,DIF",[2783][2783],2783,1
95,2020-07-08,2020-07-09,2,"ARIMA,DIF","[2818,2874][2818,2874]","2818,2874",2
96,2020-07-13,2020-07-13,2,"ARIMA,DIF",[2760][2760],2760,1
97,2020-07-30,2020-07-31,2,"ARIMA,DIF","[2954,2755][2954,2755]","2755,2954",2
98,2020-09-04,2020-09-04,2,"ARIMA,DIF",[2468][2468],2468,1
99,2021-02-05,2021-02-05,2,"ARIMA,DIF",[1091][1091],1091,1
100,2021-02-08,2021-02-09,2,"ARIMA,DIF","[1190,1263][1190,1263]","1190,1263",2
101,2021-04-12,2021-04-12,2,"ARIMA,DIF",[824][824],824,1
102,2021-11-26,2021-11-26,2,"ARIMA,DIF",[880][880],880,1
103,2022-03-04,2022-03-04,2,"ARIMA,DIF",[856][856],856,1
104,2022-03-09,2022-03-09,2,"ARIMA,DIF",[824][824],824,1
105,2022-06-16,2022-06-16,2,"ARIMA,DIF",[1010][1010],1010,1
106,2022-06-22,2022-06-22,2,"ARIMA,DIF",[1139][1139],1139,1
107,2022-06-24,2022-06-24,2,"ARIMA,DIF",[1056][1056],1056,1
108,2022-06-28,2022-06-28,2,"ARIMA,DIF",[1173][1173],1173,1
109,2022-07-05,2022-07-06,2,"ARIMA,DIF","[1259,1352][1259,1352]","1259,1352",2
110,2022-07-12,2022-07-14,2,"ARIMA,DIF","[1407,1488,1562][1407,1488,1562]","1407,1488,1562",3
111,2022-07-18,2022-07-20,2,"ARIMA,DIF","[1540,1406,1328][1540,1406,1328]","1328,1406,1540",3
112,2022-07-26,2022-07-26,2,"ARIMA,DIF",[1361][1361],1361,1
113,2022-08-01,2022-08-03,3,"ARIMA,DIF,TIMEGPT","[1454,1390,1317][1454,1390,1317][1454,1390,1317]","1317,1390,1454",3
114,2022-08-12,2022-08-12,2,"ARIMA,DIF",[1415][1415],1415,1
115,2022-08-22,2022-08-22,2,"ARIMA,DIF",[1555][1555],1555,1
116,2022-09-09,2022-09-09,2,"ARIMA,DIF",[1446][1446],1446,1
117,2022-09-13,2022-09-13,2,"ARIMA,DIF",[1506][1506],1506,1
118,2022-09-19,2022-09-19,2,"ARIMA,DIF",[1421][1421],1421,1
119,2022-09-26,2022-09-27,2,"ARIMA,DIF","[1609,1726][1609,1726]","1609,1726",2
120,2022-10-03,2022-10-05,2,"ARIMA,DIF","[1682,1614,1677][1682,1614,1677]","1614,1677,1682",3
121,2022-10-11,2022-10-14,2,"ARIMA,DIF","[1779,1841,1945,1883][1779,1841,1945,1883]","1779,1841,1883,1945",4
122,2022-10-17,2022-10-17,2,"ARIMA,DIF",[1715][1715],1715,1
123,2022-10-24,2022-10-24,2,"ARIMA,DIF",[1565][1565],1565,1
124,2022-10-31,2022-11-01,2,"ARIMA,DIF","[1570,1488][1570,1488]","1488,1570",2
125,2022-11-07,2022-11-07,2,"ARIMA,DIF",[1418][1418],1418,1
126,2023-01-06,2023-01-06,2,"ARIMA,DIF",[1119][1119],1119,1
127,2023-02-02,2023-02-02,2,"ARIMA,DIF",[1107][1107],1107,1
128,2023-02-06,2023-02-07,2,"ARIMA,DIF","[1415,1514][1415,1514]","1415,1514",2
129,2023-02-15,2023-02-16,2,"ARIMA,DIF","[1568,1632][1568,1632]","1568,1632",2
130,2023-03-03,2023-03-03,2,"ARIMA,DIF",[1655][1655],1655,1
131,2023-03-13,2023-03-13,2,"ARIMA,DIF",[1707][1707],1707,1
132,2023-03-15,2023-03-15,2,"ARIMA,DIF",[1868][1868],1868,1
133,2023-03-21,2023-03-21,2,"ARIMA,DIF",[1885][1885],1885,1
134,2023-03-28,2023-03-28,2,"ARIMA,DIF",[1952][1952],1952,1
135,2023-04-05,2023-04-05,2,"ARIMA,DIF",[1966][1966],1966,1
136,2023-04-26,2023-04-26,2,"ARIMA,DIF",[1840][1840],1840,1
137,2023-05-05,2023-05-05,2,"ARIMA,DIF",[1627][1627],1627,1
138,2023-05-10,2023-05-10,2,"ARIMA,DIF",[1691][1691],1691,1
139,2023-05-15,2023-05-15,2,"ARIMA,DIF",[1759][1759],1759,1
140,2023-05-17,2023-05-17,2,"ARIMA,DIF",[1832][1832],1832,1
141,2023-08-04,2023-08-04,2,"ARIMA,DIF",[1976][1976],1976,1
142,2023-08-10,2023-08-11,2,"ARIMA,DIF","[1900,1822][1900,1822]","1822,1900",2
143,2023-08-15,2023-08-16,2,"ARIMA,DIF","[1904,1808][1904,1808]","1808,1904",2
144,2023-08-21,2023-08-21,2,"ARIMA,DIF",[1750][1750],1750,1
145,2023-09-05,2023-09-06,2,"ARIMA,DIF","[1847,1770][1847,1770]","1770,1847",2
146,2023-09-12,2023-09-12,2,"ARIMA,DIF",[1775][1775],1775,1
147,2023-10-16,2023-10-16,2,"ARIMA,DIF",[1748][1748],1748,1
148,2023-11-20,2023-11-20,2,"ARIMA,DIF",[1941][1941],1941,1
149,2023-12-13,2023-12-13,2,"ARIMA,DIF",[2141][2141],2141,1
150,2024-01-09,2024-01-09,2,"ARIMA,DIF",[2039][2039],2039,1
151,2024-02-09,2024-02-09,2,"ARIMA,DIF",[1519][1519],1519,1
152,2024-03-01,2024-03-01,2,"ARIMA,DIF",[1341][1341],1341,1
153,2024-04-16,2024-04-17,2,"ARIMA,DIF","[1214,1141][1214,1141]","1141,1214",2
154,2024-07-15,2024-07-15,2,"ARIMA,DIF",[1278][1278],1278,1
155,2024-10-04,2024-10-04,2,"ARIMA,DIF",[1135][1135],1135,1
156,2024-11-06,2024-11-06,2,"ARIMA,DIF",[1218][1218],1218,1
157,2024-12-03,2024-12-03,2,"ARIMA,DIF",[1200][1200],1200,1
158,2025-02-10,2025-02-10,2,"ARIMA,DIF",[1162][1162],1162,1
159,2025-02-13,2025-02-14,2,"ARIMA,DIF","[1244,1319][1244,1319]","1244,1319",2
160,2025-03-06,2025-03-06,2,"ARIMA,DIF",[1487][1487],1487,1
161,2025-03-10,2025-03-10,2,"ARIMA,DIF",[1561][1561],1561,1
162,2025-03-28,2025-03-28,2,"ARIMA,DIF",[1626][1626],1626,1
163,2025-04-04,2025-04-04,2,"ARIMA,DIF",[1702][1702],1702,1
164,2025-04-07,2025-04-07,2,"ARIMA,DIF",[1790][1790],1790,1
165,2025-04-09,2025-04-09,2,"ARIMA,DIF",[1736][1736],1736,1
