id_anomalia,modelo,metodo_prediccion,serie_base,metodo_deteccion,start_date,end_date,center_date,duracion_dias,min_value,max_value,amplitude,peak_value,peak_time,mean_value,std_value,num_values,count,valores,csv_path,csv_clean_path,tipo,fuente
1,ARIMA_DIRECT,ARIMA_DIRECT,series_riesgo_pais_1,ARIMA,2026-01-29,2026-01-30,2026-01-29,2,414.38,414.39,0.009999999999990905,414.39,2026-01-29 00:00:00,414.385,0.0049999999999954525,2,2,"[414.39, 414.38]",/home/jacky/DatosSerie/Resultados/Prediccion/anomalias_sinteticas_csv/001_ARIMA_DIRECT_ARIMA.csv,/home/jacky/DatosSerie/Resultados/Prediccion/anomalias_sinteticas_limpias_csv/001_ARIMA_DIRECT_ARIMA.csv,predicha,sintetica
2,ARIMA_DIRECT,ARIMA_DIRECT,series_riesgo_pais_1,DBSCAN,2026-01-29,2026-01-31,2026-01-30,3,414.38,414.39,0.009999999999990905,414.39,2026-01-29 00:00:00,414.3833333333334,0.004714045207906029,2,3,"[414.39, 414.38, 414.38]",/home/jacky/DatosSerie/Resultados/Prediccion/anomalias_sinteticas_csv/002_ARIMA_DIRECT_DBSCAN.csv,/home/jacky/DatosSerie/Resultados/Prediccion/anomalias_sinteticas_limpias_csv/002_ARIMA_DIRECT_DBSCAN.csv,predicha,sintetica
3,ARIMA_DIRECT,ARIMA_DIRECT,series_riesgo_pais_1,DIF,2026-01-30,2026-01-30,2026-01-30,1,414.38,414.38,0.0,414.38,2026-01-30 00:00:00,414.38,0.0,1,1,[414.38],/home/jacky/DatosSerie/Resultados/Prediccion/anomalias_sinteticas_csv/003_ARIMA_DIRECT_DIF.csv,/home/jacky/DatosSerie/Resultados/Prediccion/anomalias_sinteticas_limpias_csv/003_ARIMA_DIRECT_DIF.csv,predicha,sintetica
4,ARIMA_DIRECT,ARIMA_DIRECT,series_riesgo_pais_1,DIF,2026-02-01,2026-02-01,2026-02-01,1,414.37,414.37,0.0,414.37,2026-02-01 00:00:00,414.37,0.0,1,1,[414.37],/home/jacky/DatosSerie/Resultados/Prediccion/anomalias_sinteticas_csv/004_ARIMA_DIRECT_DIF.csv,/home/jacky/DatosSerie/Resultados/Prediccion/anomalias_sinteticas_limpias_csv/004_ARIMA_DIRECT_DIF.csv,predicha,sintetica
5,ARIMA_DIRECT,ARIMA_DIRECT,series_riesgo_pais_1,IFOREST,2026-01-29,2026-01-29,2026-01-29,1,414.39,414.39,0.0,414.39,2026-01-29 00:00:00,414.39,0.0,1,1,[414.39],/home/jacky/DatosSerie/Resultados/Prediccion/anomalias_sinteticas_csv/005_ARIMA_DIRECT_IFOREST.csv,/home/jacky/DatosSerie/Resultados/Prediccion/anomalias_sinteticas_limpias_csv/005_ARIMA_DIRECT_IFOREST.csv,predicha,sintetica
6,ARIMA_DIRECT,ARIMA_DIRECT,series_riesgo_pais_1,TIMEGPT,2026-02-09,2026-02-09,2026-02-09,1,414.37,414.37,0.0,414.37,2026-02-09 00:00:00,414.37,0.0,1,1,[414.37],/home/jacky/DatosSerie/Resultados/Prediccion/anomalias_sinteticas_csv/006_ARIMA_DIRECT_TIMEGPT.csv,/home/jacky/DatosSerie/Resultados/Prediccion/anomalias_sinteticas_limpias_csv/006_ARIMA_DIRECT_TIMEGPT.csv,predicha,sintetica
7,ARIMA_DIRECT,ARIMA_DIRECT,series_riesgo_pais_1,TIMESNET,2026-02-21,2026-02-21,2026-02-21,1,414.37,414.37,0.0,414.37,2026-02-21 00:00:00,414.37,0.0,1,1,[414.37],/home/jacky/DatosSerie/Resultados/Prediccion/anomalias_sinteticas_csv/007_ARIMA_DIRECT_TIMESNET.csv,/home/jacky/DatosSerie/Resultados/Prediccion/anomalias_sinteticas_limpias_csv/007_ARIMA_DIRECT_TIMESNET.csv,predicha,sintetica
8,ARIMA_DIRECT,ARIMA_DIRECT,series_riesgo_pais_1,TRANAD,2026-02-21,2026-02-21,2026-02-21,1,414.37,414.37,0.0,414.37,2026-02-21 00:00:00,414.37,0.0,1,1,[414.37],/home/jacky/DatosSerie/Resultados/Prediccion/anomalias_sinteticas_csv/008_ARIMA_DIRECT_TRANAD.csv,/home/jacky/DatosSerie/Resultados/Prediccion/anomalias_sinteticas_limpias_csv/008_ARIMA_DIRECT_TRANAD.csv,predicha,sintetica
9,ARIMA_FEEDBACK,ARIMA_FEEDBACK,series_riesgo_pais_1,ARIMA,2026-01-29,2026-01-29,2026-01-29,1,413.98,413.98,0.0,413.98,2026-01-29 00:00:00,413.98,0.0,1,1,[413.98],/home/jacky/DatosSerie/Resultados/Prediccion/anomalias_sinteticas_csv/009_ARIMA_FEEDBACK_ARIMA.csv,/home/jacky/DatosSerie/Resultados/Prediccion/anomalias_sinteticas_limpias_csv/009_ARIMA_FEEDBACK_ARIMA.csv,predicha,sintetica
10,ARIMA_FEEDBACK,ARIMA_FEEDBACK,series_riesgo_pais_1,ARIMA,2026-01-31,2026-01-31,2026-01-31,1,415.78,415.78,0.0,415.78,2026-01-31 00:00:00,415.78,0.0,1,1,[415.78],/home/jacky/DatosSerie/Resultados/Prediccion/anomalias_sinteticas_csv/010_ARIMA_FEEDBACK_ARIMA.csv,/home/jacky/DatosSerie/Resultados/Prediccion/anomalias_sinteticas_limpias_csv/010_ARIMA_FEEDBACK_ARIMA.csv,predicha,sintetica
11,ARIMA_FEEDBACK,ARIMA_FEEDBACK,series_riesgo_pais_1,DBSCAN,2026-01-29,2026-02-09,2026-02-03,12,412.81,415.78,2.9699999999999704,415.78,2026-01-29 00:00:00,413.90000000000003,0.9053084189011614,12,12,"[413.98, 413.97, 415.78, 415.49, 413.9, 413.58, 414.19, 414.03, 413.22, 412.87, 412.98, 412.81]",/home/jacky/DatosSerie/Resultados/Prediccion/anomalias_sinteticas_csv/011_ARIMA_FEEDBACK_DBSCAN.csv,/home/jacky/DatosSerie/Resultados/Prediccion/anomalias_sinteticas_limpias_csv/011_ARIMA_FEEDBACK_DBSCAN.csv,predicha,sintetica
12,ARIMA_FEEDBACK,ARIMA_FEEDBACK,series_riesgo_pais_1,DBSCAN,2026-02-17,2026-02-27,2026-02-22,11,408.09,410.64,2.5500000000000114,410.64,2026-02-17 00:00:00,409.3527272727273,0.7981580033722048,11,11,"[410.64, 410.36, 410.08, 409.85, 409.62, 409.35, 409.09, 408.85, 408.6, 408.35, 408.09]",/home/jacky/DatosSerie/Resultados/Prediccion/anomalias_sinteticas_csv/012_ARIMA_FEEDBACK_DBSCAN.csv,/home/jacky/DatosSerie/Resultados/Prediccion/anomalias_sinteticas_limpias_csv/012_ARIMA_FEEDBACK_DBSCAN.csv,predicha,sintetica
13,ARIMA_FEEDBACK,ARIMA_FEEDBACK,series_riesgo_pais_1,DIF,2026-01-31,2026-01-31,2026-01-31,1,415.78,415.78,0.0,415.78,2026-01-31 00:00:00,415.78,0.0,1,1,[415.78],/home/jacky/DatosSerie/Resultados/Prediccion/anomalias_sinteticas_csv/013_ARIMA_FEEDBACK_DIF.csv,/home/jacky/DatosSerie/Resultados/Prediccion/anomalias_sinteticas_limpias_csv/013_ARIMA_FEEDBACK_DIF.csv,predicha,sintetica
14,ARIMA_FEEDBACK,ARIMA_FEEDBACK,series_riesgo_pais_1,DIF,2026-02-02,2026-02-02,2026-02-02,1,413.9,413.9,0.0,413.9,2026-02-02 00:00:00,413.9,0.0,1,1,[413.9],/home/jacky/DatosSerie/Resultados/Prediccion/anomalias_sinteticas_csv/014_ARIMA_FEEDBACK_DIF.csv,/home/jacky/DatosSerie/Resultados/Prediccion/anomalias_sinteticas_limpias_csv/014_ARIMA_FEEDBACK_DIF.csv,predicha,sintetica
15,ARIMA_FEEDBACK,ARIMA_FEEDBACK,series_riesgo_pais_1,IFOREST,2026-01-31,2026-01-31,2026-01-31,1,415.78,415.78,0.0,415.78,2026-01-31 00:00:00,415.78,0.0,1,1,[415.78],/home/jacky/DatosSerie/Resultados/Prediccion/anomalias_sinteticas_csv/015_ARIMA_FEEDBACK_IFOREST.csv,/home/jacky/DatosSerie/Resultados/Prediccion/anomalias_sinteticas_limpias_csv/015_ARIMA_FEEDBACK_IFOREST.csv,predicha,sintetica
16,ARIMA_FEEDBACK,ARIMA_FEEDBACK,series_riesgo_pais_1,TIMEGPT,2026-02-09,2026-02-09,2026-02-09,1,412.81,412.81,0.0,412.81,2026-02-09 00:00:00,412.81,0.0,1,1,[412.81],/home/jacky/DatosSerie/Resultados/Prediccion/anomalias_sinteticas_csv/016_ARIMA_FEEDBACK_TIMEGPT.csv,/home/jacky/DatosSerie/Resultados/Prediccion/anomalias_sinteticas_limpias_csv/016_ARIMA_FEEDBACK_TIMEGPT.csv,predicha,sintetica
17,ARIMA_FEEDBACK,ARIMA_FEEDBACK,series_riesgo_pais_1,TIMESNET,2026-02-21,2026-02-21,2026-02-21,1,409.62,409.62,0.0,409.62,2026-02-21 00:00:00,409.62,0.0,1,1,[409.62],/home/jacky/DatosSerie/Resultados/Prediccion/anomalias_sinteticas_csv/017_ARIMA_FEEDBACK_TIMESNET.csv,/home/jacky/DatosSerie/Resultados/Prediccion/anomalias_sinteticas_limpias_csv/017_ARIMA_FEEDBACK_TIMESNET.csv,predicha,sintetica
18,ARIMA_FEEDBACK,ARIMA_FEEDBACK,series_riesgo_pais_1,TRANAD,2026-02-22,2026-02-22,2026-02-22,1,409.35,409.35,0.0,409.35,2026-02-22 00:00:00,409.35,0.0,1,1,[409.35],/home/jacky/DatosSerie/Resultados/Prediccion/anomalias_sinteticas_csv/018_ARIMA_FEEDBACK_TRANAD.csv,/home/jacky/DatosSerie/Resultados/Prediccion/anomalias_sinteticas_limpias_csv/018_ARIMA_FEEDBACK_TRANAD.csv,predicha,sintetica
19,SVR_FEEDBACK,SVR_FEEDBACK,series_riesgo_pais_1,ARIMA,2026-01-29,2026-01-30,2026-01-29,2,459.86,462.07,2.2099999999999795,462.07,2026-01-29 00:00:00,460.96500000000003,1.1049999999999898,2,2,"[459.86, 462.07]",/home/jacky/DatosSerie/Resultados/Prediccion/anomalias_sinteticas_csv/019_SVR_FEEDBACK_ARIMA.csv,/home/jacky/DatosSerie/Resultados/Prediccion/anomalias_sinteticas_limpias_csv/019_SVR_FEEDBACK_ARIMA.csv,predicha,sintetica
20,SVR_FEEDBACK,SVR_FEEDBACK,series_riesgo_pais_1,DBSCAN,2026-01-29,2026-02-09,2026-02-03,12,459.86,476.03,16.16999999999996,476.03,2026-01-29 00:00:00,468.60166666666663,4.952263511656953,12,12,"[459.86, 462.07, 463.76, 465.47, 466.8, 468.1, 469.47, 470.97, 472.32, 473.57, 474.8, 476.03]",/home/jacky/DatosSerie/Resultados/Prediccion/anomalias_sinteticas_csv/020_SVR_FEEDBACK_DBSCAN.csv,/home/jacky/DatosSerie/Resultados/Prediccion/anomalias_sinteticas_limpias_csv/020_SVR_FEEDBACK_DBSCAN.csv,predicha,sintetica
21,SVR_FEEDBACK,SVR_FEEDBACK,series_riesgo_pais_1,DBSCAN,2026-02-16,2026-02-22,2026-02-19,7,485.45,492.04,6.590000000000032,492.04,2026-02-16 00:00:00,489.06571428571425,2.1941015547720446,7,7,"[485.45, 486.89, 488.16, 489.39, 490.35, 491.18, 492.04]",/home/jacky/DatosSerie/Resultados/Prediccion/anomalias_sinteticas_csv/021_SVR_FEEDBACK_DBSCAN.csv,/home/jacky/DatosSerie/Resultados/Prediccion/anomalias_sinteticas_limpias_csv/021_SVR_FEEDBACK_DBSCAN.csv,predicha,sintetica
22,SVR_FEEDBACK,SVR_FEEDBACK,series_riesgo_pais_1,DIF,2026-01-30,2026-01-30,2026-01-30,1,462.07,462.07,0.0,462.07,2026-01-30 00:00:00,462.07,0.0,1,1,[462.07],/home/jacky/DatosSerie/Resultados/Prediccion/anomalias_sinteticas_csv/022_SVR_FEEDBACK_DIF.csv,/home/jacky/DatosSerie/Resultados/Prediccion/anomalias_sinteticas_limpias_csv/022_SVR_FEEDBACK_DIF.csv,predicha,sintetica
23,SVR_FEEDBACK,SVR_FEEDBACK,series_riesgo_pais_1,DIF,2026-02-01,2026-02-01,2026-02-01,1,465.47,465.47,0.0,465.47,2026-02-01 00:00:00,465.47,0.0,1,1,[465.47],/home/jacky/DatosSerie/Resultados/Prediccion/anomalias_sinteticas_csv/023_SVR_FEEDBACK_DIF.csv,/home/jacky/DatosSerie/Resultados/Prediccion/anomalias_sinteticas_limpias_csv/023_SVR_FEEDBACK_DIF.csv,predicha,sintetica
24,SVR_FEEDBACK,SVR_FEEDBACK,series_riesgo_pais_1,IFOREST,2026-01-29,2026-01-29,2026-01-29,1,459.86,459.86,0.0,459.86,2026-01-29 00:00:00,459.86,0.0,1,1,[459.86],/home/jacky/DatosSerie/Resultados/Prediccion/anomalias_sinteticas_csv/024_SVR_FEEDBACK_IFOREST.csv,/home/jacky/DatosSerie/Resultados/Prediccion/anomalias_sinteticas_limpias_csv/024_SVR_FEEDBACK_IFOREST.csv,predicha,sintetica
25,SVR_FEEDBACK,SVR_FEEDBACK,series_riesgo_pais_1,TIMEGPT,2026-02-09,2026-02-09,2026-02-09,1,476.03,476.03,0.0,476.03,2026-02-09 00:00:00,476.03,0.0,1,1,[476.03],/home/jacky/DatosSerie/Resultados/Prediccion/anomalias_sinteticas_csv/025_SVR_FEEDBACK_TIMEGPT.csv,/home/jacky/DatosSerie/Resultados/Prediccion/anomalias_sinteticas_limpias_csv/025_SVR_FEEDBACK_TIMEGPT.csv,predicha,sintetica
26,SVR_FEEDBACK,SVR_FEEDBACK,series_riesgo_pais_1,TIMESNET,2026-02-27,2026-02-27,2026-02-27,1,495.89,495.89,0.0,495.89,2026-02-27 00:00:00,495.89,0.0,1,1,[495.89],/home/jacky/DatosSerie/Resultados/Prediccion/anomalias_sinteticas_csv/026_SVR_FEEDBACK_TIMESNET.csv,/home/jacky/DatosSerie/Resultados/Prediccion/anomalias_sinteticas_limpias_csv/026_SVR_FEEDBACK_TIMESNET.csv,predicha,sintetica
27,SVR_FEEDBACK,SVR_FEEDBACK,series_riesgo_pais_1,TRANAD,2026-02-21,2026-02-21,2026-02-21,1,491.18,491.18,0.0,491.18,2026-02-21 00:00:00,491.18,0.0,1,1,[491.18],/home/jacky/DatosSerie/Resultados/Prediccion/anomalias_sinteticas_csv/027_SVR_FEEDBACK_TRANAD.csv,/home/jacky/DatosSerie/Resultados/Prediccion/anomalias_sinteticas_limpias_csv/027_SVR_FEEDBACK_TRANAD.csv,predicha,sintetica
28,SVR_DIRECT,SVR_DIRECT,series_riesgo_pais_1,ARIMA,2026-01-29,2026-01-30,2026-01-29,2,525.94,534.75,8.809999999999945,534.75,2026-01-29 00:00:00,530.345,4.404999999999973,2,2,"[534.75, 525.94]",/home/jacky/DatosSerie/Resultados/Prediccion/anomalias_sinteticas_csv/028_SVR_DIRECT_ARIMA.csv,/home/jacky/DatosSerie/Resultados/Prediccion/anomalias_sinteticas_limpias_csv/028_SVR_DIRECT_ARIMA.csv,predicha,sintetica
29,SVR_DIRECT,SVR_DIRECT,series_riesgo_pais_1,DBSCAN,2026-01-29,2026-02-01,2026-01-30,4,525.94,534.75,8.809999999999945,534.75,2026-01-29 00:00:00,528.2175,3.7729920156289585,4,4,"[534.75, 525.94, 525.97, 526.21]",/home/jacky/DatosSerie/Resultados/Prediccion/anomalias_sinteticas_csv/029_SVR_DIRECT_DBSCAN.csv,/home/jacky/DatosSerie/Resultados/Prediccion/anomalias_sinteticas_limpias_csv/029_SVR_DIRECT_DBSCAN.csv,predicha,sintetica
30,SVR_DIRECT,SVR_DIRECT,series_riesgo_pais_1,DBSCAN,2026-02-09,2026-02-27,2026-02-18,19,483.88,533.96,50.08000000000004,533.96,2026-02-09 00:00:00,513.8563157894736,13.61063678874041,19,19,"[515.94, 512.55, 516.49, 515.71, 522.88, 517.78, 523.02, 528.12, 528.51, 533.96, 527.41, 521.71, 516.62, 512.74, 504.5, 496.22, 497.43, 487.8, 483.88]",/home/jacky/DatosSerie/Resultados/Prediccion/anomalias_sinteticas_csv/030_SVR_DIRECT_DBSCAN.csv,/home/jacky/DatosSerie/Resultados/Prediccion/anomalias_sinteticas_limpias_csv/030_SVR_DIRECT_DBSCAN.csv,predicha,sintetica
31,SVR_DIRECT,SVR_DIRECT,series_riesgo_pais_1,DIF,2026-01-30,2026-01-30,2026-01-30,1,525.94,525.94,0.0,525.94,2026-01-30 00:00:00,525.94,0.0,1,1,[525.94],/home/jacky/DatosSerie/Resultados/Prediccion/anomalias_sinteticas_csv/031_SVR_DIRECT_DIF.csv,/home/jacky/DatosSerie/Resultados/Prediccion/anomalias_sinteticas_limpias_csv/031_SVR_DIRECT_DIF.csv,predicha,sintetica
32,SVR_DIRECT,SVR_DIRECT,series_riesgo_pais_1,DIF,2026-02-26,2026-02-26,2026-02-26,1,487.8,487.8,0.0,487.8,2026-02-26 00:00:00,487.8,0.0,1,1,[487.8],/home/jacky/DatosSerie/Resultados/Prediccion/anomalias_sinteticas_csv/032_SVR_DIRECT_DIF.csv,/home/jacky/DatosSerie/Resultados/Prediccion/anomalias_sinteticas_limpias_csv/032_SVR_DIRECT_DIF.csv,predicha,sintetica
33,SVR_DIRECT,SVR_DIRECT,series_riesgo_pais_1,IFOREST,2026-02-27,2026-02-27,2026-02-27,1,483.88,483.88,0.0,483.88,2026-02-27 00:00:00,483.88,0.0,1,1,[483.88],/home/jacky/DatosSerie/Resultados/Prediccion/anomalias_sinteticas_csv/033_SVR_DIRECT_IFOREST.csv,/home/jacky/DatosSerie/Resultados/Prediccion/anomalias_sinteticas_limpias_csv/033_SVR_DIRECT_IFOREST.csv,predicha,sintetica
34,SVR_DIRECT,SVR_DIRECT,series_riesgo_pais_1,TIMEGPT,2026-02-27,2026-02-27,2026-02-27,1,483.88,483.88,0.0,483.88,2026-02-27 00:00:00,483.88,0.0,1,1,[483.88],/home/jacky/DatosSerie/Resultados/Prediccion/anomalias_sinteticas_csv/034_SVR_DIRECT_TIMEGPT.csv,/home/jacky/DatosSerie/Resultados/Prediccion/anomalias_sinteticas_limpias_csv/034_SVR_DIRECT_TIMEGPT.csv,predicha,sintetica
35,SVR_DIRECT,SVR_DIRECT,series_riesgo_pais_1,TIMESNET,2026-02-27,2026-02-27,2026-02-27,1,483.88,483.88,0.0,483.88,2026-02-27 00:00:00,483.88,0.0,1,1,[483.88],/home/jacky/DatosSerie/Resultados/Prediccion/anomalias_sinteticas_csv/035_SVR_DIRECT_TIMESNET.csv,/home/jacky/DatosSerie/Resultados/Prediccion/anomalias_sinteticas_limpias_csv/035_SVR_DIRECT_TIMESNET.csv,predicha,sintetica
36,SVR_DIRECT,SVR_DIRECT,series_riesgo_pais_1,TRANAD,2026-02-27,2026-02-27,2026-02-27,1,483.88,483.88,0.0,483.88,2026-02-27 00:00:00,483.88,0.0,1,1,[483.88],/home/jacky/DatosSerie/Resultados/Prediccion/anomalias_sinteticas_csv/036_SVR_DIRECT_TRANAD.csv,/home/jacky/DatosSerie/Resultados/Prediccion/anomalias_sinteticas_limpias_csv/036_SVR_DIRECT_TRANAD.csv,predicha,sintetica
37,RF_FEEDBACK,RF_FEEDBACK,series_riesgo_pais_1,ARIMA,2026-01-29,2026-01-29,2026-01-29,1,413.67,413.67,0.0,413.67,2026-01-29 00:00:00,413.67,0.0,1,1,[413.67],/home/jacky/DatosSerie/Resultados/Prediccion/anomalias_sinteticas_csv/037_RF_FEEDBACK_ARIMA.csv,/home/jacky/DatosSerie/Resultados/Prediccion/anomalias_sinteticas_limpias_csv/037_RF_FEEDBACK_ARIMA.csv,predicha,sintetica
38,RF_FEEDBACK,RF_FEEDBACK,series_riesgo_pais_1,ARIMA,2026-02-12,2026-02-12,2026-02-12,1,444.58,444.58,0.0,444.58,2026-02-12 00:00:00,444.58,0.0,1,1,[444.58],/home/jacky/DatosSerie/Resultados/Prediccion/anomalias_sinteticas_csv/038_RF_FEEDBACK_ARIMA.csv,/home/jacky/DatosSerie/Resultados/Prediccion/anomalias_sinteticas_limpias_csv/038_RF_FEEDBACK_ARIMA.csv,predicha,sintetica
39,RF_FEEDBACK,RF_FEEDBACK,series_riesgo_pais_1,DBSCAN,2026-01-29,2026-02-11,2026-02-04,14,413.67,434.6,20.930000000000007,434.6,2026-01-29 00:00:00,420.1385714285715,5.735259188492155,14,14,"[413.67, 415.62, 415.99, 415.95, 416.68, 416.21, 416.93, 418.14, 419.36, 421.39, 423.2, 425.65, 428.55, 434.6]",/home/jacky/DatosSerie/Resultados/Prediccion/anomalias_sinteticas_csv/039_RF_FEEDBACK_DBSCAN.csv,/home/jacky/DatosSerie/Resultados/Prediccion/anomalias_sinteticas_limpias_csv/039_RF_FEEDBACK_DBSCAN.csv,predicha,sintetica
40,RF_FEEDBACK,RF_FEEDBACK,series_riesgo_pais_1,DBSCAN,2026-02-13,2026-02-17,2026-02-15,5,453.76,462.16,8.400000000000034,462.16,2026-02-13 00:00:00,458.23999999999995,2.930310563745767,5,5,"[453.76, 460.52, 462.16, 458.02, 456.74]",/home/jacky/DatosSerie/Resultados/Prediccion/anomalias_sinteticas_csv/040_RF_FEEDBACK_DBSCAN.csv,/home/jacky/DatosSerie/Resultados/Prediccion/anomalias_sinteticas_limpias_csv/040_RF_FEEDBACK_DBSCAN.csv,predicha,sintetica
41,RF_FEEDBACK,RF_FEEDBACK,series_riesgo_pais_1,DBSCAN,2026-02-24,2026-02-25,2026-02-24,2,457.7,458.13,0.4300000000000068,458.13,2026-02-24 00:00:00,457.91499999999996,0.2150000000000034,2,2,"[457.7, 458.13]",/home/jacky/DatosSerie/Resultados/Prediccion/anomalias_sinteticas_csv/041_RF_FEEDBACK_DBSCAN.csv,/home/jacky/DatosSerie/Resultados/Prediccion/anomalias_sinteticas_limpias_csv/041_RF_FEEDBACK_DBSCAN.csv,predicha,sintetica
42,RF_FEEDBACK,RF_FEEDBACK,series_riesgo_pais_1,DIF,2026-02-12,2026-02-13,2026-02-12,2,444.58,453.76,9.180000000000007,453.76,2026-02-12 00:00:00,449.16999999999996,4.590000000000003,2,2,"[444.58, 453.76]",/home/jacky/DatosSerie/Resultados/Prediccion/anomalias_sinteticas_csv/042_RF_FEEDBACK_DIF.csv,/home/jacky/DatosSerie/Resultados/Prediccion/anomalias_sinteticas_limpias_csv/042_RF_FEEDBACK_DIF.csv,predicha,sintetica
43,RF_FEEDBACK,RF_FEEDBACK,series_riesgo_pais_1,IFOREST,2026-02-15,2026-02-15,2026-02-15,1,462.16,462.16,0.0,462.16,2026-02-15 00:00:00,462.16,0.0,1,1,[462.16],/home/jacky/DatosSerie/Resultados/Prediccion/anomalias_sinteticas_csv/043_RF_FEEDBACK_IFOREST.csv,/home/jacky/DatosSerie/Resultados/Prediccion/anomalias_sinteticas_limpias_csv/043_RF_FEEDBACK_IFOREST.csv,predicha,sintetica
44,RF_FEEDBACK,RF_FEEDBACK,series_riesgo_pais_1,TIMEGPT,2026-02-24,2026-02-24,2026-02-24,1,457.7,457.7,0.0,457.7,2026-02-24 00:00:00,457.7,0.0,1,1,[457.7],/home/jacky/DatosSerie/Resultados/Prediccion/anomalias_sinteticas_csv/044_RF_FEEDBACK_TIMEGPT.csv,/home/jacky/DatosSerie/Resultados/Prediccion/anomalias_sinteticas_limpias_csv/044_RF_FEEDBACK_TIMEGPT.csv,predicha,sintetica
45,RF_FEEDBACK,RF_FEEDBACK,series_riesgo_pais_1,TIMESNET,2026-02-27,2026-02-27,2026-02-27,1,457.46,457.46,0.0,457.46,2026-02-27 00:00:00,457.46,0.0,1,1,[457.46],/home/jacky/DatosSerie/Resultados/Prediccion/anomalias_sinteticas_csv/045_RF_FEEDBACK_TIMESNET.csv,/home/jacky/DatosSerie/Resultados/Prediccion/anomalias_sinteticas_limpias_csv/045_RF_FEEDBACK_TIMESNET.csv,predicha,sintetica
46,RF_FEEDBACK,RF_FEEDBACK,series_riesgo_pais_1,TRANAD,2026-02-21,2026-02-21,2026-02-21,1,455.66,455.66,0.0,455.66,2026-02-21 00:00:00,455.66,0.0,1,1,[455.66],/home/jacky/DatosSerie/Resultados/Prediccion/anomalias_sinteticas_csv/046_RF_FEEDBACK_TRANAD.csv,/home/jacky/DatosSerie/Resultados/Prediccion/anomalias_sinteticas_limpias_csv/046_RF_FEEDBACK_TRANAD.csv,predicha,sintetica
47,RF_DIRECT,RF_DIRECT,series_riesgo_pais_1,ARIMA,2026-01-29,2026-01-29,2026-01-29,1,430.95,430.95,0.0,430.95,2026-01-29 00:00:00,430.95,0.0,1,1,[430.95],/home/jacky/DatosSerie/Resultados/Prediccion/anomalias_sinteticas_csv/047_RF_DIRECT_ARIMA.csv,/home/jacky/DatosSerie/Resultados/Prediccion/anomalias_sinteticas_limpias_csv/047_RF_DIRECT_ARIMA.csv,predicha,sintetica
48,RF_DIRECT,RF_DIRECT,series_riesgo_pais_1,ARIMA,2026-02-06,2026-02-06,2026-02-06,1,446.87,446.87,0.0,446.87,2026-02-06 00:00:00,446.87,0.0,1,1,[446.87],/home/jacky/DatosSerie/Resultados/Prediccion/anomalias_sinteticas_csv/048_RF_DIRECT_ARIMA.csv,/home/jacky/DatosSerie/Resultados/Prediccion/anomalias_sinteticas_limpias_csv/048_RF_DIRECT_ARIMA.csv,predicha,sintetica
49,RF_DIRECT,RF_DIRECT,series_riesgo_pais_1,DBSCAN,2026-01-29,2026-01-31,2026-01-30,3,430.95,435.63,4.680000000000007,435.63,2026-01-29 00:00:00,432.9333333333334,1.9760623022117032,3,3,"[430.95, 432.22, 435.63]",/home/jacky/DatosSerie/Resultados/Prediccion/anomalias_sinteticas_csv/049_RF_DIRECT_DBSCAN.csv,/home/jacky/DatosSerie/Resultados/Prediccion/anomalias_sinteticas_limpias_csv/049_RF_DIRECT_DBSCAN.csv,predicha,sintetica
50,RF_DIRECT,RF_DIRECT,series_riesgo_pais_1,DBSCAN,2026-02-02,2026-02-07,2026-02-04,6,445.76,452.15,6.389999999999986,452.15,2026-02-02 00:00:00,449.0116666666666,2.789805349641593,6,6,"[446.13, 451.27, 451.89, 452.15, 446.87, 445.76]",/home/jacky/DatosSerie/Resultados/Prediccion/anomalias_sinteticas_csv/050_RF_DIRECT_DBSCAN.csv,/home/jacky/DatosSerie/Resultados/Prediccion/anomalias_sinteticas_limpias_csv/050_RF_DIRECT_DBSCAN.csv,predicha,sintetica
51,RF_DIRECT,RF_DIRECT,series_riesgo_pais_1,DBSCAN,2026-02-10,2026-02-12,2026-02-11,3,446.96,447.69,0.7300000000000182,447.69,2026-02-10 00:00:00,447.28666666666663,0.30291179500897686,3,3,"[447.69, 447.21, 446.96]",/home/jacky/DatosSerie/Resultados/Prediccion/anomalias_sinteticas_csv/051_RF_DIRECT_DBSCAN.csv,/home/jacky/DatosSerie/Resultados/Prediccion/anomalias_sinteticas_limpias_csv/051_RF_DIRECT_DBSCAN.csv,predicha,sintetica
52,RF_DIRECT,RF_DIRECT,series_riesgo_pais_1,DBSCAN,2026-02-18,2026-02-25,2026-02-21,8,436.63,439.14,2.509999999999991,439.14,2026-02-18 00:00:00,438.1525,0.8316812790967385,8,8,"[439.14, 439.01, 438.7, 437.85, 437.61, 436.63, 437.5, 438.78]",/home/jacky/DatosSerie/Resultados/Prediccion/anomalias_sinteticas_csv/052_RF_DIRECT_DBSCAN.csv,/home/jacky/DatosSerie/Resultados/Prediccion/anomalias_sinteticas_limpias_csv/052_RF_DIRECT_DBSCAN.csv,predicha,sintetica
53,RF_DIRECT,RF_DIRECT,series_riesgo_pais_1,DBSCAN,2026-02-27,2026-02-27,2026-02-27,1,447.67,447.67,0.0,447.67,2026-02-27 00:00:00,447.67,0.0,1,1,[447.67],/home/jacky/DatosSerie/Resultados/Prediccion/anomalias_sinteticas_csv/053_RF_DIRECT_DBSCAN.csv,/home/jacky/DatosSerie/Resultados/Prediccion/anomalias_sinteticas_limpias_csv/053_RF_DIRECT_DBSCAN.csv,predicha,sintetica
54,RF_DIRECT,RF_DIRECT,series_riesgo_pais_1,DIF,2026-02-01,2026-02-01,2026-02-01,1,440.93,440.93,0.0,440.93,2026-02-01 00:00:00,440.93,0.0,1,1,[440.93],/home/jacky/DatosSerie/Resultados/Prediccion/anomalias_sinteticas_csv/054_RF_DIRECT_DIF.csv,/home/jacky/DatosSerie/Resultados/Prediccion/anomalias_sinteticas_limpias_csv/054_RF_DIRECT_DIF.csv,predicha,sintetica
55,RF_DIRECT,RF_DIRECT,series_riesgo_pais_1,DIF,2026-02-06,2026-02-06,2026-02-06,1,446.87,446.87,0.0,446.87,2026-02-06 00:00:00,446.87,0.0,1,1,[446.87],/home/jacky/DatosSerie/Resultados/Prediccion/anomalias_sinteticas_csv/055_RF_DIRECT_DIF.csv,/home/jacky/DatosSerie/Resultados/Prediccion/anomalias_sinteticas_limpias_csv/055_RF_DIRECT_DIF.csv,predicha,sintetica
56,RF_DIRECT,RF_DIRECT,series_riesgo_pais_1,IFOREST,2026-01-29,2026-01-29,2026-01-29,1,430.95,430.95,0.0,430.95,2026-01-29 00:00:00,430.95,0.0,1,1,[430.95],/home/jacky/DatosSerie/Resultados/Prediccion/anomalias_sinteticas_csv/056_RF_DIRECT_IFOREST.csv,/home/jacky/DatosSerie/Resultados/Prediccion/anomalias_sinteticas_limpias_csv/056_RF_DIRECT_IFOREST.csv,predicha,sintetica
57,RF_DIRECT,RF_DIRECT,series_riesgo_pais_1,TIMEGPT,2026-02-09,2026-02-09,2026-02-09,1,446.39,446.39,0.0,446.39,2026-02-09 00:00:00,446.39,0.0,1,1,[446.39],/home/jacky/DatosSerie/Resultados/Prediccion/anomalias_sinteticas_csv/057_RF_DIRECT_TIMEGPT.csv,/home/jacky/DatosSerie/Resultados/Prediccion/anomalias_sinteticas_limpias_csv/057_RF_DIRECT_TIMEGPT.csv,predicha,sintetica
58,RF_DIRECT,RF_DIRECT,series_riesgo_pais_1,TIMESNET,2026-02-21,2026-02-21,2026-02-21,1,437.85,437.85,0.0,437.85,2026-02-21 00:00:00,437.85,0.0,1,1,[437.85],/home/jacky/DatosSerie/Resultados/Prediccion/anomalias_sinteticas_csv/058_RF_DIRECT_TIMESNET.csv,/home/jacky/DatosSerie/Resultados/Prediccion/anomalias_sinteticas_limpias_csv/058_RF_DIRECT_TIMESNET.csv,predicha,sintetica
59,RF_DIRECT,RF_DIRECT,series_riesgo_pais_1,TRANAD,2026-02-21,2026-02-21,2026-02-21,1,437.85,437.85,0.0,437.85,2026-02-21 00:00:00,437.85,0.0,1,1,[437.85],/home/jacky/DatosSerie/Resultados/Prediccion/anomalias_sinteticas_csv/059_RF_DIRECT_TRANAD.csv,/home/jacky/DatosSerie/Resultados/Prediccion/anomalias_sinteticas_limpias_csv/059_RF_DIRECT_TRANAD.csv,predicha,sintetica
60,PROPHET_DIRECT,PROPHET_DIRECT,series_riesgo_pais_1,ARIMA,2026-01-29,2026-01-29,2026-01-29,1,1253.86,1253.86,0.0,1253.86,2026-01-29 00:00:00,1253.86,0.0,1,1,[1253.86],/home/jacky/DatosSerie/Resultados/Prediccion/anomalias_sinteticas_csv/060_PROPHET_DIRECT_ARIMA.csv,/home/jacky/DatosSerie/Resultados/Prediccion/anomalias_sinteticas_limpias_csv/060_PROPHET_DIRECT_ARIMA.csv,predicha,sintetica
61,PROPHET_DIRECT,PROPHET_DIRECT,series_riesgo_pais_1,ARIMA,2026-02-10,2026-02-10,2026-02-10,1,1264.42,1264.42,0.0,1264.42,2026-02-10 00:00:00,1264.42,0.0,1,1,[1264.42],/home/jacky/DatosSerie/Resultados/Prediccion/anomalias_sinteticas_csv/061_PROPHET_DIRECT_ARIMA.csv,/home/jacky/DatosSerie/Resultados/Prediccion/anomalias_sinteticas_limpias_csv/061_PROPHET_DIRECT_ARIMA.csv,predicha,sintetica
62,PROPHET_DIRECT,PROPHET_DIRECT,series_riesgo_pais_1,DBSCAN,2026-02-01,2026-02-12,2026-02-06,12,1261.55,1270.72,9.170000000000073,1270.72,2026-02-01 00:00:00,1266.7958333333333,3.121146846735846,11,12,"[1263.36, 1267.59, 1266.02, 1267.48, 1270.72, 1269.16, 1269.65, 1269.65, 1269.95, 1264.42, 1262.0, 1261.55]",/home/jacky/DatosSerie/Resultados/Prediccion/anomalias_sinteticas_csv/062_PROPHET_DIRECT_DBSCAN.csv,/home/jacky/DatosSerie/Resultados/Prediccion/anomalias_sinteticas_limpias_csv/062_PROPHET_DIRECT_DBSCAN.csv,predicha,sintetica
63,PROPHET_DIRECT,PROPHET_DIRECT,series_riesgo_pais_1,DBSCAN,2026-02-17,2026-02-27,2026-02-22,11,1228.64,1242.62,13.97999999999979,1242.62,2026-02-17 00:00:00,1234.0127272727275,4.192395910583106,11,11,"[1242.62, 1239.34, 1238.68, 1234.17, 1232.76, 1231.97, 1232.63, 1228.64, 1228.91, 1232.27, 1232.15]",/home/jacky/DatosSerie/Resultados/Prediccion/anomalias_sinteticas_csv/063_PROPHET_DIRECT_DBSCAN.csv,/home/jacky/DatosSerie/Resultados/Prediccion/anomalias_sinteticas_limpias_csv/063_PROPHET_DIRECT_DBSCAN.csv,predicha,sintetica
64,PROPHET_DIRECT,PROPHET_DIRECT,series_riesgo_pais_1,DIF,2026-02-10,2026-02-10,2026-02-10,1,1264.42,1264.42,0.0,1264.42,2026-02-10 00:00:00,1264.42,0.0,1,1,[1264.42],/home/jacky/DatosSerie/Resultados/Prediccion/anomalias_sinteticas_csv/064_PROPHET_DIRECT_DIF.csv,/home/jacky/DatosSerie/Resultados/Prediccion/anomalias_sinteticas_limpias_csv/064_PROPHET_DIRECT_DIF.csv,predicha,sintetica
65,PROPHET_DIRECT,PROPHET_DIRECT,series_riesgo_pais_1,DIF,2026-02-17,2026-02-17,2026-02-17,1,1242.62,1242.62,0.0,1242.62,2026-02-17 00:00:00,1242.62,0.0,1,1,[1242.62],/home/jacky/DatosSerie/Resultados/Prediccion/anomalias_sinteticas_csv/065_PROPHET_DIRECT_DIF.csv,/home/jacky/DatosSerie/Resultados/Prediccion/anomalias_sinteticas_limpias_csv/065_PROPHET_DIRECT_DIF.csv,predicha,sintetica
66,PROPHET_DIRECT,PROPHET_DIRECT,series_riesgo_pais_1,IFOREST,2026-02-24,2026-02-24,2026-02-24,1,1228.64,1228.64,0.0,1228.64,2026-02-24 00:00:00,1228.64,0.0,1,1,[1228.64],/home/jacky/DatosSerie/Resultados/Prediccion/anomalias_sinteticas_csv/066_PROPHET_DIRECT_IFOREST.csv,/home/jacky/DatosSerie/Resultados/Prediccion/anomalias_sinteticas_limpias_csv/066_PROPHET_DIRECT_IFOREST.csv,predicha,sintetica
67,PROPHET_DIRECT,PROPHET_DIRECT,series_riesgo_pais_1,TIMEGPT,2026-02-09,2026-02-09,2026-02-09,1,1269.95,1269.95,0.0,1269.95,2026-02-09 00:00:00,1269.95,0.0,1,1,[1269.95],/home/jacky/DatosSerie/Resultados/Prediccion/anomalias_sinteticas_csv/067_PROPHET_DIRECT_TIMEGPT.csv,/home/jacky/DatosSerie/Resultados/Prediccion/anomalias_sinteticas_limpias_csv/067_PROPHET_DIRECT_TIMEGPT.csv,predicha,sintetica
68,PROPHET_DIRECT,PROPHET_DIRECT,series_riesgo_pais_1,TIMESNET,2026-02-27,2026-02-27,2026-02-27,1,1232.15,1232.15,0.0,1232.15,2026-02-27 00:00:00,1232.15,0.0,1,1,[1232.15],/home/jacky/DatosSerie/Resultados/Prediccion/anomalias_sinteticas_csv/068_PROPHET_DIRECT_TIMESNET.csv,/home/jacky/DatosSerie/Resultados/Prediccion/anomalias_sinteticas_limpias_csv/068_PROPHET_DIRECT_TIMESNET.csv,predicha,sintetica
69,PROPHET_DIRECT,PROPHET_DIRECT,series_riesgo_pais_1,TRANAD,2026-02-27,2026-02-27,2026-02-27,1,1232.15,1232.15,0.0,1232.15,2026-02-27 00:00:00,1232.15,0.0,1,1,[1232.15],/home/jacky/DatosSerie/Resultados/Prediccion/anomalias_sinteticas_csv/069_PROPHET_DIRECT_TRANAD.csv,/home/jacky/DatosSerie/Resultados/Prediccion/anomalias_sinteticas_limpias_csv/069_PROPHET_DIRECT_TRANAD.csv,predicha,sintetica
70,PROPHET_FEEDBACK,PROPHET_FEEDBACK,series_riesgo_pais_1,ARIMA,2026-01-29,2026-01-29,2026-01-29,1,1253.86,1253.86,0.0,1253.86,2026-01-29 00:00:00,1253.86,0.0,1,1,[1253.86],/home/jacky/DatosSerie/Resultados/Prediccion/anomalias_sinteticas_csv/070_PROPHET_FEEDBACK_ARIMA.csv,/home/jacky/DatosSerie/Resultados/Prediccion/anomalias_sinteticas_limpias_csv/070_PROPHET_FEEDBACK_ARIMA.csv,predicha,sintetica
71,PROPHET_FEEDBACK,PROPHET_FEEDBACK,series_riesgo_pais_1,ARIMA,2026-01-31,2026-01-31,2026-01-31,1,1261.3,1261.3,0.0,1261.3,2026-01-31 00:00:00,1261.3,0.0,1,1,[1261.3],/home/jacky/DatosSerie/Resultados/Prediccion/anomalias_sinteticas_csv/071_PROPHET_FEEDBACK_ARIMA.csv,/home/jacky/DatosSerie/Resultados/Prediccion/anomalias_sinteticas_limpias_csv/071_PROPHET_FEEDBACK_ARIMA.csv,predicha,sintetica
72,PROPHET_FEEDBACK,PROPHET_FEEDBACK,series_riesgo_pais_1,DBSCAN,2026-01-29,2026-01-29,2026-01-29,1,1253.86,1253.86,0.0,1253.86,2026-01-29 00:00:00,1253.86,0.0,1,1,[1253.86],/home/jacky/DatosSerie/Resultados/Prediccion/anomalias_sinteticas_csv/072_PROPHET_FEEDBACK_DBSCAN.csv,/home/jacky/DatosSerie/Resultados/Prediccion/anomalias_sinteticas_limpias_csv/072_PROPHET_FEEDBACK_DBSCAN.csv,predicha,sintetica
73,PROPHET_FEEDBACK,PROPHET_FEEDBACK,series_riesgo_pais_1,DBSCAN,2026-02-01,2026-02-01,2026-02-01,1,1263.63,1263.63,0.0,1263.63,2026-02-01 00:00:00,1263.63,0.0,1,1,[1263.63],/home/jacky/DatosSerie/Resultados/Prediccion/anomalias_sinteticas_csv/073_PROPHET_FEEDBACK_DBSCAN.csv,/home/jacky/DatosSerie/Resultados/Prediccion/anomalias_sinteticas_limpias_csv/073_PROPHET_FEEDBACK_DBSCAN.csv,predicha,sintetica
74,PROPHET_FEEDBACK,PROPHET_FEEDBACK,series_riesgo_pais_1,DBSCAN,2026-02-05,2026-02-06,2026-02-05,2,1269.38,1270.44,1.0599999999999454,1270.44,2026-02-05 00:00:00,1269.91,0.5299999999999727,2,2,"[1270.44, 1269.38]",/home/jacky/DatosSerie/Resultados/Prediccion/anomalias_sinteticas_csv/074_PROPHET_FEEDBACK_DBSCAN.csv,/home/jacky/DatosSerie/Resultados/Prediccion/anomalias_sinteticas_limpias_csv/074_PROPHET_FEEDBACK_DBSCAN.csv,predicha,sintetica
75,PROPHET_FEEDBACK,PROPHET_FEEDBACK,series_riesgo_pais_1,DBSCAN,2026-02-10,2026-02-13,2026-02-11,4,1254.54,1265.2,10.660000000000082,1265.2,2026-02-10 00:00:00,1260.6525,3.8508140373173267,4,4,"[1265.2, 1261.59, 1261.28, 1254.54]",/home/jacky/DatosSerie/Resultados/Prediccion/anomalias_sinteticas_csv/075_PROPHET_FEEDBACK_DBSCAN.csv,/home/jacky/DatosSerie/Resultados/Prediccion/anomalias_sinteticas_limpias_csv/075_PROPHET_FEEDBACK_DBSCAN.csv,predicha,sintetica
76,PROPHET_FEEDBACK,PROPHET_FEEDBACK,series_riesgo_pais_1,DBSCAN,2026-02-17,2026-02-19,2026-02-18,3,1237.7,1240.95,3.25,1240.95,2026-02-17 00:00:00,1239.3,1.3272779161376371,3,3,"[1240.95, 1239.25, 1237.7]",/home/jacky/DatosSerie/Resultados/Prediccion/anomalias_sinteticas_csv/076_PROPHET_FEEDBACK_DBSCAN.csv,/home/jacky/DatosSerie/Resultados/Prediccion/anomalias_sinteticas_limpias_csv/076_PROPHET_FEEDBACK_DBSCAN.csv,predicha,sintetica
77,PROPHET_FEEDBACK,PROPHET_FEEDBACK,series_riesgo_pais_1,DBSCAN,2026-02-21,2026-02-21,2026-02-21,1,1235.71,1235.71,0.0,1235.71,2026-02-21 00:00:00,1235.71,0.0,1,1,[1235.71],/home/jacky/DatosSerie/Resultados/Prediccion/anomalias_sinteticas_csv/077_PROPHET_FEEDBACK_DBSCAN.csv,/home/jacky/DatosSerie/Resultados/Prediccion/anomalias_sinteticas_limpias_csv/077_PROPHET_FEEDBACK_DBSCAN.csv,predicha,sintetica
78,PROPHET_FEEDBACK,PROPHET_FEEDBACK,series_riesgo_pais_1,DBSCAN,2026-02-23,2026-02-23,2026-02-23,1,1231.87,1231.87,0.0,1231.87,2026-02-23 00:00:00,1231.87,0.0,1,1,[1231.87],/home/jacky/DatosSerie/Resultados/Prediccion/anomalias_sinteticas_csv/078_PROPHET_FEEDBACK_DBSCAN.csv,/home/jacky/DatosSerie/Resultados/Prediccion/anomalias_sinteticas_limpias_csv/078_PROPHET_FEEDBACK_DBSCAN.csv,predicha,sintetica
79,PROPHET_FEEDBACK,PROPHET_FEEDBACK,series_riesgo_pais_1,DBSCAN,2026-02-25,2026-02-27,2026-02-26,3,1231.87,1232.57,0.7000000000000455,1232.57,2026-02-25 00:00:00,1232.1733333333332,0.2932954520994691,3,3,"[1232.08, 1231.87, 1232.57]",/home/jacky/DatosSerie/Resultados/Prediccion/anomalias_sinteticas_csv/079_PROPHET_FEEDBACK_DBSCAN.csv,/home/jacky/DatosSerie/Resultados/Prediccion/anomalias_sinteticas_limpias_csv/079_PROPHET_FEEDBACK_DBSCAN.csv,predicha,sintetica
80,PROPHET_FEEDBACK,PROPHET_FEEDBACK,series_riesgo_pais_1,DIF,2026-02-13,2026-02-13,2026-02-13,1,1254.54,1254.54,0.0,1254.54,2026-02-13 00:00:00,1254.54,0.0,1,1,[1254.54],/home/jacky/DatosSerie/Resultados/Prediccion/anomalias_sinteticas_csv/080_PROPHET_FEEDBACK_DIF.csv,/home/jacky/DatosSerie/Resultados/Prediccion/anomalias_sinteticas_limpias_csv/080_PROPHET_FEEDBACK_DIF.csv,predicha,sintetica
81,PROPHET_FEEDBACK,PROPHET_FEEDBACK,series_riesgo_pais_1,DIF,2026-02-17,2026-02-17,2026-02-17,1,1240.95,1240.95,0.0,1240.95,2026-02-17 00:00:00,1240.95,0.0,1,1,[1240.95],/home/jacky/DatosSerie/Resultados/Prediccion/anomalias_sinteticas_csv/081_PROPHET_FEEDBACK_DIF.csv,/home/jacky/DatosSerie/Resultados/Prediccion/anomalias_sinteticas_limpias_csv/081_PROPHET_FEEDBACK_DIF.csv,predicha,sintetica
82,PROPHET_FEEDBACK,PROPHET_FEEDBACK,series_riesgo_pais_1,IFOREST,2026-02-24,2026-02-24,2026-02-24,1,1230.26,1230.26,0.0,1230.26,2026-02-24 00:00:00,1230.26,0.0,1,1,[1230.26],/home/jacky/DatosSerie/Resultados/Prediccion/anomalias_sinteticas_csv/082_PROPHET_FEEDBACK_IFOREST.csv,/home/jacky/DatosSerie/Resultados/Prediccion/anomalias_sinteticas_limpias_csv/082_PROPHET_FEEDBACK_IFOREST.csv,predicha,sintetica
83,PROPHET_FEEDBACK,PROPHET_FEEDBACK,series_riesgo_pais_1,TIMEGPT,2026-02-09,2026-02-09,2026-02-09,1,1268.31,1268.31,0.0,1268.31,2026-02-09 00:00:00,1268.31,0.0,1,1,[1268.31],/home/jacky/DatosSerie/Resultados/Prediccion/anomalias_sinteticas_csv/083_PROPHET_FEEDBACK_TIMEGPT.csv,/home/jacky/DatosSerie/Resultados/Prediccion/anomalias_sinteticas_limpias_csv/083_PROPHET_FEEDBACK_TIMEGPT.csv,predicha,sintetica
84,PROPHET_FEEDBACK,PROPHET_FEEDBACK,series_riesgo_pais_1,TIMESNET,2026-02-27,2026-02-27,2026-02-27,1,1232.57,1232.57,0.0,1232.57,2026-02-27 00:00:00,1232.57,0.0,1,1,[1232.57],/home/jacky/DatosSerie/Resultados/Prediccion/anomalias_sinteticas_csv/084_PROPHET_FEEDBACK_TIMESNET.csv,/home/jacky/DatosSerie/Resultados/Prediccion/anomalias_sinteticas_limpias_csv/084_PROPHET_FEEDBACK_TIMESNET.csv,predicha,sintetica
85,PROPHET_FEEDBACK,PROPHET_FEEDBACK,series_riesgo_pais_1,TRANAD,2026-02-27,2026-02-27,2026-02-27,1,1232.57,1232.57,0.0,1232.57,2026-02-27 00:00:00,1232.57,0.0,1,1,[1232.57],/home/jacky/DatosSerie/Resultados/Prediccion/anomalias_sinteticas_csv/085_PROPHET_FEEDBACK_TRANAD.csv,/home/jacky/DatosSerie/Resultados/Prediccion/anomalias_sinteticas_limpias_csv/085_PROPHET_FEEDBACK_TRANAD.csv,predicha,sintetica
86,LSTM_FEEDBACK,LSTM_FEEDBACK,series_riesgo_pais_1,ARIMA,2026-01-29,2026-01-29,2026-01-29,1,418.52,418.52,0.0,418.52,2026-01-29 00:00:00,418.52,0.0,1,1,[418.52],/home/jacky/DatosSerie/Resultados/Prediccion/anomalias_sinteticas_csv/086_LSTM_FEEDBACK_ARIMA.csv,/home/jacky/DatosSerie/Resultados/Prediccion/anomalias_sinteticas_limpias_csv/086_LSTM_FEEDBACK_ARIMA.csv,predicha,sintetica
87,LSTM_FEEDBACK,LSTM_FEEDBACK,series_riesgo_pais_1,ARIMA,2026-02-01,2026-02-01,2026-02-01,1,420.23,420.23,0.0,420.23,2026-02-01 00:00:00,420.23,0.0,1,1,[420.23],/home/jacky/DatosSerie/Resultados/Prediccion/anomalias_sinteticas_csv/087_LSTM_FEEDBACK_ARIMA.csv,/home/jacky/DatosSerie/Resultados/Prediccion/anomalias_sinteticas_limpias_csv/087_LSTM_FEEDBACK_ARIMA.csv,predicha,sintetica
88,LSTM_FEEDBACK,LSTM_FEEDBACK,series_riesgo_pais_1,DBSCAN,2026-01-29,2026-01-30,2026-01-29,2,418.52,418.56,0.040000000000020464,418.56,2026-01-29 00:00:00,418.53999999999996,0.020000000000010232,2,2,"[418.52, 418.56]",/home/jacky/DatosSerie/Resultados/Prediccion/anomalias_sinteticas_csv/088_LSTM_FEEDBACK_DBSCAN.csv,/home/jacky/DatosSerie/Resultados/Prediccion/anomalias_sinteticas_limpias_csv/088_LSTM_FEEDBACK_DBSCAN.csv,predicha,sintetica
89,LSTM_FEEDBACK,LSTM_FEEDBACK,series_riesgo_pais_1,DBSCAN,2026-02-03,2026-02-09,2026-02-06,7,425.0,444.71,19.70999999999998,444.71,2026-02-03 00:00:00,434.6385714285715,6.601751777415758,7,7,"[425.0, 427.98, 431.17, 434.48, 437.86, 441.27, 444.71]",/home/jacky/DatosSerie/Resultados/Prediccion/anomalias_sinteticas_csv/089_LSTM_FEEDBACK_DBSCAN.csv,/home/jacky/DatosSerie/Resultados/Prediccion/anomalias_sinteticas_limpias_csv/089_LSTM_FEEDBACK_DBSCAN.csv,predicha,sintetica
90,LSTM_FEEDBACK,LSTM_FEEDBACK,series_riesgo_pais_1,DBSCAN,2026-02-16,2026-02-27,2026-02-21,12,468.51,502.85,34.34000000000003,502.85,2026-02-16 00:00:00,486.02,10.779703922959426,12,12,"[468.51, 471.81, 475.08, 478.32, 481.52, 484.68, 487.8, 490.89, 493.93, 496.94, 499.91, 502.85]",/home/jacky/DatosSerie/Resultados/Prediccion/anomalias_sinteticas_csv/090_LSTM_FEEDBACK_DBSCAN.csv,/home/jacky/DatosSerie/Resultados/Prediccion/anomalias_sinteticas_limpias_csv/090_LSTM_FEEDBACK_DBSCAN.csv,predicha,sintetica
91,LSTM_FEEDBACK,LSTM_FEEDBACK,series_riesgo_pais_1,DIF,2026-02-09,2026-02-10,2026-02-09,2,444.71,448.15,3.4399999999999977,448.15,2026-02-09 00:00:00,446.42999999999995,1.7199999999999989,2,2,"[444.71, 448.15]",/home/jacky/DatosSerie/Resultados/Prediccion/anomalias_sinteticas_csv/091_LSTM_FEEDBACK_DIF.csv,/home/jacky/DatosSerie/Resultados/Prediccion/anomalias_sinteticas_limpias_csv/091_LSTM_FEEDBACK_DIF.csv,predicha,sintetica
92,LSTM_FEEDBACK,LSTM_FEEDBACK,series_riesgo_pais_1,IFOREST,2026-02-27,2026-02-27,2026-02-27,1,502.85,502.85,0.0,502.85,2026-02-27 00:00:00,502.85,0.0,1,1,[502.85],/home/jacky/DatosSerie/Resultados/Prediccion/anomalias_sinteticas_csv/092_LSTM_FEEDBACK_IFOREST.csv,/home/jacky/DatosSerie/Resultados/Prediccion/anomalias_sinteticas_limpias_csv/092_LSTM_FEEDBACK_IFOREST.csv,predicha,sintetica
93,LSTM_FEEDBACK,LSTM_FEEDBACK,series_riesgo_pais_1,TIMEGPT,2026-02-27,2026-02-27,2026-02-27,1,502.85,502.85,0.0,502.85,2026-02-27 00:00:00,502.85,0.0,1,1,[502.85],/home/jacky/DatosSerie/Resultados/Prediccion/anomalias_sinteticas_csv/093_LSTM_FEEDBACK_TIMEGPT.csv,/home/jacky/DatosSerie/Resultados/Prediccion/anomalias_sinteticas_limpias_csv/093_LSTM_FEEDBACK_TIMEGPT.csv,predicha,sintetica
94,LSTM_FEEDBACK,LSTM_FEEDBACK,series_riesgo_pais_1,TIMESNET,2026-02-27,2026-02-27,2026-02-27,1,502.85,502.85,0.0,502.85,2026-02-27 00:00:00,502.85,0.0,1,1,[502.85],/home/jacky/DatosSerie/Resultados/Prediccion/anomalias_sinteticas_csv/094_LSTM_FEEDBACK_TIMESNET.csv,/home/jacky/DatosSerie/Resultados/Prediccion/anomalias_sinteticas_limpias_csv/094_LSTM_FEEDBACK_TIMESNET.csv,predicha,sintetica
95,LSTM_FEEDBACK,LSTM_FEEDBACK,series_riesgo_pais_1,TRANAD,2026-02-27,2026-02-27,2026-02-27,1,502.85,502.85,0.0,502.85,2026-02-27 00:00:00,502.85,0.0,1,1,[502.85],/home/jacky/DatosSerie/Resultados/Prediccion/anomalias_sinteticas_csv/095_LSTM_FEEDBACK_TRANAD.csv,/home/jacky/DatosSerie/Resultados/Prediccion/anomalias_sinteticas_limpias_csv/095_LSTM_FEEDBACK_TRANAD.csv,predicha,sintetica
96,LSTM_DIRECT,LSTM_DIRECT,series_riesgo_pais_1,ARIMA,2026-01-29,2026-01-29,2026-01-29,1,430.89,430.89,0.0,430.89,2026-01-29 00:00:00,430.89,0.0,1,1,[430.89],/home/jacky/DatosSerie/Resultados/Prediccion/anomalias_sinteticas_csv/096_LSTM_DIRECT_ARIMA.csv,/home/jacky/DatosSerie/Resultados/Prediccion/anomalias_sinteticas_limpias_csv/096_LSTM_DIRECT_ARIMA.csv,predicha,sintetica
97,LSTM_DIRECT,LSTM_DIRECT,series_riesgo_pais_1,ARIMA,2026-02-23,2026-02-23,2026-02-23,1,499.22,499.22,0.0,499.22,2026-02-23 00:00:00,499.22,0.0,1,1,[499.22],/home/jacky/DatosSerie/Resultados/Prediccion/anomalias_sinteticas_csv/097_LSTM_DIRECT_ARIMA.csv,/home/jacky/DatosSerie/Resultados/Prediccion/anomalias_sinteticas_limpias_csv/097_LSTM_DIRECT_ARIMA.csv,predicha,sintetica
98,LSTM_DIRECT,LSTM_DIRECT,series_riesgo_pais_1,DBSCAN,2026-01-29,2026-02-03,2026-01-31,6,425.89,439.69,13.800000000000011,439.69,2026-01-29 00:00:00,434.145,5.397591283773413,6,6,"[430.89, 430.2, 439.69, 425.89, 438.53, 439.67]",/home/jacky/DatosSerie/Resultados/Prediccion/anomalias_sinteticas_csv/098_LSTM_DIRECT_DBSCAN.csv,/home/jacky/DatosSerie/Resultados/Prediccion/anomalias_sinteticas_limpias_csv/098_LSTM_DIRECT_DBSCAN.csv,predicha,sintetica
99,LSTM_DIRECT,LSTM_DIRECT,series_riesgo_pais_1,DBSCAN,2026-02-05,2026-02-07,2026-02-06,3,427.34,455.67,28.33000000000004,455.67,2026-02-05 00:00:00,438.3533333333333,12.394790124170015,3,3,"[427.34, 432.05, 455.67]",/home/jacky/DatosSerie/Resultados/Prediccion/anomalias_sinteticas_csv/099_LSTM_DIRECT_DBSCAN.csv,/home/jacky/DatosSerie/Resultados/Prediccion/anomalias_sinteticas_limpias_csv/099_LSTM_DIRECT_DBSCAN.csv,predicha,sintetica
100,LSTM_DIRECT,LSTM_DIRECT,series_riesgo_pais_1,DBSCAN,2026-02-10,2026-02-11,2026-02-10,2,431.09,456.21,25.120000000000005,456.21,2026-02-10 00:00:00,443.65,12.560000000000002,2,2,"[431.09, 456.21]",/home/jacky/DatosSerie/Resultados/Prediccion/anomalias_sinteticas_csv/100_LSTM_DIRECT_DBSCAN.csv,/home/jacky/DatosSerie/Resultados/Prediccion/anomalias_sinteticas_limpias_csv/100_LSTM_DIRECT_DBSCAN.csv,predicha,sintetica
101,LSTM_DIRECT,LSTM_DIRECT,series_riesgo_pais_1,DBSCAN,2026-02-13,2026-02-13,2026-02-13,1,445.01,445.01,0.0,445.01,2026-02-13 00:00:00,445.01,0.0,1,1,[445.01],/home/jacky/DatosSerie/Resultados/Prediccion/anomalias_sinteticas_csv/101_LSTM_DIRECT_DBSCAN.csv,/home/jacky/DatosSerie/Resultados/Prediccion/anomalias_sinteticas_limpias_csv/101_LSTM_DIRECT_DBSCAN.csv,predicha,sintetica
102,LSTM_DIRECT,LSTM_DIRECT,series_riesgo_pais_1,DBSCAN,2026-02-16,2026-02-19,2026-02-17,4,437.52,476.68,39.160000000000025,476.68,2026-02-16 00:00:00,456.91249999999997,15.366804116341175,4,4,"[466.15, 437.52, 476.68, 447.3]",/home/jacky/DatosSerie/Resultados/Prediccion/anomalias_sinteticas_csv/102_LSTM_DIRECT_DBSCAN.csv,/home/jacky/DatosSerie/Resultados/Prediccion/anomalias_sinteticas_limpias_csv/102_LSTM_DIRECT_DBSCAN.csv,predicha,sintetica
103,LSTM_DIRECT,LSTM_DIRECT,series_riesgo_pais_1,DBSCAN,2026-02-21,2026-02-27,2026-02-24,7,465.11,499.22,34.110000000000014,499.22,2026-02-21 00:00:00,478.8114285714286,13.345231816828736,7,7,"[466.11, 468.67, 499.22, 470.35, 465.11, 489.67, 492.55]",/home/jacky/DatosSerie/Resultados/Prediccion/anomalias_sinteticas_csv/103_LSTM_DIRECT_DBSCAN.csv,/home/jacky/DatosSerie/Resultados/Prediccion/anomalias_sinteticas_limpias_csv/103_LSTM_DIRECT_DBSCAN.csv,predicha,sintetica
104,LSTM_DIRECT,LSTM_DIRECT,series_riesgo_pais_1,DIF,2026-02-18,2026-02-18,2026-02-18,1,476.68,476.68,0.0,476.68,2026-02-18 00:00:00,476.68,0.0,1,1,[476.68],/home/jacky/DatosSerie/Resultados/Prediccion/anomalias_sinteticas_csv/104_LSTM_DIRECT_DIF.csv,/home/jacky/DatosSerie/Resultados/Prediccion/anomalias_sinteticas_limpias_csv/104_LSTM_DIRECT_DIF.csv,predicha,sintetica
105,LSTM_DIRECT,LSTM_DIRECT,series_riesgo_pais_1,DIF,2026-02-23,2026-02-23,2026-02-23,1,499.22,499.22,0.0,499.22,2026-02-23 00:00:00,499.22,0.0,1,1,[499.22],/home/jacky/DatosSerie/Resultados/Prediccion/anomalias_sinteticas_csv/105_LSTM_DIRECT_DIF.csv,/home/jacky/DatosSerie/Resultados/Prediccion/anomalias_sinteticas_limpias_csv/105_LSTM_DIRECT_DIF.csv,predicha,sintetica
106,LSTM_DIRECT,LSTM_DIRECT,series_riesgo_pais_1,IFOREST,2026-02-23,2026-02-23,2026-02-23,1,499.22,499.22,0.0,499.22,2026-02-23 00:00:00,499.22,0.0,1,1,[499.22],/home/jacky/DatosSerie/Resultados/Prediccion/anomalias_sinteticas_csv/106_LSTM_DIRECT_IFOREST.csv,/home/jacky/DatosSerie/Resultados/Prediccion/anomalias_sinteticas_limpias_csv/106_LSTM_DIRECT_IFOREST.csv,predicha,sintetica
107,LSTM_DIRECT,LSTM_DIRECT,series_riesgo_pais_1,TIMEGPT,2026-02-27,2026-02-27,2026-02-27,1,492.55,492.55,0.0,492.55,2026-02-27 00:00:00,492.55,0.0,1,1,[492.55],/home/jacky/DatosSerie/Resultados/Prediccion/anomalias_sinteticas_csv/107_LSTM_DIRECT_TIMEGPT.csv,/home/jacky/DatosSerie/Resultados/Prediccion/anomalias_sinteticas_limpias_csv/107_LSTM_DIRECT_TIMEGPT.csv,predicha,sintetica
108,LSTM_DIRECT,LSTM_DIRECT,series_riesgo_pais_1,TIMESNET,2026-02-27,2026-02-27,2026-02-27,1,492.55,492.55,0.0,492.55,2026-02-27 00:00:00,492.55,0.0,1,1,[492.55],/home/jacky/DatosSerie/Resultados/Prediccion/anomalias_sinteticas_csv/108_LSTM_DIRECT_TIMESNET.csv,/home/jacky/DatosSerie/Resultados/Prediccion/anomalias_sinteticas_limpias_csv/108_LSTM_DIRECT_TIMESNET.csv,predicha,sintetica
109,LSTM_DIRECT,LSTM_DIRECT,series_riesgo_pais_1,TRANAD,2026-02-27,2026-02-27,2026-02-27,1,492.55,492.55,0.0,492.55,2026-02-27 00:00:00,492.55,0.0,1,1,[492.55],/home/jacky/DatosSerie/Resultados/Prediccion/anomalias_sinteticas_csv/109_LSTM_DIRECT_TRANAD.csv,/home/jacky/DatosSerie/Resultados/Prediccion/anomalias_sinteticas_limpias_csv/109_LSTM_DIRECT_TRANAD.csv,predicha,sintetica
110,NBEATS_DIRECT,NBEATS_DIRECT,series_riesgo_pais_1,ARIMA,2026-01-29,2026-01-29,2026-01-29,1,978.65,978.65,0.0,978.65,2026-01-29 00:00:00,978.65,0.0,1,1,[978.65],/home/jacky/DatosSerie/Resultados/Prediccion/anomalias_sinteticas_csv/110_NBEATS_DIRECT_ARIMA.csv,/home/jacky/DatosSerie/Resultados/Prediccion/anomalias_sinteticas_limpias_csv/110_NBEATS_DIRECT_ARIMA.csv,predicha,sintetica
111,NBEATS_DIRECT,NBEATS_DIRECT,series_riesgo_pais_1,ARIMA,2026-02-12,2026-02-12,2026-02-12,1,953.92,953.92,0.0,953.92,2026-02-12 00:00:00,953.92,0.0,1,1,[953.92],/home/jacky/DatosSerie/Resultados/Prediccion/anomalias_sinteticas_csv/111_NBEATS_DIRECT_ARIMA.csv,/home/jacky/DatosSerie/Resultados/Prediccion/anomalias_sinteticas_limpias_csv/111_NBEATS_DIRECT_ARIMA.csv,predicha,sintetica
112,NBEATS_DIRECT,NBEATS_DIRECT,series_riesgo_pais_1,DBSCAN,2026-01-29,2026-01-30,2026-01-29,2,978.65,979.54,0.8899999999999864,979.54,2026-01-29 00:00:00,979.095,0.4449999999999932,2,2,"[978.65, 979.54]",/home/jacky/DatosSerie/Resultados/Prediccion/anomalias_sinteticas_csv/112_NBEATS_DIRECT_DBSCAN.csv,/home/jacky/DatosSerie/Resultados/Prediccion/anomalias_sinteticas_limpias_csv/112_NBEATS_DIRECT_DBSCAN.csv,predicha,sintetica
113,NBEATS_DIRECT,NBEATS_DIRECT,series_riesgo_pais_1,DBSCAN,2026-02-01,2026-02-01,2026-02-01,1,992.45,992.45,0.0,992.45,2026-02-01 00:00:00,992.45,0.0,1,1,[992.45],/home/jacky/DatosSerie/Resultados/Prediccion/anomalias_sinteticas_csv/113_NBEATS_DIRECT_DBSCAN.csv,/home/jacky/DatosSerie/Resultados/Prediccion/anomalias_sinteticas_limpias_csv/113_NBEATS_DIRECT_DBSCAN.csv,predicha,sintetica
114,NBEATS_DIRECT,NBEATS_DIRECT,series_riesgo_pais_1,DBSCAN,2026-02-03,2026-02-03,2026-02-03,1,975.78,975.78,0.0,975.78,2026-02-03 00:00:00,975.78,0.0,1,1,[975.78],/home/jacky/DatosSerie/Resultados/Prediccion/anomalias_sinteticas_csv/114_NBEATS_DIRECT_DBSCAN.csv,/home/jacky/DatosSerie/Resultados/Prediccion/anomalias_sinteticas_limpias_csv/114_NBEATS_DIRECT_DBSCAN.csv,predicha,sintetica
115,NBEATS_DIRECT,NBEATS_DIRECT,series_riesgo_pais_1,DBSCAN,2026-02-05,2026-02-05,2026-02-05,1,963.67,963.67,0.0,963.67,2026-02-05 00:00:00,963.67,0.0,1,1,[963.67],/home/jacky/DatosSerie/Resultados/Prediccion/anomalias_sinteticas_csv/115_NBEATS_DIRECT_DBSCAN.csv,/home/jacky/DatosSerie/Resultados/Prediccion/anomalias_sinteticas_limpias_csv/115_NBEATS_DIRECT_DBSCAN.csv,predicha,sintetica
116,NBEATS_DIRECT,NBEATS_DIRECT,series_riesgo_pais_1,DBSCAN,2026-02-07,2026-02-10,2026-02-08,4,969.51,980.0,10.490000000000009,980.0,2026-02-07 00:00:00,975.5225,4.397370663248679,4,4,"[980.0, 969.51, 979.45, 973.13]",/home/jacky/DatosSerie/Resultados/Prediccion/anomalias_sinteticas_csv/116_NBEATS_DIRECT_DBSCAN.csv,/home/jacky/DatosSerie/Resultados/Prediccion/anomalias_sinteticas_limpias_csv/116_NBEATS_DIRECT_DBSCAN.csv,predicha,sintetica
117,NBEATS_DIRECT,NBEATS_DIRECT,series_riesgo_pais_1,DBSCAN,2026-02-12,2026-02-12,2026-02-12,1,953.92,953.92,0.0,953.92,2026-02-12 00:00:00,953.92,0.0,1,1,[953.92],/home/jacky/DatosSerie/Resultados/Prediccion/anomalias_sinteticas_csv/117_NBEATS_DIRECT_DBSCAN.csv,/home/jacky/DatosSerie/Resultados/Prediccion/anomalias_sinteticas_limpias_csv/117_NBEATS_DIRECT_DBSCAN.csv,predicha,sintetica
118,NBEATS_DIRECT,NBEATS_DIRECT,series_riesgo_pais_1,DBSCAN,2026-02-15,2026-02-27,2026-02-21,13,965.95,991.08,25.129999999999995,991.08,2026-02-15 00:00:00,979.8784615384616,6.918655767787273,13,13,"[982.95, 965.95, 981.75, 974.34, 991.08, 973.47, 986.88, 981.77, 982.05, 988.7, 982.18, 973.88, 973.42]",/home/jacky/DatosSerie/Resultados/Prediccion/anomalias_sinteticas_csv/118_NBEATS_DIRECT_DBSCAN.csv,/home/jacky/DatosSerie/Resultados/Prediccion/anomalias_sinteticas_limpias_csv/118_NBEATS_DIRECT_DBSCAN.csv,predicha,sintetica
119,NBEATS_DIRECT,NBEATS_DIRECT,series_riesgo_pais_1,DIF,2026-02-12,2026-02-13,2026-02-12,2,953.92,978.94,25.020000000000095,978.94,2026-02-12 00:00:00,966.4300000000001,12.510000000000048,2,2,"[953.92, 978.94]",/home/jacky/DatosSerie/Resultados/Prediccion/anomalias_sinteticas_csv/119_NBEATS_DIRECT_DIF.csv,/home/jacky/DatosSerie/Resultados/Prediccion/anomalias_sinteticas_limpias_csv/119_NBEATS_DIRECT_DIF.csv,predicha,sintetica
120,NBEATS_DIRECT,NBEATS_DIRECT,series_riesgo_pais_1,IFOREST,2026-02-12,2026-02-12,2026-02-12,1,953.92,953.92,0.0,953.92,2026-02-12 00:00:00,953.92,0.0,1,1,[953.92],/home/jacky/DatosSerie/Resultados/Prediccion/anomalias_sinteticas_csv/120_NBEATS_DIRECT_IFOREST.csv,/home/jacky/DatosSerie/Resultados/Prediccion/anomalias_sinteticas_limpias_csv/120_NBEATS_DIRECT_IFOREST.csv,predicha,sintetica
121,NBEATS_DIRECT,NBEATS_DIRECT,series_riesgo_pais_1,TIMEGPT,2026-02-20,2026-02-20,2026-02-20,1,973.47,973.47,0.0,973.47,2026-02-20 00:00:00,973.47,0.0,1,1,[973.47],/home/jacky/DatosSerie/Resultados/Prediccion/anomalias_sinteticas_csv/121_NBEATS_DIRECT_TIMEGPT.csv,/home/jacky/DatosSerie/Resultados/Prediccion/anomalias_sinteticas_limpias_csv/121_NBEATS_DIRECT_TIMEGPT.csv,predicha,sintetica
122,NBEATS_DIRECT,NBEATS_DIRECT,series_riesgo_pais_1,TIMESNET,2026-02-22,2026-02-22,2026-02-22,1,981.77,981.77,0.0,981.77,2026-02-22 00:00:00,981.77,0.0,1,1,[981.77],/home/jacky/DatosSerie/Resultados/Prediccion/anomalias_sinteticas_csv/122_NBEATS_DIRECT_TIMESNET.csv,/home/jacky/DatosSerie/Resultados/Prediccion/anomalias_sinteticas_limpias_csv/122_NBEATS_DIRECT_TIMESNET.csv,predicha,sintetica
123,NBEATS_DIRECT,NBEATS_DIRECT,series_riesgo_pais_1,TRANAD,2026-02-23,2026-02-23,2026-02-23,1,982.05,982.05,0.0,982.05,2026-02-23 00:00:00,982.05,0.0,1,1,[982.05],/home/jacky/DatosSerie/Resultados/Prediccion/anomalias_sinteticas_csv/123_NBEATS_DIRECT_TRANAD.csv,/home/jacky/DatosSerie/Resultados/Prediccion/anomalias_sinteticas_limpias_csv/123_NBEATS_DIRECT_TRANAD.csv,predicha,sintetica
124,NBEATS_FEEDBACK,NBEATS_FEEDBACK,series_riesgo_pais_1,ARIMA,2026-01-29,2026-01-29,2026-01-29,1,1142.42,1142.42,0.0,1142.42,2026-01-29 00:00:00,1142.42,0.0,1,1,[1142.42],/home/jacky/DatosSerie/Resultados/Prediccion/anomalias_sinteticas_csv/124_NBEATS_FEEDBACK_ARIMA.csv,/home/jacky/DatosSerie/Resultados/Prediccion/anomalias_sinteticas_limpias_csv/124_NBEATS_FEEDBACK_ARIMA.csv,predicha,sintetica
125,NBEATS_FEEDBACK,NBEATS_FEEDBACK,series_riesgo_pais_1,DIF,2026-01-30,2026-02-27,2026-02-13,29,1142.42,1142.42,0.0,1142.42,2026-01-30 00:00:00,1142.4199999999998,2.2737367544323206e-13,1,29,"[1142.42, 1142.42, 1142.42, 1142.42, 1142.42, 1142.42, 1142.42, 1142.42, 1142.42, 1142.42, 1142.42, 1142.42, 1142.42, 1142.42, 1142.42, 1142.42, 1142.42, 1142.42, 1142.42, 1142.42, 1142.42, 1142.42, 1142.42, 1142.42, 1142.42, 1142.42, 1142.42, 1142.42, 1142.42]",/home/jacky/DatosSerie/Resultados/Prediccion/anomalias_sinteticas_csv/125_NBEATS_FEEDBACK_DIF.csv,/home/jacky/DatosSerie/Resultados/Prediccion/anomalias_sinteticas_limpias_csv/125_NBEATS_FEEDBACK_DIF.csv,predicha,sintetica
126,NBEATS_FEEDBACK,NBEATS_FEEDBACK,series_riesgo_pais_1,TIMEGPT,2026-02-09,2026-02-12,2026-02-10,4,1142.42,1142.42,0.0,1142.42,2026-02-09 00:00:00,1142.42,0.0,1,4,"[1142.42, 1142.42, 1142.42, 1142.42]",/home/jacky/DatosSerie/Resultados/Prediccion/anomalias_sinteticas_csv/126_NBEATS_FEEDBACK_TIMEGPT.csv,/home/jacky/DatosSerie/Resultados/Prediccion/anomalias_sinteticas_limpias_csv/126_NBEATS_FEEDBACK_TIMEGPT.csv,predicha,sintetica
127,NBEATS_FEEDBACK,NBEATS_FEEDBACK,series_riesgo_pais_1,TIMESNET,2026-02-21,2026-02-22,2026-02-21,2,1142.42,1142.42,0.0,1142.42,2026-02-21 00:00:00,1142.42,0.0,1,2,"[1142.42, 1142.42]",/home/jacky/DatosSerie/Resultados/Prediccion/anomalias_sinteticas_csv/127_NBEATS_FEEDBACK_TIMESNET.csv,/home/jacky/DatosSerie/Resultados/Prediccion/anomalias_sinteticas_limpias_csv/127_NBEATS_FEEDBACK_TIMESNET.csv,predicha,sintetica
128,NBEATS_FEEDBACK,NBEATS_FEEDBACK,series_riesgo_pais_1,TRANAD,2026-02-21,2026-02-22,2026-02-21,2,1142.42,1142.42,0.0,1142.42,2026-02-21 00:00:00,1142.42,0.0,1,2,"[1142.42, 1142.42]",/home/jacky/DatosSerie/Resultados/Prediccion/anomalias_sinteticas_csv/128_NBEATS_FEEDBACK_TRANAD.csv,/home/jacky/DatosSerie/Resultados/Prediccion/anomalias_sinteticas_limpias_csv/128_NBEATS_FEEDBACK_TRANAD.csv,predicha,sintetica
129,DEEPAR_DIRECT,DEEPAR_DIRECT,series_riesgo_pais_1,ARIMA,2026-01-29,2026-01-30,2026-01-29,2,543.75,658.9,115.14999999999998,658.9,2026-01-29 00:00:00,601.325,57.57499999999999,2,2,"[658.9, 543.75]",/home/jacky/DatosSerie/Resultados/Prediccion/anomalias_sinteticas_csv/129_DEEPAR_DIRECT_ARIMA.csv,/home/jacky/DatosSerie/Resultados/Prediccion/anomalias_sinteticas_limpias_csv/129_DEEPAR_DIRECT_ARIMA.csv,predicha,sintetica
130,DEEPAR_DIRECT,DEEPAR_DIRECT,series_riesgo_pais_1,DBSCAN,2026-01-29,2026-01-31,2026-01-30,3,543.75,658.9,115.14999999999998,658.9,2026-01-29 00:00:00,598.7600000000001,47.149537290059016,3,3,"[658.9, 543.75, 593.63]",/home/jacky/DatosSerie/Resultados/Prediccion/anomalias_sinteticas_csv/130_DEEPAR_DIRECT_DBSCAN.csv,/home/jacky/DatosSerie/Resultados/Prediccion/anomalias_sinteticas_limpias_csv/130_DEEPAR_DIRECT_DBSCAN.csv,predicha,sintetica
131,DEEPAR_DIRECT,DEEPAR_DIRECT,series_riesgo_pais_1,DBSCAN,2026-02-02,2026-02-06,2026-02-04,5,542.79,588.63,45.84000000000003,588.63,2026-02-02 00:00:00,564.5939999999999,18.437690310882243,5,5,"[542.79, 556.42, 550.8, 588.63, 584.33]",/home/jacky/DatosSerie/Resultados/Prediccion/anomalias_sinteticas_csv/131_DEEPAR_DIRECT_DBSCAN.csv,/home/jacky/DatosSerie/Resultados/Prediccion/anomalias_sinteticas_limpias_csv/131_DEEPAR_DIRECT_DBSCAN.csv,predicha,sintetica
132,DEEPAR_DIRECT,DEEPAR_DIRECT,series_riesgo_pais_1,DBSCAN,2026-02-08,2026-02-11,2026-02-09,4,568.63,673.59,104.96000000000004,673.59,2026-02-08 00:00:00,626.9125,41.885048868898316,4,4,"[568.63, 606.5, 673.59, 658.93]",/home/jacky/DatosSerie/Resultados/Prediccion/anomalias_sinteticas_csv/132_DEEPAR_DIRECT_DBSCAN.csv,/home/jacky/DatosSerie/Resultados/Prediccion/anomalias_sinteticas_limpias_csv/132_DEEPAR_DIRECT_DBSCAN.csv,predicha,sintetica
133,DEEPAR_DIRECT,DEEPAR_DIRECT,series_riesgo_pais_1,DBSCAN,2026-02-14,2026-02-19,2026-02-16,6,579.05,654.65,75.60000000000002,654.65,2026-02-14 00:00:00,621.9399999999999,27.44496978804434,6,6,"[640.75, 591.09, 579.05, 654.65, 627.69, 638.41]",/home/jacky/DatosSerie/Resultados/Prediccion/anomalias_sinteticas_csv/133_DEEPAR_DIRECT_DBSCAN.csv,/home/jacky/DatosSerie/Resultados/Prediccion/anomalias_sinteticas_limpias_csv/133_DEEPAR_DIRECT_DBSCAN.csv,predicha,sintetica
134,DEEPAR_DIRECT,DEEPAR_DIRECT,series_riesgo_pais_1,DBSCAN,2026-02-21,2026-02-24,2026-02-22,4,643.96,683.7,39.74000000000001,683.7,2026-02-21 00:00:00,659.8225,14.68907821308064,4,4,"[643.96, 653.67, 657.96, 683.7]",/home/jacky/DatosSerie/Resultados/Prediccion/anomalias_sinteticas_csv/134_DEEPAR_DIRECT_DBSCAN.csv,/home/jacky/DatosSerie/Resultados/Prediccion/anomalias_sinteticas_limpias_csv/134_DEEPAR_DIRECT_DBSCAN.csv,predicha,sintetica
135,DEEPAR_DIRECT,DEEPAR_DIRECT,series_riesgo_pais_1,DBSCAN,2026-02-27,2026-02-27,2026-02-27,1,580.73,580.73,0.0,580.73,2026-02-27 00:00:00,580.73,0.0,1,1,[580.73],/home/jacky/DatosSerie/Resultados/Prediccion/anomalias_sinteticas_csv/135_DEEPAR_DIRECT_DBSCAN.csv,/home/jacky/DatosSerie/Resultados/Prediccion/anomalias_sinteticas_limpias_csv/135_DEEPAR_DIRECT_DBSCAN.csv,predicha,sintetica
136,DEEPAR_DIRECT,DEEPAR_DIRECT,series_riesgo_pais_1,DIF,2026-01-30,2026-01-30,2026-01-30,1,543.75,543.75,0.0,543.75,2026-01-30 00:00:00,543.75,0.0,1,1,[543.75],/home/jacky/DatosSerie/Resultados/Prediccion/anomalias_sinteticas_csv/136_DEEPAR_DIRECT_DIF.csv,/home/jacky/DatosSerie/Resultados/Prediccion/anomalias_sinteticas_limpias_csv/136_DEEPAR_DIRECT_DIF.csv,predicha,sintetica
137,DEEPAR_DIRECT,DEEPAR_DIRECT,series_riesgo_pais_1,DIF,2026-02-02,2026-02-02,2026-02-02,1,542.79,542.79,0.0,542.79,2026-02-02 00:00:00,542.79,0.0,1,1,[542.79],/home/jacky/DatosSerie/Resultados/Prediccion/anomalias_sinteticas_csv/137_DEEPAR_DIRECT_DIF.csv,/home/jacky/DatosSerie/Resultados/Prediccion/anomalias_sinteticas_limpias_csv/137_DEEPAR_DIRECT_DIF.csv,predicha,sintetica
138,DEEPAR_DIRECT,DEEPAR_DIRECT,series_riesgo_pais_1,IFOREST,2026-02-24,2026-02-24,2026-02-24,1,683.7,683.7,0.0,683.7,2026-02-24 00:00:00,683.7,0.0,1,1,[683.7],/home/jacky/DatosSerie/Resultados/Prediccion/anomalias_sinteticas_csv/138_DEEPAR_DIRECT_IFOREST.csv,/home/jacky/DatosSerie/Resultados/Prediccion/anomalias_sinteticas_limpias_csv/138_DEEPAR_DIRECT_IFOREST.csv,predicha,sintetica
139,DEEPAR_DIRECT,DEEPAR_DIRECT,series_riesgo_pais_1,TIMEGPT,2026-02-10,2026-02-10,2026-02-10,1,673.59,673.59,0.0,673.59,2026-02-10 00:00:00,673.59,0.0,1,1,[673.59],/home/jacky/DatosSerie/Resultados/Prediccion/anomalias_sinteticas_csv/139_DEEPAR_DIRECT_TIMEGPT.csv,/home/jacky/DatosSerie/Resultados/Prediccion/anomalias_sinteticas_limpias_csv/139_DEEPAR_DIRECT_TIMEGPT.csv,predicha,sintetica
140,DEEPAR_DIRECT,DEEPAR_DIRECT,series_riesgo_pais_1,TIMESNET,2026-02-21,2026-02-21,2026-02-21,1,643.96,643.96,0.0,643.96,2026-02-21 00:00:00,643.96,0.0,1,1,[643.96],/home/jacky/DatosSerie/Resultados/Prediccion/anomalias_sinteticas_csv/140_DEEPAR_DIRECT_TIMESNET.csv,/home/jacky/DatosSerie/Resultados/Prediccion/anomalias_sinteticas_limpias_csv/140_DEEPAR_DIRECT_TIMESNET.csv,predicha,sintetica
141,DEEPAR_DIRECT,DEEPAR_DIRECT,series_riesgo_pais_1,TRANAD,2026-02-24,2026-02-24,2026-02-24,1,683.7,683.7,0.0,683.7,2026-02-24 00:00:00,683.7,0.0,1,1,[683.7],/home/jacky/DatosSerie/Resultados/Prediccion/anomalias_sinteticas_csv/141_DEEPAR_DIRECT_TRANAD.csv,/home/jacky/DatosSerie/Resultados/Prediccion/anomalias_sinteticas_limpias_csv/141_DEEPAR_DIRECT_TRANAD.csv,predicha,sintetica
142,DEEPAR_FEEDBACK,DEEPAR_FEEDBACK,series_riesgo_pais_1,ARIMA,2026-01-29,2026-01-30,2026-01-29,2,462.18,476.36,14.180000000000007,476.36,2026-01-29 00:00:00,469.27,7.090000000000003,2,2,"[462.18, 476.36]",/home/jacky/DatosSerie/Resultados/Prediccion/anomalias_sinteticas_csv/142_DEEPAR_FEEDBACK_ARIMA.csv,/home/jacky/DatosSerie/Resultados/Prediccion/anomalias_sinteticas_limpias_csv/142_DEEPAR_FEEDBACK_ARIMA.csv,predicha,sintetica
143,DEEPAR_FEEDBACK,DEEPAR_FEEDBACK,series_riesgo_pais_1,DBSCAN,2026-01-29,2026-02-09,2026-02-03,12,462.18,647.55,185.36999999999995,647.55,2026-01-29 00:00:00,555.4091666666667,58.88962280661641,12,12,"[462.18, 476.36, 494.54, 512.88, 530.76, 548.18, 565.26, 582.07, 598.66, 615.09, 631.38, 647.55]",/home/jacky/DatosSerie/Resultados/Prediccion/anomalias_sinteticas_csv/143_DEEPAR_FEEDBACK_DBSCAN.csv,/home/jacky/DatosSerie/Resultados/Prediccion/anomalias_sinteticas_limpias_csv/143_DEEPAR_FEEDBACK_DBSCAN.csv,predicha,sintetica
144,DEEPAR_FEEDBACK,DEEPAR_FEEDBACK,series_riesgo_pais_1,DBSCAN,2026-02-17,2026-02-27,2026-02-22,11,775.18,941.79,166.61,941.79,2026-02-17 00:00:00,857.1827272727271,52.60122278062108,11,11,"[775.18, 791.2, 807.3, 823.51, 839.84, 856.32, 872.97, 889.82, 906.88, 924.2, 941.79]",/home/jacky/DatosSerie/Resultados/Prediccion/anomalias_sinteticas_csv/144_DEEPAR_FEEDBACK_DBSCAN.csv,/home/jacky/DatosSerie/Resultados/Prediccion/anomalias_sinteticas_limpias_csv/144_DEEPAR_FEEDBACK_DBSCAN.csv,predicha,sintetica
145,DEEPAR_FEEDBACK,DEEPAR_FEEDBACK,series_riesgo_pais_1,DIF,2026-01-31,2026-02-01,2026-01-31,2,494.54,512.88,18.339999999999975,512.88,2026-01-31 00:00:00,503.71000000000004,9.169999999999987,2,2,"[494.54, 512.88]",/home/jacky/DatosSerie/Resultados/Prediccion/anomalias_sinteticas_csv/145_DEEPAR_FEEDBACK_DIF.csv,/home/jacky/DatosSerie/Resultados/Prediccion/anomalias_sinteticas_limpias_csv/145_DEEPAR_FEEDBACK_DIF.csv,predicha,sintetica
146,DEEPAR_FEEDBACK,DEEPAR_FEEDBACK,series_riesgo_pais_1,IFOREST,2026-02-27,2026-02-27,2026-02-27,1,941.79,941.79,0.0,941.79,2026-02-27 00:00:00,941.79,0.0,1,1,[941.79],/home/jacky/DatosSerie/Resultados/Prediccion/anomalias_sinteticas_csv/146_DEEPAR_FEEDBACK_IFOREST.csv,/home/jacky/DatosSerie/Resultados/Prediccion/anomalias_sinteticas_limpias_csv/146_DEEPAR_FEEDBACK_IFOREST.csv,predicha,sintetica
147,DEEPAR_FEEDBACK,DEEPAR_FEEDBACK,series_riesgo_pais_1,TIMEGPT,2026-02-09,2026-02-09,2026-02-09,1,647.55,647.55,0.0,647.55,2026-02-09 00:00:00,647.55,0.0,1,1,[647.55],/home/jacky/DatosSerie/Resultados/Prediccion/anomalias_sinteticas_csv/147_DEEPAR_FEEDBACK_TIMEGPT.csv,/home/jacky/DatosSerie/Resultados/Prediccion/anomalias_sinteticas_limpias_csv/147_DEEPAR_FEEDBACK_TIMEGPT.csv,predicha,sintetica
148,DEEPAR_FEEDBACK,DEEPAR_FEEDBACK,series_riesgo_pais_1,TIMESNET,2026-02-27,2026-02-27,2026-02-27,1,941.79,941.79,0.0,941.79,2026-02-27 00:00:00,941.79,0.0,1,1,[941.79],/home/jacky/DatosSerie/Resultados/Prediccion/anomalias_sinteticas_csv/148_DEEPAR_FEEDBACK_TIMESNET.csv,/home/jacky/DatosSerie/Resultados/Prediccion/anomalias_sinteticas_limpias_csv/148_DEEPAR_FEEDBACK_TIMESNET.csv,predicha,sintetica
149,DEEPAR_FEEDBACK,DEEPAR_FEEDBACK,series_riesgo_pais_1,TRANAD,2026-02-21,2026-02-21,2026-02-21,1,839.84,839.84,0.0,839.84,2026-02-21 00:00:00,839.84,0.0,1,1,[839.84],/home/jacky/DatosSerie/Resultados/Prediccion/anomalias_sinteticas_csv/149_DEEPAR_FEEDBACK_TRANAD.csv,/home/jacky/DatosSerie/Resultados/Prediccion/anomalias_sinteticas_limpias_csv/149_DEEPAR_FEEDBACK_TRANAD.csv,predicha,sintetica
