n,modelo,metodo_prediccion,metodo_deteccion,fuente,fecha_inicio,fecha_fin,valores,csv_path,csv_clean_path
1,ARIMA_DIRECT,ARIMA_DIRECT,ARIMA,sintetica,2026-01-29,2026-01-30,"[414.39, 414.38]",/home/jacky/DatosSerie/Resultados/Prediccion/anomalias_sinteticas_csv/001_ARIMA_DIRECT_ARIMA.csv,/home/jacky/DatosSerie/Resultados/Prediccion/anomalias_sinteticas_limpias_csv/001_ARIMA_DIRECT_ARIMA.csv
2,ARIMA_DIRECT,ARIMA_DIRECT,DBSCAN,sintetica,2026-01-29,2026-01-31,"[414.39, 414.38, 414.38]",/home/jacky/DatosSerie/Resultados/Prediccion/anomalias_sinteticas_csv/002_ARIMA_DIRECT_DBSCAN.csv,/home/jacky/DatosSerie/Resultados/Prediccion/anomalias_sinteticas_limpias_csv/002_ARIMA_DIRECT_DBSCAN.csv
3,ARIMA_DIRECT,ARIMA_DIRECT,DIF,sintetica,2026-01-30,2026-01-30,[414.38],/home/jacky/DatosSerie/Resultados/Prediccion/anomalias_sinteticas_csv/003_ARIMA_DIRECT_DIF.csv,/home/jacky/DatosSerie/Resultados/Prediccion/anomalias_sinteticas_limpias_csv/003_ARIMA_DIRECT_DIF.csv
4,ARIMA_DIRECT,ARIMA_DIRECT,DIF,sintetica,2026-02-01,2026-02-01,[414.37],/home/jacky/DatosSerie/Resultados/Prediccion/anomalias_sinteticas_csv/004_ARIMA_DIRECT_DIF.csv,/home/jacky/DatosSerie/Resultados/Prediccion/anomalias_sinteticas_limpias_csv/004_ARIMA_DIRECT_DIF.csv
5,ARIMA_DIRECT,ARIMA_DIRECT,IFOREST,sintetica,2026-01-29,2026-01-29,[414.39],/home/jacky/DatosSerie/Resultados/Prediccion/anomalias_sinteticas_csv/005_ARIMA_DIRECT_IFOREST.csv,/home/jacky/DatosSerie/Resultados/Prediccion/anomalias_sinteticas_limpias_csv/005_ARIMA_DIRECT_IFOREST.csv
6,ARIMA_DIRECT,ARIMA_DIRECT,TIMEGPT,sintetica,2026-02-09,2026-02-09,[414.37],/home/jacky/DatosSerie/Resultados/Prediccion/anomalias_sinteticas_csv/006_ARIMA_DIRECT_TIMEGPT.csv,/home/jacky/DatosSerie/Resultados/Prediccion/anomalias_sinteticas_limpias_csv/006_ARIMA_DIRECT_TIMEGPT.csv
7,ARIMA_DIRECT,ARIMA_DIRECT,TIMESNET,sintetica,2026-02-21,2026-02-21,[414.37],/home/jacky/DatosSerie/Resultados/Prediccion/anomalias_sinteticas_csv/007_ARIMA_DIRECT_TIMESNET.csv,/home/jacky/DatosSerie/Resultados/Prediccion/anomalias_sinteticas_limpias_csv/007_ARIMA_DIRECT_TIMESNET.csv
8,ARIMA_DIRECT,ARIMA_DIRECT,TRANAD,sintetica,2026-02-21,2026-02-21,[414.37],/home/jacky/DatosSerie/Resultados/Prediccion/anomalias_sinteticas_csv/008_ARIMA_DIRECT_TRANAD.csv,/home/jacky/DatosSerie/Resultados/Prediccion/anomalias_sinteticas_limpias_csv/008_ARIMA_DIRECT_TRANAD.csv
9,ARIMA_FEEDBACK,ARIMA_FEEDBACK,ARIMA,sintetica,2026-01-29,2026-01-29,[413.98],/home/jacky/DatosSerie/Resultados/Prediccion/anomalias_sinteticas_csv/009_ARIMA_FEEDBACK_ARIMA.csv,/home/jacky/DatosSerie/Resultados/Prediccion/anomalias_sinteticas_limpias_csv/009_ARIMA_FEEDBACK_ARIMA.csv
10,ARIMA_FEEDBACK,ARIMA_FEEDBACK,ARIMA,sintetica,2026-01-31,2026-01-31,[415.78],/home/jacky/DatosSerie/Resultados/Prediccion/anomalias_sinteticas_csv/010_ARIMA_FEEDBACK_ARIMA.csv,/home/jacky/DatosSerie/Resultados/Prediccion/anomalias_sinteticas_limpias_csv/010_ARIMA_FEEDBACK_ARIMA.csv
11,ARIMA_FEEDBACK,ARIMA_FEEDBACK,DBSCAN,sintetica,2026-01-29,2026-02-09,"[413.98, 413.97, 415.78, 415.49, 413.9, 413.58, 414.19, 414.03, 413.22, 412.87, 412.98, 412.81]",/home/jacky/DatosSerie/Resultados/Prediccion/anomalias_sinteticas_csv/011_ARIMA_FEEDBACK_DBSCAN.csv,/home/jacky/DatosSerie/Resultados/Prediccion/anomalias_sinteticas_limpias_csv/011_ARIMA_FEEDBACK_DBSCAN.csv
12,ARIMA_FEEDBACK,ARIMA_FEEDBACK,DBSCAN,sintetica,2026-02-17,2026-02-27,"[410.64, 410.36, 410.08, 409.85, 409.62, 409.35, 409.09, 408.85, 408.6, 408.35, 408.09]",/home/jacky/DatosSerie/Resultados/Prediccion/anomalias_sinteticas_csv/012_ARIMA_FEEDBACK_DBSCAN.csv,/home/jacky/DatosSerie/Resultados/Prediccion/anomalias_sinteticas_limpias_csv/012_ARIMA_FEEDBACK_DBSCAN.csv
13,ARIMA_FEEDBACK,ARIMA_FEEDBACK,DIF,sintetica,2026-01-31,2026-01-31,[415.78],/home/jacky/DatosSerie/Resultados/Prediccion/anomalias_sinteticas_csv/013_ARIMA_FEEDBACK_DIF.csv,/home/jacky/DatosSerie/Resultados/Prediccion/anomalias_sinteticas_limpias_csv/013_ARIMA_FEEDBACK_DIF.csv
14,ARIMA_FEEDBACK,ARIMA_FEEDBACK,DIF,sintetica,2026-02-02,2026-02-02,[413.9],/home/jacky/DatosSerie/Resultados/Prediccion/anomalias_sinteticas_csv/014_ARIMA_FEEDBACK_DIF.csv,/home/jacky/DatosSerie/Resultados/Prediccion/anomalias_sinteticas_limpias_csv/014_ARIMA_FEEDBACK_DIF.csv
15,ARIMA_FEEDBACK,ARIMA_FEEDBACK,IFOREST,sintetica,2026-01-31,2026-01-31,[415.78],/home/jacky/DatosSerie/Resultados/Prediccion/anomalias_sinteticas_csv/015_ARIMA_FEEDBACK_IFOREST.csv,/home/jacky/DatosSerie/Resultados/Prediccion/anomalias_sinteticas_limpias_csv/015_ARIMA_FEEDBACK_IFOREST.csv
16,ARIMA_FEEDBACK,ARIMA_FEEDBACK,TIMEGPT,sintetica,2026-02-09,2026-02-09,[412.81],/home/jacky/DatosSerie/Resultados/Prediccion/anomalias_sinteticas_csv/016_ARIMA_FEEDBACK_TIMEGPT.csv,/home/jacky/DatosSerie/Resultados/Prediccion/anomalias_sinteticas_limpias_csv/016_ARIMA_FEEDBACK_TIMEGPT.csv
17,ARIMA_FEEDBACK,ARIMA_FEEDBACK,TIMESNET,sintetica,2026-02-21,2026-02-21,[409.62],/home/jacky/DatosSerie/Resultados/Prediccion/anomalias_sinteticas_csv/017_ARIMA_FEEDBACK_TIMESNET.csv,/home/jacky/DatosSerie/Resultados/Prediccion/anomalias_sinteticas_limpias_csv/017_ARIMA_FEEDBACK_TIMESNET.csv
18,ARIMA_FEEDBACK,ARIMA_FEEDBACK,TRANAD,sintetica,2026-02-22,2026-02-22,[409.35],/home/jacky/DatosSerie/Resultados/Prediccion/anomalias_sinteticas_csv/018_ARIMA_FEEDBACK_TRANAD.csv,/home/jacky/DatosSerie/Resultados/Prediccion/anomalias_sinteticas_limpias_csv/018_ARIMA_FEEDBACK_TRANAD.csv
19,SVR_FEEDBACK,SVR_FEEDBACK,ARIMA,sintetica,2026-01-29,2026-01-30,"[459.86, 462.07]",/home/jacky/DatosSerie/Resultados/Prediccion/anomalias_sinteticas_csv/019_SVR_FEEDBACK_ARIMA.csv,/home/jacky/DatosSerie/Resultados/Prediccion/anomalias_sinteticas_limpias_csv/019_SVR_FEEDBACK_ARIMA.csv
20,SVR_FEEDBACK,SVR_FEEDBACK,DBSCAN,sintetica,2026-01-29,2026-02-09,"[459.86, 462.07, 463.76, 465.47, 466.8, 468.1, 469.47, 470.97, 472.32, 473.57, 474.8, 476.03]",/home/jacky/DatosSerie/Resultados/Prediccion/anomalias_sinteticas_csv/020_SVR_FEEDBACK_DBSCAN.csv,/home/jacky/DatosSerie/Resultados/Prediccion/anomalias_sinteticas_limpias_csv/020_SVR_FEEDBACK_DBSCAN.csv
21,SVR_FEEDBACK,SVR_FEEDBACK,DBSCAN,sintetica,2026-02-16,2026-02-22,"[485.45, 486.89, 488.16, 489.39, 490.35, 491.18, 492.04]",/home/jacky/DatosSerie/Resultados/Prediccion/anomalias_sinteticas_csv/021_SVR_FEEDBACK_DBSCAN.csv,/home/jacky/DatosSerie/Resultados/Prediccion/anomalias_sinteticas_limpias_csv/021_SVR_FEEDBACK_DBSCAN.csv
22,SVR_FEEDBACK,SVR_FEEDBACK,DIF,sintetica,2026-01-30,2026-01-30,[462.07],/home/jacky/DatosSerie/Resultados/Prediccion/anomalias_sinteticas_csv/022_SVR_FEEDBACK_DIF.csv,/home/jacky/DatosSerie/Resultados/Prediccion/anomalias_sinteticas_limpias_csv/022_SVR_FEEDBACK_DIF.csv
23,SVR_FEEDBACK,SVR_FEEDBACK,DIF,sintetica,2026-02-01,2026-02-01,[465.47],/home/jacky/DatosSerie/Resultados/Prediccion/anomalias_sinteticas_csv/023_SVR_FEEDBACK_DIF.csv,/home/jacky/DatosSerie/Resultados/Prediccion/anomalias_sinteticas_limpias_csv/023_SVR_FEEDBACK_DIF.csv
24,SVR_FEEDBACK,SVR_FEEDBACK,IFOREST,sintetica,2026-01-29,2026-01-29,[459.86],/home/jacky/DatosSerie/Resultados/Prediccion/anomalias_sinteticas_csv/024_SVR_FEEDBACK_IFOREST.csv,/home/jacky/DatosSerie/Resultados/Prediccion/anomalias_sinteticas_limpias_csv/024_SVR_FEEDBACK_IFOREST.csv
25,SVR_FEEDBACK,SVR_FEEDBACK,TIMEGPT,sintetica,2026-02-09,2026-02-09,[476.03],/home/jacky/DatosSerie/Resultados/Prediccion/anomalias_sinteticas_csv/025_SVR_FEEDBACK_TIMEGPT.csv,/home/jacky/DatosSerie/Resultados/Prediccion/anomalias_sinteticas_limpias_csv/025_SVR_FEEDBACK_TIMEGPT.csv
26,SVR_FEEDBACK,SVR_FEEDBACK,TIMESNET,sintetica,2026-02-27,2026-02-27,[495.89],/home/jacky/DatosSerie/Resultados/Prediccion/anomalias_sinteticas_csv/026_SVR_FEEDBACK_TIMESNET.csv,/home/jacky/DatosSerie/Resultados/Prediccion/anomalias_sinteticas_limpias_csv/026_SVR_FEEDBACK_TIMESNET.csv
27,SVR_FEEDBACK,SVR_FEEDBACK,TRANAD,sintetica,2026-02-21,2026-02-21,[491.18],/home/jacky/DatosSerie/Resultados/Prediccion/anomalias_sinteticas_csv/027_SVR_FEEDBACK_TRANAD.csv,/home/jacky/DatosSerie/Resultados/Prediccion/anomalias_sinteticas_limpias_csv/027_SVR_FEEDBACK_TRANAD.csv
28,SVR_DIRECT,SVR_DIRECT,ARIMA,sintetica,2026-01-29,2026-01-30,"[534.75, 525.94]",/home/jacky/DatosSerie/Resultados/Prediccion/anomalias_sinteticas_csv/028_SVR_DIRECT_ARIMA.csv,/home/jacky/DatosSerie/Resultados/Prediccion/anomalias_sinteticas_limpias_csv/028_SVR_DIRECT_ARIMA.csv
29,SVR_DIRECT,SVR_DIRECT,DBSCAN,sintetica,2026-01-29,2026-02-01,"[534.75, 525.94, 525.97, 526.21]",/home/jacky/DatosSerie/Resultados/Prediccion/anomalias_sinteticas_csv/029_SVR_DIRECT_DBSCAN.csv,/home/jacky/DatosSerie/Resultados/Prediccion/anomalias_sinteticas_limpias_csv/029_SVR_DIRECT_DBSCAN.csv
30,SVR_DIRECT,SVR_DIRECT,DBSCAN,sintetica,2026-02-09,2026-02-27,"[515.94, 512.55, 516.49, 515.71, 522.88, 517.78, 523.02, 528.12, 528.51, 533.96, 527.41, 521.71, 516.62, 512.74, 504.5, 496.22, 497.43, 487.8, 483.88]",/home/jacky/DatosSerie/Resultados/Prediccion/anomalias_sinteticas_csv/030_SVR_DIRECT_DBSCAN.csv,/home/jacky/DatosSerie/Resultados/Prediccion/anomalias_sinteticas_limpias_csv/030_SVR_DIRECT_DBSCAN.csv
31,SVR_DIRECT,SVR_DIRECT,DIF,sintetica,2026-01-30,2026-01-30,[525.94],/home/jacky/DatosSerie/Resultados/Prediccion/anomalias_sinteticas_csv/031_SVR_DIRECT_DIF.csv,/home/jacky/DatosSerie/Resultados/Prediccion/anomalias_sinteticas_limpias_csv/031_SVR_DIRECT_DIF.csv
32,SVR_DIRECT,SVR_DIRECT,DIF,sintetica,2026-02-26,2026-02-26,[487.8],/home/jacky/DatosSerie/Resultados/Prediccion/anomalias_sinteticas_csv/032_SVR_DIRECT_DIF.csv,/home/jacky/DatosSerie/Resultados/Prediccion/anomalias_sinteticas_limpias_csv/032_SVR_DIRECT_DIF.csv
33,SVR_DIRECT,SVR_DIRECT,IFOREST,sintetica,2026-02-27,2026-02-27,[483.88],/home/jacky/DatosSerie/Resultados/Prediccion/anomalias_sinteticas_csv/033_SVR_DIRECT_IFOREST.csv,/home/jacky/DatosSerie/Resultados/Prediccion/anomalias_sinteticas_limpias_csv/033_SVR_DIRECT_IFOREST.csv
34,SVR_DIRECT,SVR_DIRECT,TIMEGPT,sintetica,2026-02-27,2026-02-27,[483.88],/home/jacky/DatosSerie/Resultados/Prediccion/anomalias_sinteticas_csv/034_SVR_DIRECT_TIMEGPT.csv,/home/jacky/DatosSerie/Resultados/Prediccion/anomalias_sinteticas_limpias_csv/034_SVR_DIRECT_TIMEGPT.csv
35,SVR_DIRECT,SVR_DIRECT,TIMESNET,sintetica,2026-02-27,2026-02-27,[483.88],/home/jacky/DatosSerie/Resultados/Prediccion/anomalias_sinteticas_csv/035_SVR_DIRECT_TIMESNET.csv,/home/jacky/DatosSerie/Resultados/Prediccion/anomalias_sinteticas_limpias_csv/035_SVR_DIRECT_TIMESNET.csv
36,SVR_DIRECT,SVR_DIRECT,TRANAD,sintetica,2026-02-27,2026-02-27,[483.88],/home/jacky/DatosSerie/Resultados/Prediccion/anomalias_sinteticas_csv/036_SVR_DIRECT_TRANAD.csv,/home/jacky/DatosSerie/Resultados/Prediccion/anomalias_sinteticas_limpias_csv/036_SVR_DIRECT_TRANAD.csv
37,RF_FEEDBACK,RF_FEEDBACK,ARIMA,sintetica,2026-01-29,2026-01-29,[413.67],/home/jacky/DatosSerie/Resultados/Prediccion/anomalias_sinteticas_csv/037_RF_FEEDBACK_ARIMA.csv,/home/jacky/DatosSerie/Resultados/Prediccion/anomalias_sinteticas_limpias_csv/037_RF_FEEDBACK_ARIMA.csv
38,RF_FEEDBACK,RF_FEEDBACK,ARIMA,sintetica,2026-02-12,2026-02-12,[444.58],/home/jacky/DatosSerie/Resultados/Prediccion/anomalias_sinteticas_csv/038_RF_FEEDBACK_ARIMA.csv,/home/jacky/DatosSerie/Resultados/Prediccion/anomalias_sinteticas_limpias_csv/038_RF_FEEDBACK_ARIMA.csv
39,RF_FEEDBACK,RF_FEEDBACK,DBSCAN,sintetica,2026-01-29,2026-02-11,"[413.67, 415.62, 415.99, 415.95, 416.68, 416.21, 416.93, 418.14, 419.36, 421.39, 423.2, 425.65, 428.55, 434.6]",/home/jacky/DatosSerie/Resultados/Prediccion/anomalias_sinteticas_csv/039_RF_FEEDBACK_DBSCAN.csv,/home/jacky/DatosSerie/Resultados/Prediccion/anomalias_sinteticas_limpias_csv/039_RF_FEEDBACK_DBSCAN.csv
40,RF_FEEDBACK,RF_FEEDBACK,DBSCAN,sintetica,2026-02-13,2026-02-17,"[453.76, 460.52, 462.16, 458.02, 456.74]",/home/jacky/DatosSerie/Resultados/Prediccion/anomalias_sinteticas_csv/040_RF_FEEDBACK_DBSCAN.csv,/home/jacky/DatosSerie/Resultados/Prediccion/anomalias_sinteticas_limpias_csv/040_RF_FEEDBACK_DBSCAN.csv
41,RF_FEEDBACK,RF_FEEDBACK,DBSCAN,sintetica,2026-02-24,2026-02-25,"[457.7, 458.13]",/home/jacky/DatosSerie/Resultados/Prediccion/anomalias_sinteticas_csv/041_RF_FEEDBACK_DBSCAN.csv,/home/jacky/DatosSerie/Resultados/Prediccion/anomalias_sinteticas_limpias_csv/041_RF_FEEDBACK_DBSCAN.csv
42,RF_FEEDBACK,RF_FEEDBACK,DIF,sintetica,2026-02-12,2026-02-13,"[444.58, 453.76]",/home/jacky/DatosSerie/Resultados/Prediccion/anomalias_sinteticas_csv/042_RF_FEEDBACK_DIF.csv,/home/jacky/DatosSerie/Resultados/Prediccion/anomalias_sinteticas_limpias_csv/042_RF_FEEDBACK_DIF.csv
43,RF_FEEDBACK,RF_FEEDBACK,IFOREST,sintetica,2026-02-15,2026-02-15,[462.16],/home/jacky/DatosSerie/Resultados/Prediccion/anomalias_sinteticas_csv/043_RF_FEEDBACK_IFOREST.csv,/home/jacky/DatosSerie/Resultados/Prediccion/anomalias_sinteticas_limpias_csv/043_RF_FEEDBACK_IFOREST.csv
44,RF_FEEDBACK,RF_FEEDBACK,TIMEGPT,sintetica,2026-02-24,2026-02-24,[457.7],/home/jacky/DatosSerie/Resultados/Prediccion/anomalias_sinteticas_csv/044_RF_FEEDBACK_TIMEGPT.csv,/home/jacky/DatosSerie/Resultados/Prediccion/anomalias_sinteticas_limpias_csv/044_RF_FEEDBACK_TIMEGPT.csv
45,RF_FEEDBACK,RF_FEEDBACK,TIMESNET,sintetica,2026-02-27,2026-02-27,[457.46],/home/jacky/DatosSerie/Resultados/Prediccion/anomalias_sinteticas_csv/045_RF_FEEDBACK_TIMESNET.csv,/home/jacky/DatosSerie/Resultados/Prediccion/anomalias_sinteticas_limpias_csv/045_RF_FEEDBACK_TIMESNET.csv
46,RF_FEEDBACK,RF_FEEDBACK,TRANAD,sintetica,2026-02-21,2026-02-21,[455.66],/home/jacky/DatosSerie/Resultados/Prediccion/anomalias_sinteticas_csv/046_RF_FEEDBACK_TRANAD.csv,/home/jacky/DatosSerie/Resultados/Prediccion/anomalias_sinteticas_limpias_csv/046_RF_FEEDBACK_TRANAD.csv
47,RF_DIRECT,RF_DIRECT,ARIMA,sintetica,2026-01-29,2026-01-29,[430.95],/home/jacky/DatosSerie/Resultados/Prediccion/anomalias_sinteticas_csv/047_RF_DIRECT_ARIMA.csv,/home/jacky/DatosSerie/Resultados/Prediccion/anomalias_sinteticas_limpias_csv/047_RF_DIRECT_ARIMA.csv
48,RF_DIRECT,RF_DIRECT,ARIMA,sintetica,2026-02-06,2026-02-06,[446.87],/home/jacky/DatosSerie/Resultados/Prediccion/anomalias_sinteticas_csv/048_RF_DIRECT_ARIMA.csv,/home/jacky/DatosSerie/Resultados/Prediccion/anomalias_sinteticas_limpias_csv/048_RF_DIRECT_ARIMA.csv
49,RF_DIRECT,RF_DIRECT,DBSCAN,sintetica,2026-01-29,2026-01-31,"[430.95, 432.22, 435.63]",/home/jacky/DatosSerie/Resultados/Prediccion/anomalias_sinteticas_csv/049_RF_DIRECT_DBSCAN.csv,/home/jacky/DatosSerie/Resultados/Prediccion/anomalias_sinteticas_limpias_csv/049_RF_DIRECT_DBSCAN.csv
50,RF_DIRECT,RF_DIRECT,DBSCAN,sintetica,2026-02-02,2026-02-07,"[446.13, 451.27, 451.89, 452.15, 446.87, 445.76]",/home/jacky/DatosSerie/Resultados/Prediccion/anomalias_sinteticas_csv/050_RF_DIRECT_DBSCAN.csv,/home/jacky/DatosSerie/Resultados/Prediccion/anomalias_sinteticas_limpias_csv/050_RF_DIRECT_DBSCAN.csv
51,RF_DIRECT,RF_DIRECT,DBSCAN,sintetica,2026-02-10,2026-02-12,"[447.69, 447.21, 446.96]",/home/jacky/DatosSerie/Resultados/Prediccion/anomalias_sinteticas_csv/051_RF_DIRECT_DBSCAN.csv,/home/jacky/DatosSerie/Resultados/Prediccion/anomalias_sinteticas_limpias_csv/051_RF_DIRECT_DBSCAN.csv
52,RF_DIRECT,RF_DIRECT,DBSCAN,sintetica,2026-02-18,2026-02-25,"[439.14, 439.01, 438.7, 437.85, 437.61, 436.63, 437.5, 438.78]",/home/jacky/DatosSerie/Resultados/Prediccion/anomalias_sinteticas_csv/052_RF_DIRECT_DBSCAN.csv,/home/jacky/DatosSerie/Resultados/Prediccion/anomalias_sinteticas_limpias_csv/052_RF_DIRECT_DBSCAN.csv
53,RF_DIRECT,RF_DIRECT,DBSCAN,sintetica,2026-02-27,2026-02-27,[447.67],/home/jacky/DatosSerie/Resultados/Prediccion/anomalias_sinteticas_csv/053_RF_DIRECT_DBSCAN.csv,/home/jacky/DatosSerie/Resultados/Prediccion/anomalias_sinteticas_limpias_csv/053_RF_DIRECT_DBSCAN.csv
54,RF_DIRECT,RF_DIRECT,DIF,sintetica,2026-02-01,2026-02-01,[440.93],/home/jacky/DatosSerie/Resultados/Prediccion/anomalias_sinteticas_csv/054_RF_DIRECT_DIF.csv,/home/jacky/DatosSerie/Resultados/Prediccion/anomalias_sinteticas_limpias_csv/054_RF_DIRECT_DIF.csv
55,RF_DIRECT,RF_DIRECT,DIF,sintetica,2026-02-06,2026-02-06,[446.87],/home/jacky/DatosSerie/Resultados/Prediccion/anomalias_sinteticas_csv/055_RF_DIRECT_DIF.csv,/home/jacky/DatosSerie/Resultados/Prediccion/anomalias_sinteticas_limpias_csv/055_RF_DIRECT_DIF.csv
56,RF_DIRECT,RF_DIRECT,IFOREST,sintetica,2026-01-29,2026-01-29,[430.95],/home/jacky/DatosSerie/Resultados/Prediccion/anomalias_sinteticas_csv/056_RF_DIRECT_IFOREST.csv,/home/jacky/DatosSerie/Resultados/Prediccion/anomalias_sinteticas_limpias_csv/056_RF_DIRECT_IFOREST.csv
57,RF_DIRECT,RF_DIRECT,TIMEGPT,sintetica,2026-02-09,2026-02-09,[446.39],/home/jacky/DatosSerie/Resultados/Prediccion/anomalias_sinteticas_csv/057_RF_DIRECT_TIMEGPT.csv,/home/jacky/DatosSerie/Resultados/Prediccion/anomalias_sinteticas_limpias_csv/057_RF_DIRECT_TIMEGPT.csv
58,RF_DIRECT,RF_DIRECT,TIMESNET,sintetica,2026-02-21,2026-02-21,[437.85],/home/jacky/DatosSerie/Resultados/Prediccion/anomalias_sinteticas_csv/058_RF_DIRECT_TIMESNET.csv,/home/jacky/DatosSerie/Resultados/Prediccion/anomalias_sinteticas_limpias_csv/058_RF_DIRECT_TIMESNET.csv
59,RF_DIRECT,RF_DIRECT,TRANAD,sintetica,2026-02-21,2026-02-21,[437.85],/home/jacky/DatosSerie/Resultados/Prediccion/anomalias_sinteticas_csv/059_RF_DIRECT_TRANAD.csv,/home/jacky/DatosSerie/Resultados/Prediccion/anomalias_sinteticas_limpias_csv/059_RF_DIRECT_TRANAD.csv
60,PROPHET_DIRECT,PROPHET_DIRECT,ARIMA,sintetica,2026-01-29,2026-01-29,[1253.86],/home/jacky/DatosSerie/Resultados/Prediccion/anomalias_sinteticas_csv/060_PROPHET_DIRECT_ARIMA.csv,/home/jacky/DatosSerie/Resultados/Prediccion/anomalias_sinteticas_limpias_csv/060_PROPHET_DIRECT_ARIMA.csv
61,PROPHET_DIRECT,PROPHET_DIRECT,ARIMA,sintetica,2026-02-10,2026-02-10,[1264.42],/home/jacky/DatosSerie/Resultados/Prediccion/anomalias_sinteticas_csv/061_PROPHET_DIRECT_ARIMA.csv,/home/jacky/DatosSerie/Resultados/Prediccion/anomalias_sinteticas_limpias_csv/061_PROPHET_DIRECT_ARIMA.csv
62,PROPHET_DIRECT,PROPHET_DIRECT,DBSCAN,sintetica,2026-02-01,2026-02-12,"[1263.36, 1267.59, 1266.02, 1267.48, 1270.72, 1269.16, 1269.65, 1269.65, 1269.95, 1264.42, 1262.0, 1261.55]",/home/jacky/DatosSerie/Resultados/Prediccion/anomalias_sinteticas_csv/062_PROPHET_DIRECT_DBSCAN.csv,/home/jacky/DatosSerie/Resultados/Prediccion/anomalias_sinteticas_limpias_csv/062_PROPHET_DIRECT_DBSCAN.csv
63,PROPHET_DIRECT,PROPHET_DIRECT,DBSCAN,sintetica,2026-02-17,2026-02-27,"[1242.62, 1239.34, 1238.68, 1234.17, 1232.76, 1231.97, 1232.63, 1228.64, 1228.91, 1232.27, 1232.15]",/home/jacky/DatosSerie/Resultados/Prediccion/anomalias_sinteticas_csv/063_PROPHET_DIRECT_DBSCAN.csv,/home/jacky/DatosSerie/Resultados/Prediccion/anomalias_sinteticas_limpias_csv/063_PROPHET_DIRECT_DBSCAN.csv
64,PROPHET_DIRECT,PROPHET_DIRECT,DIF,sintetica,2026-02-10,2026-02-10,[1264.42],/home/jacky/DatosSerie/Resultados/Prediccion/anomalias_sinteticas_csv/064_PROPHET_DIRECT_DIF.csv,/home/jacky/DatosSerie/Resultados/Prediccion/anomalias_sinteticas_limpias_csv/064_PROPHET_DIRECT_DIF.csv
65,PROPHET_DIRECT,PROPHET_DIRECT,DIF,sintetica,2026-02-17,2026-02-17,[1242.62],/home/jacky/DatosSerie/Resultados/Prediccion/anomalias_sinteticas_csv/065_PROPHET_DIRECT_DIF.csv,/home/jacky/DatosSerie/Resultados/Prediccion/anomalias_sinteticas_limpias_csv/065_PROPHET_DIRECT_DIF.csv
66,PROPHET_DIRECT,PROPHET_DIRECT,IFOREST,sintetica,2026-02-24,2026-02-24,[1228.64],/home/jacky/DatosSerie/Resultados/Prediccion/anomalias_sinteticas_csv/066_PROPHET_DIRECT_IFOREST.csv,/home/jacky/DatosSerie/Resultados/Prediccion/anomalias_sinteticas_limpias_csv/066_PROPHET_DIRECT_IFOREST.csv
67,PROPHET_DIRECT,PROPHET_DIRECT,TIMEGPT,sintetica,2026-02-09,2026-02-09,[1269.95],/home/jacky/DatosSerie/Resultados/Prediccion/anomalias_sinteticas_csv/067_PROPHET_DIRECT_TIMEGPT.csv,/home/jacky/DatosSerie/Resultados/Prediccion/anomalias_sinteticas_limpias_csv/067_PROPHET_DIRECT_TIMEGPT.csv
68,PROPHET_DIRECT,PROPHET_DIRECT,TIMESNET,sintetica,2026-02-27,2026-02-27,[1232.15],/home/jacky/DatosSerie/Resultados/Prediccion/anomalias_sinteticas_csv/068_PROPHET_DIRECT_TIMESNET.csv,/home/jacky/DatosSerie/Resultados/Prediccion/anomalias_sinteticas_limpias_csv/068_PROPHET_DIRECT_TIMESNET.csv
69,PROPHET_DIRECT,PROPHET_DIRECT,TRANAD,sintetica,2026-02-27,2026-02-27,[1232.15],/home/jacky/DatosSerie/Resultados/Prediccion/anomalias_sinteticas_csv/069_PROPHET_DIRECT_TRANAD.csv,/home/jacky/DatosSerie/Resultados/Prediccion/anomalias_sinteticas_limpias_csv/069_PROPHET_DIRECT_TRANAD.csv
70,PROPHET_FEEDBACK,PROPHET_FEEDBACK,ARIMA,sintetica,2026-01-29,2026-01-29,[1253.86],/home/jacky/DatosSerie/Resultados/Prediccion/anomalias_sinteticas_csv/070_PROPHET_FEEDBACK_ARIMA.csv,/home/jacky/DatosSerie/Resultados/Prediccion/anomalias_sinteticas_limpias_csv/070_PROPHET_FEEDBACK_ARIMA.csv
71,PROPHET_FEEDBACK,PROPHET_FEEDBACK,ARIMA,sintetica,2026-01-31,2026-01-31,[1261.3],/home/jacky/DatosSerie/Resultados/Prediccion/anomalias_sinteticas_csv/071_PROPHET_FEEDBACK_ARIMA.csv,/home/jacky/DatosSerie/Resultados/Prediccion/anomalias_sinteticas_limpias_csv/071_PROPHET_FEEDBACK_ARIMA.csv
72,PROPHET_FEEDBACK,PROPHET_FEEDBACK,DBSCAN,sintetica,2026-01-29,2026-01-29,[1253.86],/home/jacky/DatosSerie/Resultados/Prediccion/anomalias_sinteticas_csv/072_PROPHET_FEEDBACK_DBSCAN.csv,/home/jacky/DatosSerie/Resultados/Prediccion/anomalias_sinteticas_limpias_csv/072_PROPHET_FEEDBACK_DBSCAN.csv
73,PROPHET_FEEDBACK,PROPHET_FEEDBACK,DBSCAN,sintetica,2026-02-01,2026-02-01,[1263.63],/home/jacky/DatosSerie/Resultados/Prediccion/anomalias_sinteticas_csv/073_PROPHET_FEEDBACK_DBSCAN.csv,/home/jacky/DatosSerie/Resultados/Prediccion/anomalias_sinteticas_limpias_csv/073_PROPHET_FEEDBACK_DBSCAN.csv
74,PROPHET_FEEDBACK,PROPHET_FEEDBACK,DBSCAN,sintetica,2026-02-05,2026-02-06,"[1270.44, 1269.38]",/home/jacky/DatosSerie/Resultados/Prediccion/anomalias_sinteticas_csv/074_PROPHET_FEEDBACK_DBSCAN.csv,/home/jacky/DatosSerie/Resultados/Prediccion/anomalias_sinteticas_limpias_csv/074_PROPHET_FEEDBACK_DBSCAN.csv
75,PROPHET_FEEDBACK,PROPHET_FEEDBACK,DBSCAN,sintetica,2026-02-10,2026-02-13,"[1265.2, 1261.59, 1261.28, 1254.54]",/home/jacky/DatosSerie/Resultados/Prediccion/anomalias_sinteticas_csv/075_PROPHET_FEEDBACK_DBSCAN.csv,/home/jacky/DatosSerie/Resultados/Prediccion/anomalias_sinteticas_limpias_csv/075_PROPHET_FEEDBACK_DBSCAN.csv
76,PROPHET_FEEDBACK,PROPHET_FEEDBACK,DBSCAN,sintetica,2026-02-17,2026-02-19,"[1240.95, 1239.25, 1237.7]",/home/jacky/DatosSerie/Resultados/Prediccion/anomalias_sinteticas_csv/076_PROPHET_FEEDBACK_DBSCAN.csv,/home/jacky/DatosSerie/Resultados/Prediccion/anomalias_sinteticas_limpias_csv/076_PROPHET_FEEDBACK_DBSCAN.csv
77,PROPHET_FEEDBACK,PROPHET_FEEDBACK,DBSCAN,sintetica,2026-02-21,2026-02-21,[1235.71],/home/jacky/DatosSerie/Resultados/Prediccion/anomalias_sinteticas_csv/077_PROPHET_FEEDBACK_DBSCAN.csv,/home/jacky/DatosSerie/Resultados/Prediccion/anomalias_sinteticas_limpias_csv/077_PROPHET_FEEDBACK_DBSCAN.csv
78,PROPHET_FEEDBACK,PROPHET_FEEDBACK,DBSCAN,sintetica,2026-02-23,2026-02-23,[1231.87],/home/jacky/DatosSerie/Resultados/Prediccion/anomalias_sinteticas_csv/078_PROPHET_FEEDBACK_DBSCAN.csv,/home/jacky/DatosSerie/Resultados/Prediccion/anomalias_sinteticas_limpias_csv/078_PROPHET_FEEDBACK_DBSCAN.csv
79,PROPHET_FEEDBACK,PROPHET_FEEDBACK,DBSCAN,sintetica,2026-02-25,2026-02-27,"[1232.08, 1231.87, 1232.57]",/home/jacky/DatosSerie/Resultados/Prediccion/anomalias_sinteticas_csv/079_PROPHET_FEEDBACK_DBSCAN.csv,/home/jacky/DatosSerie/Resultados/Prediccion/anomalias_sinteticas_limpias_csv/079_PROPHET_FEEDBACK_DBSCAN.csv
80,PROPHET_FEEDBACK,PROPHET_FEEDBACK,DIF,sintetica,2026-02-13,2026-02-13,[1254.54],/home/jacky/DatosSerie/Resultados/Prediccion/anomalias_sinteticas_csv/080_PROPHET_FEEDBACK_DIF.csv,/home/jacky/DatosSerie/Resultados/Prediccion/anomalias_sinteticas_limpias_csv/080_PROPHET_FEEDBACK_DIF.csv
81,PROPHET_FEEDBACK,PROPHET_FEEDBACK,DIF,sintetica,2026-02-17,2026-02-17,[1240.95],/home/jacky/DatosSerie/Resultados/Prediccion/anomalias_sinteticas_csv/081_PROPHET_FEEDBACK_DIF.csv,/home/jacky/DatosSerie/Resultados/Prediccion/anomalias_sinteticas_limpias_csv/081_PROPHET_FEEDBACK_DIF.csv
82,PROPHET_FEEDBACK,PROPHET_FEEDBACK,IFOREST,sintetica,2026-02-24,2026-02-24,[1230.26],/home/jacky/DatosSerie/Resultados/Prediccion/anomalias_sinteticas_csv/082_PROPHET_FEEDBACK_IFOREST.csv,/home/jacky/DatosSerie/Resultados/Prediccion/anomalias_sinteticas_limpias_csv/082_PROPHET_FEEDBACK_IFOREST.csv
83,PROPHET_FEEDBACK,PROPHET_FEEDBACK,TIMEGPT,sintetica,2026-02-09,2026-02-09,[1268.31],/home/jacky/DatosSerie/Resultados/Prediccion/anomalias_sinteticas_csv/083_PROPHET_FEEDBACK_TIMEGPT.csv,/home/jacky/DatosSerie/Resultados/Prediccion/anomalias_sinteticas_limpias_csv/083_PROPHET_FEEDBACK_TIMEGPT.csv
84,PROPHET_FEEDBACK,PROPHET_FEEDBACK,TIMESNET,sintetica,2026-02-27,2026-02-27,[1232.57],/home/jacky/DatosSerie/Resultados/Prediccion/anomalias_sinteticas_csv/084_PROPHET_FEEDBACK_TIMESNET.csv,/home/jacky/DatosSerie/Resultados/Prediccion/anomalias_sinteticas_limpias_csv/084_PROPHET_FEEDBACK_TIMESNET.csv
85,PROPHET_FEEDBACK,PROPHET_FEEDBACK,TRANAD,sintetica,2026-02-27,2026-02-27,[1232.57],/home/jacky/DatosSerie/Resultados/Prediccion/anomalias_sinteticas_csv/085_PROPHET_FEEDBACK_TRANAD.csv,/home/jacky/DatosSerie/Resultados/Prediccion/anomalias_sinteticas_limpias_csv/085_PROPHET_FEEDBACK_TRANAD.csv
86,LSTM_FEEDBACK,LSTM_FEEDBACK,ARIMA,sintetica,2026-01-29,2026-01-29,[418.52],/home/jacky/DatosSerie/Resultados/Prediccion/anomalias_sinteticas_csv/086_LSTM_FEEDBACK_ARIMA.csv,/home/jacky/DatosSerie/Resultados/Prediccion/anomalias_sinteticas_limpias_csv/086_LSTM_FEEDBACK_ARIMA.csv
87,LSTM_FEEDBACK,LSTM_FEEDBACK,ARIMA,sintetica,2026-02-01,2026-02-01,[420.23],/home/jacky/DatosSerie/Resultados/Prediccion/anomalias_sinteticas_csv/087_LSTM_FEEDBACK_ARIMA.csv,/home/jacky/DatosSerie/Resultados/Prediccion/anomalias_sinteticas_limpias_csv/087_LSTM_FEEDBACK_ARIMA.csv
88,LSTM_FEEDBACK,LSTM_FEEDBACK,DBSCAN,sintetica,2026-01-29,2026-01-30,"[418.52, 418.56]",/home/jacky/DatosSerie/Resultados/Prediccion/anomalias_sinteticas_csv/088_LSTM_FEEDBACK_DBSCAN.csv,/home/jacky/DatosSerie/Resultados/Prediccion/anomalias_sinteticas_limpias_csv/088_LSTM_FEEDBACK_DBSCAN.csv
89,LSTM_FEEDBACK,LSTM_FEEDBACK,DBSCAN,sintetica,2026-02-03,2026-02-09,"[425.0, 427.98, 431.17, 434.48, 437.86, 441.27, 444.71]",/home/jacky/DatosSerie/Resultados/Prediccion/anomalias_sinteticas_csv/089_LSTM_FEEDBACK_DBSCAN.csv,/home/jacky/DatosSerie/Resultados/Prediccion/anomalias_sinteticas_limpias_csv/089_LSTM_FEEDBACK_DBSCAN.csv
90,LSTM_FEEDBACK,LSTM_FEEDBACK,DBSCAN,sintetica,2026-02-16,2026-02-27,"[468.51, 471.81, 475.08, 478.32, 481.52, 484.68, 487.8, 490.89, 493.93, 496.94, 499.91, 502.85]",/home/jacky/DatosSerie/Resultados/Prediccion/anomalias_sinteticas_csv/090_LSTM_FEEDBACK_DBSCAN.csv,/home/jacky/DatosSerie/Resultados/Prediccion/anomalias_sinteticas_limpias_csv/090_LSTM_FEEDBACK_DBSCAN.csv
91,LSTM_FEEDBACK,LSTM_FEEDBACK,DIF,sintetica,2026-02-09,2026-02-10,"[444.71, 448.15]",/home/jacky/DatosSerie/Resultados/Prediccion/anomalias_sinteticas_csv/091_LSTM_FEEDBACK_DIF.csv,/home/jacky/DatosSerie/Resultados/Prediccion/anomalias_sinteticas_limpias_csv/091_LSTM_FEEDBACK_DIF.csv
92,LSTM_FEEDBACK,LSTM_FEEDBACK,IFOREST,sintetica,2026-02-27,2026-02-27,[502.85],/home/jacky/DatosSerie/Resultados/Prediccion/anomalias_sinteticas_csv/092_LSTM_FEEDBACK_IFOREST.csv,/home/jacky/DatosSerie/Resultados/Prediccion/anomalias_sinteticas_limpias_csv/092_LSTM_FEEDBACK_IFOREST.csv
93,LSTM_FEEDBACK,LSTM_FEEDBACK,TIMEGPT,sintetica,2026-02-27,2026-02-27,[502.85],/home/jacky/DatosSerie/Resultados/Prediccion/anomalias_sinteticas_csv/093_LSTM_FEEDBACK_TIMEGPT.csv,/home/jacky/DatosSerie/Resultados/Prediccion/anomalias_sinteticas_limpias_csv/093_LSTM_FEEDBACK_TIMEGPT.csv
94,LSTM_FEEDBACK,LSTM_FEEDBACK,TIMESNET,sintetica,2026-02-27,2026-02-27,[502.85],/home/jacky/DatosSerie/Resultados/Prediccion/anomalias_sinteticas_csv/094_LSTM_FEEDBACK_TIMESNET.csv,/home/jacky/DatosSerie/Resultados/Prediccion/anomalias_sinteticas_limpias_csv/094_LSTM_FEEDBACK_TIMESNET.csv
95,LSTM_FEEDBACK,LSTM_FEEDBACK,TRANAD,sintetica,2026-02-27,2026-02-27,[502.85],/home/jacky/DatosSerie/Resultados/Prediccion/anomalias_sinteticas_csv/095_LSTM_FEEDBACK_TRANAD.csv,/home/jacky/DatosSerie/Resultados/Prediccion/anomalias_sinteticas_limpias_csv/095_LSTM_FEEDBACK_TRANAD.csv
96,LSTM_DIRECT,LSTM_DIRECT,ARIMA,sintetica,2026-01-29,2026-01-29,[430.89],/home/jacky/DatosSerie/Resultados/Prediccion/anomalias_sinteticas_csv/096_LSTM_DIRECT_ARIMA.csv,/home/jacky/DatosSerie/Resultados/Prediccion/anomalias_sinteticas_limpias_csv/096_LSTM_DIRECT_ARIMA.csv
97,LSTM_DIRECT,LSTM_DIRECT,ARIMA,sintetica,2026-02-23,2026-02-23,[499.22],/home/jacky/DatosSerie/Resultados/Prediccion/anomalias_sinteticas_csv/097_LSTM_DIRECT_ARIMA.csv,/home/jacky/DatosSerie/Resultados/Prediccion/anomalias_sinteticas_limpias_csv/097_LSTM_DIRECT_ARIMA.csv
98,LSTM_DIRECT,LSTM_DIRECT,DBSCAN,sintetica,2026-01-29,2026-02-03,"[430.89, 430.2, 439.69, 425.89, 438.53, 439.67]",/home/jacky/DatosSerie/Resultados/Prediccion/anomalias_sinteticas_csv/098_LSTM_DIRECT_DBSCAN.csv,/home/jacky/DatosSerie/Resultados/Prediccion/anomalias_sinteticas_limpias_csv/098_LSTM_DIRECT_DBSCAN.csv
99,LSTM_DIRECT,LSTM_DIRECT,DBSCAN,sintetica,2026-02-05,2026-02-07,"[427.34, 432.05, 455.67]",/home/jacky/DatosSerie/Resultados/Prediccion/anomalias_sinteticas_csv/099_LSTM_DIRECT_DBSCAN.csv,/home/jacky/DatosSerie/Resultados/Prediccion/anomalias_sinteticas_limpias_csv/099_LSTM_DIRECT_DBSCAN.csv
100,LSTM_DIRECT,LSTM_DIRECT,DBSCAN,sintetica,2026-02-10,2026-02-11,"[431.09, 456.21]",/home/jacky/DatosSerie/Resultados/Prediccion/anomalias_sinteticas_csv/100_LSTM_DIRECT_DBSCAN.csv,/home/jacky/DatosSerie/Resultados/Prediccion/anomalias_sinteticas_limpias_csv/100_LSTM_DIRECT_DBSCAN.csv
101,LSTM_DIRECT,LSTM_DIRECT,DBSCAN,sintetica,2026-02-13,2026-02-13,[445.01],/home/jacky/DatosSerie/Resultados/Prediccion/anomalias_sinteticas_csv/101_LSTM_DIRECT_DBSCAN.csv,/home/jacky/DatosSerie/Resultados/Prediccion/anomalias_sinteticas_limpias_csv/101_LSTM_DIRECT_DBSCAN.csv
102,LSTM_DIRECT,LSTM_DIRECT,DBSCAN,sintetica,2026-02-16,2026-02-19,"[466.15, 437.52, 476.68, 447.3]",/home/jacky/DatosSerie/Resultados/Prediccion/anomalias_sinteticas_csv/102_LSTM_DIRECT_DBSCAN.csv,/home/jacky/DatosSerie/Resultados/Prediccion/anomalias_sinteticas_limpias_csv/102_LSTM_DIRECT_DBSCAN.csv
103,LSTM_DIRECT,LSTM_DIRECT,DBSCAN,sintetica,2026-02-21,2026-02-27,"[466.11, 468.67, 499.22, 470.35, 465.11, 489.67, 492.55]",/home/jacky/DatosSerie/Resultados/Prediccion/anomalias_sinteticas_csv/103_LSTM_DIRECT_DBSCAN.csv,/home/jacky/DatosSerie/Resultados/Prediccion/anomalias_sinteticas_limpias_csv/103_LSTM_DIRECT_DBSCAN.csv
104,LSTM_DIRECT,LSTM_DIRECT,DIF,sintetica,2026-02-18,2026-02-18,[476.68],/home/jacky/DatosSerie/Resultados/Prediccion/anomalias_sinteticas_csv/104_LSTM_DIRECT_DIF.csv,/home/jacky/DatosSerie/Resultados/Prediccion/anomalias_sinteticas_limpias_csv/104_LSTM_DIRECT_DIF.csv
105,LSTM_DIRECT,LSTM_DIRECT,DIF,sintetica,2026-02-23,2026-02-23,[499.22],/home/jacky/DatosSerie/Resultados/Prediccion/anomalias_sinteticas_csv/105_LSTM_DIRECT_DIF.csv,/home/jacky/DatosSerie/Resultados/Prediccion/anomalias_sinteticas_limpias_csv/105_LSTM_DIRECT_DIF.csv
106,LSTM_DIRECT,LSTM_DIRECT,IFOREST,sintetica,2026-02-23,2026-02-23,[499.22],/home/jacky/DatosSerie/Resultados/Prediccion/anomalias_sinteticas_csv/106_LSTM_DIRECT_IFOREST.csv,/home/jacky/DatosSerie/Resultados/Prediccion/anomalias_sinteticas_limpias_csv/106_LSTM_DIRECT_IFOREST.csv
107,LSTM_DIRECT,LSTM_DIRECT,TIMEGPT,sintetica,2026-02-27,2026-02-27,[492.55],/home/jacky/DatosSerie/Resultados/Prediccion/anomalias_sinteticas_csv/107_LSTM_DIRECT_TIMEGPT.csv,/home/jacky/DatosSerie/Resultados/Prediccion/anomalias_sinteticas_limpias_csv/107_LSTM_DIRECT_TIMEGPT.csv
108,LSTM_DIRECT,LSTM_DIRECT,TIMESNET,sintetica,2026-02-27,2026-02-27,[492.55],/home/jacky/DatosSerie/Resultados/Prediccion/anomalias_sinteticas_csv/108_LSTM_DIRECT_TIMESNET.csv,/home/jacky/DatosSerie/Resultados/Prediccion/anomalias_sinteticas_limpias_csv/108_LSTM_DIRECT_TIMESNET.csv
109,LSTM_DIRECT,LSTM_DIRECT,TRANAD,sintetica,2026-02-27,2026-02-27,[492.55],/home/jacky/DatosSerie/Resultados/Prediccion/anomalias_sinteticas_csv/109_LSTM_DIRECT_TRANAD.csv,/home/jacky/DatosSerie/Resultados/Prediccion/anomalias_sinteticas_limpias_csv/109_LSTM_DIRECT_TRANAD.csv
110,NBEATS_DIRECT,NBEATS_DIRECT,ARIMA,sintetica,2026-01-29,2026-01-29,[978.65],/home/jacky/DatosSerie/Resultados/Prediccion/anomalias_sinteticas_csv/110_NBEATS_DIRECT_ARIMA.csv,/home/jacky/DatosSerie/Resultados/Prediccion/anomalias_sinteticas_limpias_csv/110_NBEATS_DIRECT_ARIMA.csv
111,NBEATS_DIRECT,NBEATS_DIRECT,ARIMA,sintetica,2026-02-12,2026-02-12,[953.92],/home/jacky/DatosSerie/Resultados/Prediccion/anomalias_sinteticas_csv/111_NBEATS_DIRECT_ARIMA.csv,/home/jacky/DatosSerie/Resultados/Prediccion/anomalias_sinteticas_limpias_csv/111_NBEATS_DIRECT_ARIMA.csv
112,NBEATS_DIRECT,NBEATS_DIRECT,DBSCAN,sintetica,2026-01-29,2026-01-30,"[978.65, 979.54]",/home/jacky/DatosSerie/Resultados/Prediccion/anomalias_sinteticas_csv/112_NBEATS_DIRECT_DBSCAN.csv,/home/jacky/DatosSerie/Resultados/Prediccion/anomalias_sinteticas_limpias_csv/112_NBEATS_DIRECT_DBSCAN.csv
113,NBEATS_DIRECT,NBEATS_DIRECT,DBSCAN,sintetica,2026-02-01,2026-02-01,[992.45],/home/jacky/DatosSerie/Resultados/Prediccion/anomalias_sinteticas_csv/113_NBEATS_DIRECT_DBSCAN.csv,/home/jacky/DatosSerie/Resultados/Prediccion/anomalias_sinteticas_limpias_csv/113_NBEATS_DIRECT_DBSCAN.csv
114,NBEATS_DIRECT,NBEATS_DIRECT,DBSCAN,sintetica,2026-02-03,2026-02-03,[975.78],/home/jacky/DatosSerie/Resultados/Prediccion/anomalias_sinteticas_csv/114_NBEATS_DIRECT_DBSCAN.csv,/home/jacky/DatosSerie/Resultados/Prediccion/anomalias_sinteticas_limpias_csv/114_NBEATS_DIRECT_DBSCAN.csv
115,NBEATS_DIRECT,NBEATS_DIRECT,DBSCAN,sintetica,2026-02-05,2026-02-05,[963.67],/home/jacky/DatosSerie/Resultados/Prediccion/anomalias_sinteticas_csv/115_NBEATS_DIRECT_DBSCAN.csv,/home/jacky/DatosSerie/Resultados/Prediccion/anomalias_sinteticas_limpias_csv/115_NBEATS_DIRECT_DBSCAN.csv
116,NBEATS_DIRECT,NBEATS_DIRECT,DBSCAN,sintetica,2026-02-07,2026-02-10,"[980.0, 969.51, 979.45, 973.13]",/home/jacky/DatosSerie/Resultados/Prediccion/anomalias_sinteticas_csv/116_NBEATS_DIRECT_DBSCAN.csv,/home/jacky/DatosSerie/Resultados/Prediccion/anomalias_sinteticas_limpias_csv/116_NBEATS_DIRECT_DBSCAN.csv
117,NBEATS_DIRECT,NBEATS_DIRECT,DBSCAN,sintetica,2026-02-12,2026-02-12,[953.92],/home/jacky/DatosSerie/Resultados/Prediccion/anomalias_sinteticas_csv/117_NBEATS_DIRECT_DBSCAN.csv,/home/jacky/DatosSerie/Resultados/Prediccion/anomalias_sinteticas_limpias_csv/117_NBEATS_DIRECT_DBSCAN.csv
118,NBEATS_DIRECT,NBEATS_DIRECT,DBSCAN,sintetica,2026-02-15,2026-02-27,"[982.95, 965.95, 981.75, 974.34, 991.08, 973.47, 986.88, 981.77, 982.05, 988.7, 982.18, 973.88, 973.42]",/home/jacky/DatosSerie/Resultados/Prediccion/anomalias_sinteticas_csv/118_NBEATS_DIRECT_DBSCAN.csv,/home/jacky/DatosSerie/Resultados/Prediccion/anomalias_sinteticas_limpias_csv/118_NBEATS_DIRECT_DBSCAN.csv
119,NBEATS_DIRECT,NBEATS_DIRECT,DIF,sintetica,2026-02-12,2026-02-13,"[953.92, 978.94]",/home/jacky/DatosSerie/Resultados/Prediccion/anomalias_sinteticas_csv/119_NBEATS_DIRECT_DIF.csv,/home/jacky/DatosSerie/Resultados/Prediccion/anomalias_sinteticas_limpias_csv/119_NBEATS_DIRECT_DIF.csv
120,NBEATS_DIRECT,NBEATS_DIRECT,IFOREST,sintetica,2026-02-12,2026-02-12,[953.92],/home/jacky/DatosSerie/Resultados/Prediccion/anomalias_sinteticas_csv/120_NBEATS_DIRECT_IFOREST.csv,/home/jacky/DatosSerie/Resultados/Prediccion/anomalias_sinteticas_limpias_csv/120_NBEATS_DIRECT_IFOREST.csv
121,NBEATS_DIRECT,NBEATS_DIRECT,TIMEGPT,sintetica,2026-02-20,2026-02-20,[973.47],/home/jacky/DatosSerie/Resultados/Prediccion/anomalias_sinteticas_csv/121_NBEATS_DIRECT_TIMEGPT.csv,/home/jacky/DatosSerie/Resultados/Prediccion/anomalias_sinteticas_limpias_csv/121_NBEATS_DIRECT_TIMEGPT.csv
122,NBEATS_DIRECT,NBEATS_DIRECT,TIMESNET,sintetica,2026-02-22,2026-02-22,[981.77],/home/jacky/DatosSerie/Resultados/Prediccion/anomalias_sinteticas_csv/122_NBEATS_DIRECT_TIMESNET.csv,/home/jacky/DatosSerie/Resultados/Prediccion/anomalias_sinteticas_limpias_csv/122_NBEATS_DIRECT_TIMESNET.csv
123,NBEATS_DIRECT,NBEATS_DIRECT,TRANAD,sintetica,2026-02-23,2026-02-23,[982.05],/home/jacky/DatosSerie/Resultados/Prediccion/anomalias_sinteticas_csv/123_NBEATS_DIRECT_TRANAD.csv,/home/jacky/DatosSerie/Resultados/Prediccion/anomalias_sinteticas_limpias_csv/123_NBEATS_DIRECT_TRANAD.csv
124,NBEATS_FEEDBACK,NBEATS_FEEDBACK,ARIMA,sintetica,2026-01-29,2026-01-29,[1142.42],/home/jacky/DatosSerie/Resultados/Prediccion/anomalias_sinteticas_csv/124_NBEATS_FEEDBACK_ARIMA.csv,/home/jacky/DatosSerie/Resultados/Prediccion/anomalias_sinteticas_limpias_csv/124_NBEATS_FEEDBACK_ARIMA.csv
125,NBEATS_FEEDBACK,NBEATS_FEEDBACK,DIF,sintetica,2026-01-30,2026-02-27,"[1142.42, 1142.42, 1142.42, 1142.42, 1142.42, 1142.42, 1142.42, 1142.42, 1142.42, 1142.42, 1142.42, 1142.42, 1142.42, 1142.42, 1142.42, 1142.42, 1142.42, 1142.42, 1142.42, 1142.42, 1142.42, 1142.42, 1142.42, 1142.42, 1142.42, 1142.42, 1142.42, 1142.42, 1142.42]",/home/jacky/DatosSerie/Resultados/Prediccion/anomalias_sinteticas_csv/125_NBEATS_FEEDBACK_DIF.csv,/home/jacky/DatosSerie/Resultados/Prediccion/anomalias_sinteticas_limpias_csv/125_NBEATS_FEEDBACK_DIF.csv
126,NBEATS_FEEDBACK,NBEATS_FEEDBACK,TIMEGPT,sintetica,2026-02-09,2026-02-12,"[1142.42, 1142.42, 1142.42, 1142.42]",/home/jacky/DatosSerie/Resultados/Prediccion/anomalias_sinteticas_csv/126_NBEATS_FEEDBACK_TIMEGPT.csv,/home/jacky/DatosSerie/Resultados/Prediccion/anomalias_sinteticas_limpias_csv/126_NBEATS_FEEDBACK_TIMEGPT.csv
127,NBEATS_FEEDBACK,NBEATS_FEEDBACK,TIMESNET,sintetica,2026-02-21,2026-02-22,"[1142.42, 1142.42]",/home/jacky/DatosSerie/Resultados/Prediccion/anomalias_sinteticas_csv/127_NBEATS_FEEDBACK_TIMESNET.csv,/home/jacky/DatosSerie/Resultados/Prediccion/anomalias_sinteticas_limpias_csv/127_NBEATS_FEEDBACK_TIMESNET.csv
128,NBEATS_FEEDBACK,NBEATS_FEEDBACK,TRANAD,sintetica,2026-02-21,2026-02-22,"[1142.42, 1142.42]",/home/jacky/DatosSerie/Resultados/Prediccion/anomalias_sinteticas_csv/128_NBEATS_FEEDBACK_TRANAD.csv,/home/jacky/DatosSerie/Resultados/Prediccion/anomalias_sinteticas_limpias_csv/128_NBEATS_FEEDBACK_TRANAD.csv
129,DEEPAR_DIRECT,DEEPAR_DIRECT,ARIMA,sintetica,2026-01-29,2026-01-30,"[658.9, 543.75]",/home/jacky/DatosSerie/Resultados/Prediccion/anomalias_sinteticas_csv/129_DEEPAR_DIRECT_ARIMA.csv,/home/jacky/DatosSerie/Resultados/Prediccion/anomalias_sinteticas_limpias_csv/129_DEEPAR_DIRECT_ARIMA.csv
130,DEEPAR_DIRECT,DEEPAR_DIRECT,DBSCAN,sintetica,2026-01-29,2026-01-31,"[658.9, 543.75, 593.63]",/home/jacky/DatosSerie/Resultados/Prediccion/anomalias_sinteticas_csv/130_DEEPAR_DIRECT_DBSCAN.csv,/home/jacky/DatosSerie/Resultados/Prediccion/anomalias_sinteticas_limpias_csv/130_DEEPAR_DIRECT_DBSCAN.csv
131,DEEPAR_DIRECT,DEEPAR_DIRECT,DBSCAN,sintetica,2026-02-02,2026-02-06,"[542.79, 556.42, 550.8, 588.63, 584.33]",/home/jacky/DatosSerie/Resultados/Prediccion/anomalias_sinteticas_csv/131_DEEPAR_DIRECT_DBSCAN.csv,/home/jacky/DatosSerie/Resultados/Prediccion/anomalias_sinteticas_limpias_csv/131_DEEPAR_DIRECT_DBSCAN.csv
132,DEEPAR_DIRECT,DEEPAR_DIRECT,DBSCAN,sintetica,2026-02-08,2026-02-11,"[568.63, 606.5, 673.59, 658.93]",/home/jacky/DatosSerie/Resultados/Prediccion/anomalias_sinteticas_csv/132_DEEPAR_DIRECT_DBSCAN.csv,/home/jacky/DatosSerie/Resultados/Prediccion/anomalias_sinteticas_limpias_csv/132_DEEPAR_DIRECT_DBSCAN.csv
133,DEEPAR_DIRECT,DEEPAR_DIRECT,DBSCAN,sintetica,2026-02-14,2026-02-19,"[640.75, 591.09, 579.05, 654.65, 627.69, 638.41]",/home/jacky/DatosSerie/Resultados/Prediccion/anomalias_sinteticas_csv/133_DEEPAR_DIRECT_DBSCAN.csv,/home/jacky/DatosSerie/Resultados/Prediccion/anomalias_sinteticas_limpias_csv/133_DEEPAR_DIRECT_DBSCAN.csv
134,DEEPAR_DIRECT,DEEPAR_DIRECT,DBSCAN,sintetica,2026-02-21,2026-02-24,"[643.96, 653.67, 657.96, 683.7]",/home/jacky/DatosSerie/Resultados/Prediccion/anomalias_sinteticas_csv/134_DEEPAR_DIRECT_DBSCAN.csv,/home/jacky/DatosSerie/Resultados/Prediccion/anomalias_sinteticas_limpias_csv/134_DEEPAR_DIRECT_DBSCAN.csv
135,DEEPAR_DIRECT,DEEPAR_DIRECT,DBSCAN,sintetica,2026-02-27,2026-02-27,[580.73],/home/jacky/DatosSerie/Resultados/Prediccion/anomalias_sinteticas_csv/135_DEEPAR_DIRECT_DBSCAN.csv,/home/jacky/DatosSerie/Resultados/Prediccion/anomalias_sinteticas_limpias_csv/135_DEEPAR_DIRECT_DBSCAN.csv
136,DEEPAR_DIRECT,DEEPAR_DIRECT,DIF,sintetica,2026-01-30,2026-01-30,[543.75],/home/jacky/DatosSerie/Resultados/Prediccion/anomalias_sinteticas_csv/136_DEEPAR_DIRECT_DIF.csv,/home/jacky/DatosSerie/Resultados/Prediccion/anomalias_sinteticas_limpias_csv/136_DEEPAR_DIRECT_DIF.csv
137,DEEPAR_DIRECT,DEEPAR_DIRECT,DIF,sintetica,2026-02-02,2026-02-02,[542.79],/home/jacky/DatosSerie/Resultados/Prediccion/anomalias_sinteticas_csv/137_DEEPAR_DIRECT_DIF.csv,/home/jacky/DatosSerie/Resultados/Prediccion/anomalias_sinteticas_limpias_csv/137_DEEPAR_DIRECT_DIF.csv
138,DEEPAR_DIRECT,DEEPAR_DIRECT,IFOREST,sintetica,2026-02-24,2026-02-24,[683.7],/home/jacky/DatosSerie/Resultados/Prediccion/anomalias_sinteticas_csv/138_DEEPAR_DIRECT_IFOREST.csv,/home/jacky/DatosSerie/Resultados/Prediccion/anomalias_sinteticas_limpias_csv/138_DEEPAR_DIRECT_IFOREST.csv
139,DEEPAR_DIRECT,DEEPAR_DIRECT,TIMEGPT,sintetica,2026-02-10,2026-02-10,[673.59],/home/jacky/DatosSerie/Resultados/Prediccion/anomalias_sinteticas_csv/139_DEEPAR_DIRECT_TIMEGPT.csv,/home/jacky/DatosSerie/Resultados/Prediccion/anomalias_sinteticas_limpias_csv/139_DEEPAR_DIRECT_TIMEGPT.csv
140,DEEPAR_DIRECT,DEEPAR_DIRECT,TIMESNET,sintetica,2026-02-21,2026-02-21,[643.96],/home/jacky/DatosSerie/Resultados/Prediccion/anomalias_sinteticas_csv/140_DEEPAR_DIRECT_TIMESNET.csv,/home/jacky/DatosSerie/Resultados/Prediccion/anomalias_sinteticas_limpias_csv/140_DEEPAR_DIRECT_TIMESNET.csv
141,DEEPAR_DIRECT,DEEPAR_DIRECT,TRANAD,sintetica,2026-02-24,2026-02-24,[683.7],/home/jacky/DatosSerie/Resultados/Prediccion/anomalias_sinteticas_csv/141_DEEPAR_DIRECT_TRANAD.csv,/home/jacky/DatosSerie/Resultados/Prediccion/anomalias_sinteticas_limpias_csv/141_DEEPAR_DIRECT_TRANAD.csv
142,DEEPAR_FEEDBACK,DEEPAR_FEEDBACK,ARIMA,sintetica,2026-01-29,2026-01-30,"[462.18, 476.36]",/home/jacky/DatosSerie/Resultados/Prediccion/anomalias_sinteticas_csv/142_DEEPAR_FEEDBACK_ARIMA.csv,/home/jacky/DatosSerie/Resultados/Prediccion/anomalias_sinteticas_limpias_csv/142_DEEPAR_FEEDBACK_ARIMA.csv
143,DEEPAR_FEEDBACK,DEEPAR_FEEDBACK,DBSCAN,sintetica,2026-01-29,2026-02-09,"[462.18, 476.36, 494.54, 512.88, 530.76, 548.18, 565.26, 582.07, 598.66, 615.09, 631.38, 647.55]",/home/jacky/DatosSerie/Resultados/Prediccion/anomalias_sinteticas_csv/143_DEEPAR_FEEDBACK_DBSCAN.csv,/home/jacky/DatosSerie/Resultados/Prediccion/anomalias_sinteticas_limpias_csv/143_DEEPAR_FEEDBACK_DBSCAN.csv
144,DEEPAR_FEEDBACK,DEEPAR_FEEDBACK,DBSCAN,sintetica,2026-02-17,2026-02-27,"[775.18, 791.2, 807.3, 823.51, 839.84, 856.32, 872.97, 889.82, 906.88, 924.2, 941.79]",/home/jacky/DatosSerie/Resultados/Prediccion/anomalias_sinteticas_csv/144_DEEPAR_FEEDBACK_DBSCAN.csv,/home/jacky/DatosSerie/Resultados/Prediccion/anomalias_sinteticas_limpias_csv/144_DEEPAR_FEEDBACK_DBSCAN.csv
145,DEEPAR_FEEDBACK,DEEPAR_FEEDBACK,DIF,sintetica,2026-01-31,2026-02-01,"[494.54, 512.88]",/home/jacky/DatosSerie/Resultados/Prediccion/anomalias_sinteticas_csv/145_DEEPAR_FEEDBACK_DIF.csv,/home/jacky/DatosSerie/Resultados/Prediccion/anomalias_sinteticas_limpias_csv/145_DEEPAR_FEEDBACK_DIF.csv
146,DEEPAR_FEEDBACK,DEEPAR_FEEDBACK,IFOREST,sintetica,2026-02-27,2026-02-27,[941.79],/home/jacky/DatosSerie/Resultados/Prediccion/anomalias_sinteticas_csv/146_DEEPAR_FEEDBACK_IFOREST.csv,/home/jacky/DatosSerie/Resultados/Prediccion/anomalias_sinteticas_limpias_csv/146_DEEPAR_FEEDBACK_IFOREST.csv
147,DEEPAR_FEEDBACK,DEEPAR_FEEDBACK,TIMEGPT,sintetica,2026-02-09,2026-02-09,[647.55],/home/jacky/DatosSerie/Resultados/Prediccion/anomalias_sinteticas_csv/147_DEEPAR_FEEDBACK_TIMEGPT.csv,/home/jacky/DatosSerie/Resultados/Prediccion/anomalias_sinteticas_limpias_csv/147_DEEPAR_FEEDBACK_TIMEGPT.csv
148,DEEPAR_FEEDBACK,DEEPAR_FEEDBACK,TIMESNET,sintetica,2026-02-27,2026-02-27,[941.79],/home/jacky/DatosSerie/Resultados/Prediccion/anomalias_sinteticas_csv/148_DEEPAR_FEEDBACK_TIMESNET.csv,/home/jacky/DatosSerie/Resultados/Prediccion/anomalias_sinteticas_limpias_csv/148_DEEPAR_FEEDBACK_TIMESNET.csv
149,DEEPAR_FEEDBACK,DEEPAR_FEEDBACK,TRANAD,sintetica,2026-02-21,2026-02-21,[839.84],/home/jacky/DatosSerie/Resultados/Prediccion/anomalias_sinteticas_csv/149_DEEPAR_FEEDBACK_TRANAD.csv,/home/jacky/DatosSerie/Resultados/Prediccion/anomalias_sinteticas_limpias_csv/149_DEEPAR_FEEDBACK_TRANAD.csv
