fecha,valor,fuente,metodo_prediccion,metodo_deteccion
2026-01-29,414.39,sintetica,ARIMA_DIRECT,ARIMA
2026-01-30,414.38,sintetica,ARIMA_DIRECT,ARIMA
2026-01-29,414.39,sintetica,ARIMA_DIRECT,DBSCAN
2026-01-30,414.38,sintetica,ARIMA_DIRECT,DBSCAN
2026-01-31,414.38,sintetica,ARIMA_DIRECT,DBSCAN
2026-01-30,414.38,sintetica,ARIMA_DIRECT,DIF
2026-02-01,414.37,sintetica,ARIMA_DIRECT,DIF
2026-01-29,414.39,sintetica,ARIMA_DIRECT,IFOREST
2026-02-09,414.37,sintetica,ARIMA_DIRECT,TIMEGPT
2026-02-21,414.37,sintetica,ARIMA_DIRECT,TIMESNET
2026-02-21,414.37,sintetica,ARIMA_DIRECT,TRANAD
