id,fecha,valor
51,2025-04-23,1765.2839654828203
51,2025-04-24,1765.2924830835825
51,2025-04-25,1761.8208061608757
51,2025-04-26,1761.3105205766806
51,2025-04-27,1760.83088373928
51,2025-04-28,1760.8608737875186
51,2025-04-29,1755.743262961804
51,2025-04-30,1754.236486562842
51,2025-05-01,1754.3808382733005
51,2025-05-02,1751.070615483999
51,2025-05-03,1750.7387005632938
51,2025-05-04,1750.444765890207
51,2025-05-05,1750.6575940300236
51,2025-05-06,1745.709474520167
51,2025-05-07,1744.348436700713
51,2025-05-08,1744.604835519221
51,2025-05-09,1741.3638987285017
