fecha,valor,modelo,fuente
2004-09-26,786,COUTA,original
2004-10-30,745,COUTA,original
2004-12-05,699,COUTA,original
2005-01-13,692,COUTA,original
2005-02-10,640,COUTA,original
2005-03-08,592,COUTA,original
2005-04-09,655,COUTA,original
2005-09-06,712,COUTA,original
2005-10-10,651,COUTA,original
2005-11-18,648,COUTA,original
2005-12-17,639,COUTA,original
2006-01-18,639,COUTA,original
2006-02-10,557,COUTA,original
2006-03-03,564,COUTA,original
2006-03-24,556,COUTA,original
2006-04-12,523,COUTA,original
2006-04-29,483,COUTA,original
2006-05-14,465,COUTA,original
2006-05-31,504,COUTA,original
2006-06-19,507,COUTA,original
2006-07-09,519,COUTA,original
2006-07-28,482,COUTA,original
2006-08-15,478,COUTA,original
2006-09-04,532,COUTA,original
2006-10-08,620,COUTA,original
2006-11-02,510,COUTA,original
2006-11-23,528,COUTA,original
2007-01-14,827,COUTA,original
2007-02-03,788,COUTA,original
2007-05-01,603,COUTA,original
2007-06-16,603,COUTA,original
2007-10-07,598,COUTA,original
2007-11-11,621,COUTA,original
2007-12-23,600,COUTA,original
2008-02-14,648,COUTA,original
2008-04-17,597,COUTA,original
2008-05-18,564,COUTA,original
2008-06-14,562,COUTA,original
2008-09-25,946,COUTA,original
2008-10-06,1341,COUTA,original
2008-10-12,1509,COUTA,original
2008-10-18,1610,COUTA,original
2008-10-22,2439,COUTA,original
2008-10-24,2989,COUTA,original
2008-10-26,2989,COUTA,original
2008-10-28,3130,COUTA,original
2008-10-30,3153,COUTA,original
2008-11-01,3150,COUTA,original
2008-11-03,3080,COUTA,original
2008-11-05,3109,COUTA,original
2008-11-07,2945,COUTA,original
2008-11-09,2945,COUTA,original
2008-11-11,2941,COUTA,original
2008-11-13,4218,COUTA,original
2008-11-15,4460,COUTA,original
2008-11-17,4457,COUTA,original
2008-11-19,4476,COUTA,original
2008-11-21,4280,COUTA,original
2008-11-23,4280,COUTA,original
2008-11-25,4039,COUTA,original
2008-11-27,3575,COUTA,original
2008-11-29,3576,COUTA,original
2008-12-01,3604,COUTA,original
2008-12-03,3489,COUTA,original
2008-12-05,3490,COUTA,original
2008-12-07,3490,COUTA,original
2008-12-09,3491,COUTA,original
2008-12-11,3496,COUTA,original
2008-12-13,3924,COUTA,original
2008-12-15,4325,COUTA,original
2008-12-16,5020,COUTA,original
2008-12-17,5040,COUTA,original
2008-12-18,5054,COUTA,original
2008-12-19,5055,COUTA,original
2008-12-20,5055,COUTA,original
2008-12-21,5055,COUTA,original
2008-12-22,5069,COUTA,original
2008-12-24,4672,COUTA,original
2008-12-26,4671,COUTA,original
2008-12-28,4671,COUTA,original
2008-12-30,4729,COUTA,original
2009-01-01,4731,COUTA,original
2009-01-03,4720,COUTA,original
2009-01-05,4342,COUTA,original
2009-01-07,3930,COUTA,original
2009-01-09,3947,COUTA,original
2009-01-11,3947,COUTA,original
2009-01-13,3963,COUTA,original
2009-01-15,3752,COUTA,original
2009-01-17,3748,COUTA,original
2009-01-19,3748,COUTA,original
2009-01-21,3710,COUTA,original
2009-01-23,3713,COUTA,original
2009-01-25,3713,COUTA,original
2009-01-27,3861,COUTA,original
2009-01-29,3835,COUTA,original
2009-01-31,3842,COUTA,original
2009-02-02,3877,COUTA,original
2009-02-04,3928,COUTA,original
2009-02-06,3933,COUTA,original
2009-02-08,3933,COUTA,original
2009-02-10,3953,COUTA,original
2009-02-12,3487,COUTA,original
2009-02-14,3477,COUTA,original
2009-02-16,3477,COUTA,original
2009-02-18,3468,COUTA,original
2009-02-20,3486,COUTA,original
2009-02-22,3486,COUTA,original
2009-02-24,3506,COUTA,original
2009-02-26,3428,COUTA,original
2009-02-28,3433,COUTA,original
2009-03-02,3464,COUTA,original
2009-03-04,3459,COUTA,original
2009-03-06,3477,COUTA,original
2009-03-08,3477,COUTA,original
2009-03-10,3470,COUTA,original
2009-03-12,3487,COUTA,original
2009-03-14,3493,COUTA,original
2009-03-16,3492,COUTA,original
2009-03-18,3537,COUTA,original
2009-03-20,3535,COUTA,original
2009-03-22,3535,COUTA,original
2009-03-24,3538,COUTA,original
2009-03-26,3702,COUTA,original
2009-03-28,3700,COUTA,original
2009-03-30,3687,COUTA,original
2009-04-01,3519,COUTA,original
2009-04-03,3394,COUTA,original
2009-04-05,3394,COUTA,original
2009-04-07,3415,COUTA,original
2009-04-09,3415,COUTA,original
2009-04-11,3415,COUTA,original
2009-04-13,3418,COUTA,original
2009-04-15,3446,COUTA,original
2009-04-17,3437,COUTA,original
2009-04-19,3437,COUTA,original
2009-04-21,3411,COUTA,original
2009-04-23,3374,COUTA,original
2009-04-25,3372,COUTA,original
2009-04-27,3383,COUTA,original
2009-04-29,3382,COUTA,original
2009-05-01,3386,COUTA,original
2009-05-03,3386,COUTA,original
2009-05-05,3392,COUTA,original
2009-05-07,3427,COUTA,original
2009-05-09,3452,COUTA,original
2009-05-11,3466,COUTA,original
2009-05-13,3393,COUTA,original
2009-05-15,3399,COUTA,original
2009-05-17,3399,COUTA,original
2009-05-19,3405,COUTA,original
2009-05-21,3360,COUTA,original
2009-05-23,3358,COUTA,original
2009-05-25,3358,COUTA,original
2009-05-27,3051,COUTA,original
2009-05-30,3003,COUTA,original
2009-06-02,2964,COUTA,original
2009-06-05,2901,COUTA,original
2009-06-08,2881,COUTA,original
2009-06-11,2869,COUTA,original
2009-06-14,2704,COUTA,original
2009-06-17,2689,COUTA,original
2009-06-20,2682,COUTA,original
2009-06-23,2699,COUTA,original
2009-06-26,2723,COUTA,original
2009-06-29,2780,COUTA,original
2009-07-22,1293,COUTA,original
2009-10-03,945,COUTA,original
2009-10-19,846,COUTA,original
2009-11-01,814,COUTA,original
2009-11-14,821,COUTA,original
2009-11-28,832,COUTA,original
2009-12-13,860,COUTA,original
2009-12-27,786,COUTA,original
2010-01-08,747,COUTA,original
2010-01-19,736,COUTA,original
2010-02-01,804,COUTA,original
2010-02-15,815,COUTA,original
2010-03-01,822,COUTA,original
2010-03-16,829,COUTA,original
2010-03-31,817,COUTA,original
2010-04-14,816,COUTA,original
2010-04-29,823,COUTA,original
2010-05-16,890,COUTA,original
2010-06-11,962,COUTA,original
2010-07-18,1012,COUTA,original
2010-09-16,1017,COUTA,original
2010-11-10,1008,COUTA,original
2010-12-13,922,COUTA,original
2011-01-04,886,COUTA,original
2011-01-23,834,COUTA,original
2011-02-07,770,COUTA,original
2011-02-19,744,COUTA,original
2011-03-03,743,COUTA,original
2011-03-16,813,COUTA,original
2011-03-30,780,COUTA,original
2011-04-11,734,COUTA,original
2011-04-24,780,COUTA,original
2011-05-08,793,COUTA,original
2011-05-22,787,COUTA,original
2011-06-06,808,COUTA,original
2011-06-21,801,COUTA,original
2011-07-06,794,COUTA,original
2011-07-21,763,COUTA,original
2011-08-04,799,COUTA,original
2011-08-25,896,COUTA,original
2011-09-16,888,COUTA,original
2011-10-08,891,COUTA,original
2011-10-31,886,COUTA,original
2011-11-21,861,COUTA,original
2011-12-10,844,COUTA,original
2011-12-28,840,COUTA,original
2012-01-13,812,COUTA,original
2012-01-29,816,COUTA,original
2012-02-13,792,COUTA,original
2012-02-28,791,COUTA,original
2012-03-15,803,COUTA,original
2012-03-31,824,COUTA,original
2012-04-17,789,COUTA,original
2012-05-03,792,COUTA,original
2012-05-21,858,COUTA,original
2012-06-17,875,COUTA,original
2012-07-11,863,COUTA,original
2012-07-31,852,COUTA,original
2012-08-18,795,COUTA,original
2012-09-02,791,COUTA,original
2012-09-17,722,COUTA,original
2012-09-30,743,COUTA,original
2012-10-14,765,COUTA,original
2012-10-29,786,COUTA,original
2012-11-16,811,COUTA,original
2012-12-04,830,COUTA,original
2012-12-23,824,COUTA,original
2013-01-09,757,COUTA,original
2013-01-22,708,COUTA,original
2013-02-03,704,COUTA,original
2013-02-16,710,COUTA,original
2013-03-01,705,COUTA,original
2013-03-13,697,COUTA,original
2013-03-25,699,COUTA,original
2013-04-06,680,COUTA,original
2013-04-18,677,COUTA,original
2013-04-30,647,COUTA,original
2013-05-11,639,COUTA,original
2013-05-22,635,COUTA,original
2013-06-02,626,COUTA,original
2013-06-13,631,COUTA,original
2013-06-24,661,COUTA,original
2013-07-06,658,COUTA,original
2013-07-18,622,COUTA,original
2013-07-28,621,COUTA,original
2013-08-07,617,COUTA,original
2013-08-17,610,COUTA,original
2013-08-28,648,COUTA,original
2013-09-08,640,COUTA,original
2013-09-19,651,COUTA,original
2013-09-30,628,COUTA,original
2013-10-11,622,COUTA,original
2013-10-21,503,COUTA,original
2013-10-29,500,COUTA,original
2013-11-07,523,COUTA,original
2013-11-16,519,COUTA,original
2013-11-25,540,COUTA,original
2013-12-04,537,COUTA,original
2013-12-13,530,COUTA,original
2013-12-22,522,COUTA,original
2013-12-31,530,COUTA,original
2014-01-09,550,COUTA,original
2014-01-19,565,COUTA,original
2014-01-29,604,COUTA,original
2014-02-09,605,COUTA,original
2014-02-20,614,COUTA,original
2014-03-03,611,COUTA,original
2014-03-13,560,COUTA,original
2014-03-22,535,COUTA,original
2014-03-31,508,COUTA,original
2014-04-09,501,COUTA,original
2014-04-17,433,COUTA,original
2014-04-25,395,COUTA,original
2014-05-02,344,COUTA,original
2014-05-09,342,COUTA,original
2014-05-16,337,COUTA,original
2014-05-23,379,COUTA,original
2014-05-30,372,COUTA,original
2014-06-06,365,COUTA,original
2014-06-13,357,COUTA,original
2014-06-20,384,COUTA,original
2014-06-27,377,COUTA,original
2014-07-04,403,COUTA,original
2014-07-12,436,COUTA,original
2014-07-20,429,COUTA,original
2014-07-28,421,COUTA,original
2014-08-05,416,COUTA,original
2014-08-13,410,COUTA,original
2014-08-21,400,COUTA,original
2014-08-28,354,COUTA,original
2014-09-04,386,COUTA,original
2014-09-11,379,COUTA,original
2014-09-18,369,COUTA,original
2014-09-25,364,COUTA,original
2014-10-02,399,COUTA,original
2014-10-10,413,COUTA,original
2014-10-18,427,COUTA,original
2014-10-26,419,COUTA,original
2014-11-03,411,COUTA,original
2014-11-14,577,COUTA,original
2014-11-25,569,COUTA,original
2014-12-06,617,COUTA,original
2015-02-08,760,COUTA,original
2015-03-01,763,COUTA,original
2015-03-25,826,COUTA,original
2015-04-23,715,COUTA,original
2015-05-08,628,COUTA,original
2015-05-22,683,COUTA,original
2015-06-10,748,COUTA,original
2015-07-05,831,COUTA,original
2015-08-25,1315,COUTA,original
2015-09-05,1362,COUTA,original
2015-09-16,1299,COUTA,original
2015-09-28,1404,COUTA,original
2015-10-06,1439,COUTA,original
2015-10-16,1289,COUTA,original
2015-10-30,1252,COUTA,original
2015-11-16,1270,COUTA,original
2015-12-02,1176,COUTA,original
2015-12-19,1259,COUTA,original
2016-01-02,1266,COUTA,original
2016-01-12,1574,COUTA,original
2016-01-18,1678,COUTA,original
2016-01-25,1592,COUTA,original
2016-02-02,1573,COUTA,original
2016-02-09,1637,COUTA,original
2016-02-15,1702,COUTA,original
2016-02-22,1483,COUTA,original
2016-03-03,1340,COUTA,original
2016-03-22,1064,COUTA,original
2016-04-22,1064,COUTA,original
2016-06-19,919,COUTA,original
2016-08-04,887,COUTA,original
2016-09-08,843,COUTA,original
2016-10-09,806,COUTA,original
2016-10-28,721,COUTA,original
2016-11-17,781,COUTA,original
2016-12-05,712,COUTA,original
2016-12-19,664,COUTA,original
2017-01-01,647,COUTA,original
2017-01-13,610,COUTA,original
2017-01-25,607,COUTA,original
2017-02-05,617,COUTA,original
2017-02-17,617,COUTA,original
2017-02-28,572,COUTA,original
2017-03-11,603,COUTA,original
2017-03-23,666,COUTA,original
2017-04-06,711,COUTA,original
2017-04-23,730,COUTA,original
2017-05-07,674,COUTA,original
2017-05-21,671,COUTA,original
2017-06-04,695,COUTA,original
2017-06-20,736,COUTA,original
2017-07-07,716,COUTA,original
2017-07-22,681,COUTA,original
2017-08-05,648,COUTA,original
2017-08-18,639,COUTA,original
2017-08-31,643,COUTA,original
2017-09-13,627,COUTA,original
2017-09-25,628,COUTA,original
2017-10-07,574,COUTA,original
2017-10-18,569,COUTA,original
2017-10-29,573,COUTA,original
2017-11-08,560,COUTA,original
2017-11-19,552,COUTA,original
2017-11-29,507,COUTA,original
2017-12-08,482,COUTA,original
2017-12-17,457,COUTA,original
2017-12-26,454,COUTA,original
2018-01-04,437,COUTA,original
2018-01-12,462,COUTA,original
2018-01-21,473,COUTA,original
2018-01-30,453,COUTA,original
2018-02-08,506,COUTA,original
2018-02-18,497,COUTA,original
2018-02-27,469,COUTA,original
2018-03-09,544,COUTA,original
2018-03-20,558,COUTA,original
2018-03-31,544,COUTA,original
2018-04-11,589,COUTA,original
2018-04-23,620,COUTA,original
2018-05-09,780,COUTA,original
2018-05-25,624,COUTA,original
2018-06-08,664,COUTA,original
2018-06-27,763,COUTA,original
2018-07-14,653,COUTA,original
2018-07-28,584,COUTA,original
2018-08-10,687,COUTA,original
2018-08-27,686,COUTA,original
2018-09-15,703,COUTA,original
2018-09-29,621,COUTA,original
2018-10-13,667,COUTA,original
2018-10-29,704,COUTA,original
2018-11-16,761,COUTA,original
2018-12-10,731,COUTA,original
2019-01-06,752,COUTA,original
2019-01-24,660,COUTA,original
2019-02-10,700,COUTA,original
2019-02-25,605,COUTA,original
2019-03-10,641,COUTA,original
2019-03-23,630,COUTA,original
2019-04-05,562,COUTA,original
2019-04-16,528,COUTA,original
2019-04-27,565,COUTA,original
2019-05-08,565,COUTA,original
2019-05-20,572,COUTA,original
2019-06-01,619,COUTA,original
2019-06-14,589,COUTA,original
2019-06-26,594,COUTA,original
2019-07-08,575,COUTA,original
2019-07-20,593,COUTA,original
2019-08-01,637,COUTA,original
2019-08-19,733,COUTA,original
2019-09-07,634,COUTA,original
2019-09-21,608,COUTA,original
2019-10-07,667,COUTA,original
2019-11-05,750,COUTA,original
2019-11-30,1148,COUTA,original
2020-02-20,1152,COUTA,original
2020-03-01,1462,COUTA,original
2020-03-07,2251,COUTA,original
2020-03-10,2879,COUTA,original
2020-03-12,3652,COUTA,original
2020-03-14,3587,COUTA,original
2020-03-16,3869,COUTA,original
2020-03-18,3717,COUTA,original
2020-03-20,3648,COUTA,original
2020-03-22,5258,COUTA,original
2020-03-23,6063,COUTA,original
2020-03-24,5245,COUTA,original
2020-03-25,5239,COUTA,original
2020-03-26,5596,COUTA,original
2020-03-27,5552,COUTA,original
2020-03-28,5493,COUTA,original
2020-03-29,5434,COUTA,original
2020-03-30,5376,COUTA,original
2020-04-01,4783,COUTA,original
2020-04-03,4439,COUTA,original
2020-04-05,4451,COUTA,original
2020-04-07,4457,COUTA,original
2020-04-09,4696,COUTA,original
2020-04-11,4705,COUTA,original
2020-04-13,4715,COUTA,original
2020-04-15,5104,COUTA,original
2020-04-16,5238,COUTA,original
2020-04-17,5188,COUTA,original
2020-04-18,5331,COUTA,original
2020-04-19,5475,COUTA,original
2020-04-20,5619,COUTA,original
2020-04-21,5782,COUTA,original
2020-04-22,5584,COUTA,original
2020-04-23,5527,COUTA,original
2020-04-24,5497,COUTA,original
2020-04-25,5496,COUTA,original
2020-04-26,5495,COUTA,original
2020-04-27,5495,COUTA,original
2020-04-28,5617,COUTA,original
2020-04-29,4985,COUTA,original
2020-04-30,5129,COUTA,original
2020-05-02,4893,COUTA,original
2020-05-04,4791,COUTA,original
2020-05-06,4637,COUTA,original
2020-05-08,4385,COUTA,original
2020-05-10,4319,COUTA,original
2020-05-12,4264,COUTA,original
2020-05-14,4518,COUTA,original
2020-05-16,4264,COUTA,original
2020-05-18,4193,COUTA,original
2020-05-20,4111,COUTA,original
2020-05-22,4139,COUTA,original
2020-05-24,4015,COUTA,original
2020-05-26,3891,COUTA,original
2020-05-28,3901,COUTA,original
2020-05-30,3806,COUTA,original
2020-06-01,3605,COUTA,original
2020-06-03,3182,COUTA,original
2020-06-05,3062,COUTA,original
2020-06-07,3030,COUTA,original
2020-06-09,3208,COUTA,original
2020-06-11,3460,COUTA,original
2020-06-13,3334,COUTA,original
2020-06-15,3326,COUTA,original
2020-06-17,3276,COUTA,original
2020-06-19,3257,COUTA,original
2020-06-21,3233,COUTA,original
2020-06-23,3180,COUTA,original
2020-06-25,3311,COUTA,original
2020-06-27,3391,COUTA,original
2020-06-29,3393,COUTA,original
2020-07-01,3278,COUTA,original
2020-07-03,3155,COUTA,original
2020-07-06,2783,COUTA,original
2020-07-09,2874,COUTA,original
2020-07-12,2800,COUTA,original
2020-07-15,2723,COUTA,original
2020-07-18,2726,COUTA,original
2020-07-21,2693,COUTA,original
2020-07-24,2777,COUTA,original
2020-07-27,2796,COUTA,original
2020-07-30,2954,COUTA,original
2020-08-02,2755,COUTA,original
2020-08-05,2752,COUTA,original
2020-08-08,2765,COUTA,original
2020-08-11,2766,COUTA,original
2020-08-14,2780,COUTA,original
2020-08-17,2776,COUTA,original
2020-08-20,2795,COUTA,original
2020-08-23,2790,COUTA,original
2020-08-26,2805,COUTA,original
2020-08-29,2814,COUTA,original
2020-09-01,2170,COUTA,original
2020-09-05,2469,COUTA,original
2020-09-08,2473,COUTA,original
2021-01-18,1214,COUTA,original
2021-02-07,1157,COUTA,original
2021-02-27,1228,COUTA,original
2021-03-13,1301,COUTA,original
2021-04-02,1177,COUTA,original
2021-04-30,764,COUTA,original
2021-05-16,723,COUTA,original
2021-05-30,724,COUTA,original
2021-06-14,768,COUTA,original
2021-07-01,759,COUTA,original
2021-07-18,799,COUTA,original
2021-08-05,789,COUTA,original
2021-08-25,774,COUTA,original
2021-09-11,774,COUTA,original
2021-10-03,863,COUTA,original
2021-10-24,821,COUTA,original
2021-11-16,806,COUTA,original
2021-12-11,837,COUTA,original
2022-01-07,794,COUTA,original
2022-01-29,781,COUTA,original
2022-02-15,728,COUTA,original
2022-03-05,869,COUTA,original
2022-03-24,758,COUTA,original
2022-04-12,806,COUTA,original
2022-05-03,795,COUTA,original
2022-05-23,815,COUTA,original
2022-07-11,1332,COUTA,original
2022-07-19,1406,COUTA,original
2022-08-01,1454,COUTA,original
2022-08-14,1440,COUTA,original
2022-08-23,1543,COUTA,original
2022-09-01,1561,COUTA,original
2022-09-09,1446,COUTA,original
2022-09-18,1446,COUTA,original
2022-09-26,1609,COUTA,original
2022-10-02,1705,COUTA,original
2022-10-09,1739,COUTA,original
2022-10-14,1883,COUTA,original
2022-10-20,1694,COUTA,original
2022-10-28,1503,COUTA,original
2022-11-06,1437,COUTA,original
2022-11-16,1420,COUTA,original
2022-11-28,1336,COUTA,original
2022-12-11,1325,COUTA,original
2022-12-27,1247,COUTA,original
2023-01-30,1216,COUTA,original
2023-02-12,1514,COUTA,original
2023-02-20,1627,COUTA,original
2023-02-27,1709,COUTA,original
2023-03-05,1657,COUTA,original
2023-03-12,1675,COUTA,original
2023-03-17,1950,COUTA,original
2023-03-22,1872,COUTA,original
2023-03-27,1821,COUTA,original
2023-04-01,1903,COUTA,original
2023-04-06,1975,COUTA,original
2023-04-11,1953,COUTA,original
2023-04-16,1872,COUTA,original
2023-04-21,1886,COUTA,original
2023-04-26,1840,COUTA,original
2023-05-02,1759,COUTA,original
2023-05-09,1623,COUTA,original
2023-05-15,1759,COUTA,original
2023-05-20,1850,COUTA,original
2023-05-25,1861,COUTA,original
2023-05-30,1861,COUTA,original
2023-06-04,1913,COUTA,original
2023-06-09,1888,COUTA,original
2023-06-14,1863,COUTA,original
2023-06-19,1856,COUTA,original
2023-06-24,1848,COUTA,original
2023-06-29,1922,COUTA,original
2023-07-04,1896,COUTA,original
2023-07-09,1891,COUTA,original
2023-07-15,1760,COUTA,original
2023-07-21,1840,COUTA,original
2023-07-26,1908,COUTA,original
2023-07-31,1934,COUTA,original
2023-08-05,1983,COUTA,original
2023-08-10,1900,COUTA,original
2023-08-15,1904,COUTA,original
2023-08-21,1750,COUTA,original
2023-08-27,1765,COUTA,original
2023-09-02,1891,COUTA,original
2023-09-08,1721,COUTA,original
2023-09-14,1755,COUTA,original
2023-09-20,1748,COUTA,original
2023-09-26,1783,COUTA,original
2023-10-02,1798,COUTA,original
2023-10-08,1837,COUTA,original
2023-10-14,1808,COUTA,original
2023-10-20,1757,COUTA,original
2023-10-26,1760,COUTA,original
2023-11-01,1759,COUTA,original
2023-11-07,1823,COUTA,original
2023-11-12,1967,COUTA,original
2023-11-17,2010,COUTA,original
2023-11-22,1925,COUTA,original
2023-11-27,1925,COUTA,original
2023-12-02,2057,COUTA,original
2023-12-07,2027,COUTA,original
2023-12-12,2054,COUTA,original
2023-12-16,2122,COUTA,original
2023-12-20,2083,COUTA,original
2023-12-24,2078,COUTA,original
2023-12-28,2062,COUTA,original
2024-01-02,2001,COUTA,original
2024-01-07,1949,COUTA,original
2024-01-12,1968,COUTA,original
2024-01-17,1910,COUTA,original
2024-01-23,1797,COUTA,original
2024-01-30,1748,COUTA,original
2024-02-05,1743,COUTA,original
2024-02-14,1529,COUTA,original
2024-02-23,1497,COUTA,original
2024-03-06,1290,COUTA,original
2024-03-29,1226,COUTA,original
2024-05-08,1131,COUTA,original
2024-06-02,1283,COUTA,original
2024-06-17,1380,COUTA,original
2024-06-29,1390,COUTA,original
2024-07-14,1298,COUTA,original
2024-08-01,1350,COUTA,original
2024-08-13,1374,COUTA,original
2024-09-01,1251,COUTA,original
2024-10-01,1218,COUTA,original
2024-10-29,1305,COUTA,original
2024-11-19,1349,COUTA,original
2024-12-12,1205,COUTA,original
2025-02-24,1384,COUTA,original
2025-03-09,1541,COUTA,original
2025-03-19,1461,COUTA,original
2025-03-28,1626,COUTA,original
2025-04-05,1731,COUTA,original
2025-04-11,1844,COUTA,original
2025-06-20,880,COUTA,original
2025-07-07,804,COUTA,original
2025-07-23,810,COUTA,original
2025-08-07,814,COUTA,original
2025-08-21,767,COUTA,original
2025-09-03,749,COUTA,original
2025-09-14,677,COUTA,original
2025-09-26,707,COUTA,original
2025-10-10,864,COUTA,original
2025-10-25,763,COUTA,original
2025-11-06,693,COUTA,original
2025-11-16,652,COUTA,original
2025-11-26,571,COUTA,original
2025-12-04,557,COUTA,original
2025-12-12,532,COUTA,original
2025-12-20,508,COUTA,original
2025-12-27,502,COUTA,original
2026-01-03,482,COUTA,original
2026-01-10,481,COUTA,original
2026-01-17,462,COUTA,original
2026-01-24,446,COUTA,original
