fecha,valor,modelo,fuente,metodo_prediccion
2026-01-29,534.75,DBSCAN,sintetica,SVR_DIRECT
2026-01-30,525.94,DBSCAN,sintetica,SVR_DIRECT
2026-01-31,525.97,DBSCAN,sintetica,SVR_DIRECT
2026-02-01,526.21,DBSCAN,sintetica,SVR_DIRECT
2026-02-09,515.94,DBSCAN,sintetica,SVR_DIRECT
2026-02-10,512.55,DBSCAN,sintetica,SVR_DIRECT
2026-02-11,516.49,DBSCAN,sintetica,SVR_DIRECT
2026-02-12,515.71,DBSCAN,sintetica,SVR_DIRECT
2026-02-13,522.88,DBSCAN,sintetica,SVR_DIRECT
2026-02-14,517.78,DBSCAN,sintetica,SVR_DIRECT
2026-02-15,523.02,DBSCAN,sintetica,SVR_DIRECT
2026-02-16,528.12,DBSCAN,sintetica,SVR_DIRECT
2026-02-17,528.51,DBSCAN,sintetica,SVR_DIRECT
2026-02-18,533.96,DBSCAN,sintetica,SVR_DIRECT
2026-02-19,527.41,DBSCAN,sintetica,SVR_DIRECT
2026-02-20,521.71,DBSCAN,sintetica,SVR_DIRECT
2026-02-21,516.62,DBSCAN,sintetica,SVR_DIRECT
2026-02-22,512.74,DBSCAN,sintetica,SVR_DIRECT
2026-02-23,504.5,DBSCAN,sintetica,SVR_DIRECT
2026-02-24,496.22,DBSCAN,sintetica,SVR_DIRECT
2026-02-25,497.43,DBSCAN,sintetica,SVR_DIRECT
2026-02-26,487.8,DBSCAN,sintetica,SVR_DIRECT
2026-02-27,483.88,DBSCAN,sintetica,SVR_DIRECT
