id,valor,fuente,fecha,metodo_prediccion,metodo_deteccion,anomalo
40,1767.946,sintetica,2025-04-11,RF_FEEDBACK,TIMEGPT,False
40,1785.88,sintetica,2025-04-12,RF_FEEDBACK,TIMEGPT,False
40,1795.488,sintetica,2025-04-13,RF_FEEDBACK,TIMEGPT,False
40,1797.664,sintetica,2025-04-14,RF_FEEDBACK,TIMEGPT,False
40,1803.778,sintetica,2025-04-15,RF_FEEDBACK,TIMEGPT,False
40,1803.192,sintetica,2025-04-16,RF_FEEDBACK,TIMEGPT,False
40,1801.816,sintetica,2025-04-17,RF_FEEDBACK,TIMEGPT,False
40,1804.48,sintetica,2025-04-18,RF_FEEDBACK,TIMEGPT,False
40,1804.992,sintetica,2025-04-19,RF_FEEDBACK,TIMEGPT,False
40,1792.87,sintetica,2025-04-20,RF_FEEDBACK,TIMEGPT,False
40,1791.924,sintetica,2025-04-21,RF_FEEDBACK,TIMEGPT,True
40,1795.372,sintetica,2025-04-22,RF_FEEDBACK,TIMEGPT,False
40,1803.326,sintetica,2025-04-23,RF_FEEDBACK,TIMEGPT,False
40,1805.174,sintetica,2025-04-24,RF_FEEDBACK,TIMEGPT,False
40,1804.018,sintetica,2025-04-25,RF_FEEDBACK,TIMEGPT,False
40,1794.154,sintetica,2025-04-26,RF_FEEDBACK,TIMEGPT,False
40,1790.664,sintetica,2025-04-27,RF_FEEDBACK,TIMEGPT,False
40,1790.448,sintetica,2025-04-28,RF_FEEDBACK,TIMEGPT,False
40,1788.722,sintetica,2025-04-29,RF_FEEDBACK,TIMEGPT,False
40,1787.142,sintetica,2025-04-30,RF_FEEDBACK,TIMEGPT,False
40,1789.846,sintetica,2025-05-01,RF_FEEDBACK,TIMEGPT,False
