id_anomalia,serie,serie_id,start_date,end_date,center_date,duracion_dias,method,num_values,count,min_value,max_value,amplitude,peak_value,peak_time,mean_value,std_value,grafico_file,tipo,fuente
1,1,1,2005-04-20,2005-04-20,2005-04-20,1,"ARIMA,DIF",1,2,786.0,786.0,0.0,786.0,2005-04-20 00:00:00,,,/tmp/DatosSerie/Resultados/GraficosConsolidado/GraficosOriginalDatos/001_2005-04-20.png,detectada,original
2,1,1,2005-04-26,2005-04-26,2005-04-26,1,"ARIMA,DIF",1,2,821.0,821.0,0.0,821.0,2005-04-26 00:00:00,,,/tmp/DatosSerie/Resultados/GraficosConsolidado/GraficosOriginalDatos/002_2005-04-26.png,detectada,original
3,1,1,2006-10-16,2006-10-16,2006-10-16,1,"ARIMA,DIF",1,2,520.0,520.0,0.0,520.0,2006-10-16 00:00:00,,,/tmp/DatosSerie/Resultados/GraficosConsolidado/GraficosOriginalDatos/003_2006-10-16.png,detectada,original
4,1,1,2006-11-27,2006-11-27,2006-11-27,1,"ARIMA,DIF",1,2,604.0,604.0,0.0,604.0,2006-11-27 00:00:00,,,/tmp/DatosSerie/Resultados/GraficosConsolidado/GraficosOriginalDatos/004_2006-11-27.png,detectada,original
5,1,1,2006-12-01,2006-12-01,2006-12-01,1,"ARIMA,DIF",1,2,674.0,674.0,0.0,674.0,2006-12-01 00:00:00,,,/tmp/DatosSerie/Resultados/GraficosConsolidado/GraficosOriginalDatos/005_2006-12-01.png,detectada,original
6,1,1,2006-12-22,2006-12-22,2006-12-22,1,"ARIMA,DIF",1,2,852.0,852.0,0.0,852.0,2006-12-22 00:00:00,,,/tmp/DatosSerie/Resultados/GraficosConsolidado/GraficosOriginalDatos/006_2006-12-22.png,detectada,original
7,1,1,2007-01-18,2007-01-18,2007-01-18,1,"ARIMA,DIF",1,2,946.0,946.0,0.0,946.0,2007-01-18 00:00:00,,,/tmp/DatosSerie/Resultados/GraficosConsolidado/GraficosOriginalDatos/007_2007-01-18.png,detectada,original
8,1,1,2007-01-23,2007-01-23,2007-01-23,1,"ARIMA,DIF",1,2,1038.0,1038.0,0.0,1038.0,2007-01-23 00:00:00,,,/tmp/DatosSerie/Resultados/GraficosConsolidado/GraficosOriginalDatos/008_2007-01-23.png,detectada,original
9,1,1,2007-01-29,2007-01-30,2007-01-29,2,"ARIMA,DIF",2,2,812.0,885.0,73.0,885.0,2007-01-30 00:00:00,848.5,36.5,/tmp/DatosSerie/Resultados/GraficosConsolidado/GraficosOriginalDatos/009_2007-01-29.png,detectada,original
10,1,1,2007-02-14,2007-02-14,2007-02-14,1,"ARIMA,DIF",1,2,696.0,696.0,0.0,696.0,2007-02-14 00:00:00,,,/tmp/DatosSerie/Resultados/GraficosConsolidado/GraficosOriginalDatos/010_2007-02-14.png,detectada,original
11,1,1,2007-07-27,2007-07-27,2007-07-27,1,"ARIMA,DIF",1,2,710.0,710.0,0.0,710.0,2007-07-27 00:00:00,,,/tmp/DatosSerie/Resultados/GraficosConsolidado/GraficosOriginalDatos/011_2007-07-27.png,detectada,original
12,1,1,2007-08-16,2007-08-16,2007-08-16,1,"ARIMA,DIF",1,2,770.0,770.0,0.0,770.0,2007-08-16 00:00:00,,,/tmp/DatosSerie/Resultados/GraficosConsolidado/GraficosOriginalDatos/012_2007-08-16.png,detectada,original
13,1,1,2008-09-15,2008-09-15,2008-09-15,1,"ARIMA,DIF",1,2,974.0,974.0,0.0,974.0,2008-09-15 00:00:00,,,/tmp/DatosSerie/Resultados/GraficosConsolidado/GraficosOriginalDatos/013_2008-09-15.png,detectada,original
14,1,1,2008-09-19,2008-09-19,2008-09-19,1,"ARIMA,DIF",1,2,927.0,927.0,0.0,927.0,2008-09-19 00:00:00,,,/tmp/DatosSerie/Resultados/GraficosConsolidado/GraficosOriginalDatos/014_2008-09-19.png,detectada,original
15,1,1,2008-09-29,2008-09-29,2008-09-29,1,"ARIMA,DIF",1,2,1008.0,1008.0,0.0,1008.0,2008-09-29 00:00:00,,,/tmp/DatosSerie/Resultados/GraficosConsolidado/GraficosOriginalDatos/015_2008-09-29.png,detectada,original
16,1,1,2008-10-01,2008-10-02,2008-10-01,2,"ARIMA,DIF",2,2,1078.0,1162.0,84.0,1162.0,2008-10-02 00:00:00,1120.0,42.0,/tmp/DatosSerie/Resultados/GraficosConsolidado/GraficosOriginalDatos/016_2008-10-01.png,detectada,original
17,1,1,2008-10-09,2008-10-10,2008-10-09,2,"ARIMA,DIF",2,2,1431.0,1509.0,78.0,1509.0,2008-10-10 00:00:00,1470.0,39.0,/tmp/DatosSerie/Resultados/GraficosConsolidado/GraficosOriginalDatos/017_2008-10-09.png,detectada,original
18,1,1,2008-10-14,2008-10-17,2008-10-15,4,"ARIMA,DIF,TIMEGPT",4,3,1397.0,1610.0,213.0,1610.0,2008-10-17 00:00:00,1505.0,79.62097713542582,/tmp/DatosSerie/Resultados/GraficosConsolidado/GraficosOriginalDatos/018_2008-10-14.png,detectada,original
19,1,1,2008-10-28,2008-10-28,2008-10-28,1,"ARIMA,DIF",1,2,3130.0,3130.0,0.0,3130.0,2008-10-28 00:00:00,,,/tmp/DatosSerie/Resultados/GraficosConsolidado/GraficosOriginalDatos/019_2008-10-28.png,detectada,original
20,1,1,2008-11-03,2008-11-03,2008-11-03,1,"ARIMA,DIF",1,2,3080.0,3080.0,0.0,3080.0,2008-11-03 00:00:00,,,/tmp/DatosSerie/Resultados/GraficosConsolidado/GraficosOriginalDatos/020_2008-11-03.png,detectada,original
21,1,1,2008-11-07,2008-11-07,2008-11-07,1,"ARIMA,DIF",1,2,2945.0,2945.0,0.0,2945.0,2008-11-07 00:00:00,,,/tmp/DatosSerie/Resultados/GraficosConsolidado/GraficosOriginalDatos/021_2008-11-07.png,detectada,original
22,1,1,2008-11-12,2008-11-14,2008-11-13,3,"ARIMA,DIF",3,2,3029.0,4460.0,1431.0,4460.0,2008-11-14 00:00:00,3902.3333333333335,625.3928543101706,/tmp/DatosSerie/Resultados/GraficosConsolidado/GraficosOriginalDatos/022_2008-11-12.png,detectada,original
23,1,1,2008-11-21,2008-11-21,2008-11-21,1,"ARIMA,DIF",1,2,4280.0,4280.0,0.0,4280.0,2008-11-21 00:00:00,,,/tmp/DatosSerie/Resultados/GraficosConsolidado/GraficosOriginalDatos/023_2008-11-21.png,detectada,original
24,1,1,2008-11-24,2008-11-26,2008-11-25,3,"ARIMA,DIF",3,2,3575.0,4213.0,638.0,4213.0,2008-11-26 00:00:00,3942.3333333333335,269.282173358893,/tmp/DatosSerie/Resultados/GraficosConsolidado/GraficosOriginalDatos/024_2008-11-24.png,detectada,original
25,1,1,2008-12-02,2008-12-02,2008-12-02,1,"ARIMA,DIF",1,2,3481.0,3481.0,0.0,3481.0,2008-12-02 00:00:00,,,/tmp/DatosSerie/Resultados/GraficosConsolidado/GraficosOriginalDatos/025_2008-12-02.png,detectada,original
26,1,1,2008-12-04,2008-12-05,2008-12-04,2,"ARIMA,DIF",2,2,3490.0,3558.0,68.0,3558.0,2008-12-05 00:00:00,3524.0,34.0,/tmp/DatosSerie/Resultados/GraficosConsolidado/GraficosOriginalDatos/026_2008-12-04.png,detectada,original
27,1,1,2008-12-12,2008-12-12,2008-12-12,1,"ARIMA,DIF",1,2,3924.0,3924.0,0.0,3924.0,2008-12-12 00:00:00,,,/tmp/DatosSerie/Resultados/GraficosConsolidado/GraficosOriginalDatos/027_2008-12-12.png,detectada,original
28,1,1,2008-12-15,2008-12-16,2008-12-15,2,"ARIMA,DIF",2,2,4325.0,5020.0,695.0,5020.0,2008-12-16 00:00:00,4672.5,347.5,/tmp/DatosSerie/Resultados/GraficosConsolidado/GraficosOriginalDatos/028_2008-12-15.png,detectada,original
29,1,1,2008-12-23,2008-12-23,2008-12-23,1,"ARIMA,DIF",1,2,4666.0,4666.0,0.0,4666.0,2008-12-23 00:00:00,,,/tmp/DatosSerie/Resultados/GraficosConsolidado/GraficosOriginalDatos/029_2008-12-23.png,detectada,original
30,1,1,2008-12-29,2008-12-29,2008-12-29,1,"ARIMA,DIF",1,2,4735.0,4735.0,0.0,4735.0,2008-12-29 00:00:00,,,/tmp/DatosSerie/Resultados/GraficosConsolidado/GraficosOriginalDatos/030_2008-12-29.png,detectada,original
31,1,1,2009-01-05,2009-01-07,2009-01-06,3,"ARIMA,DIF",3,2,3930.0,4342.0,412.0,4342.0,2009-01-07 00:00:00,4103.666666666667,174.30305664432726,/tmp/DatosSerie/Resultados/GraficosConsolidado/GraficosOriginalDatos/031_2009-01-05.png,detectada,original
32,1,1,2009-01-14,2009-01-15,2009-01-14,2,"ARIMA,DIF",2,2,3752.0,3829.0,77.0,3829.0,2009-01-15 00:00:00,3790.5,38.5,/tmp/DatosSerie/Resultados/GraficosConsolidado/GraficosOriginalDatos/032_2009-01-14.png,detectada,original
33,1,1,2009-01-27,2009-01-29,2009-01-28,3,"ARIMA,DIF",3,2,3747.0,3861.0,114.0,3861.0,2009-01-29 00:00:00,3814.3333333333335,48.78068834647125,/tmp/DatosSerie/Resultados/GraficosConsolidado/GraficosOriginalDatos/033_2009-01-27.png,detectada,original
34,1,1,2009-02-11,2009-02-11,2009-02-11,1,"ARIMA,DIF",1,2,3480.0,3480.0,0.0,3480.0,2009-02-11 00:00:00,,,/tmp/DatosSerie/Resultados/GraficosConsolidado/GraficosOriginalDatos/034_2009-02-11.png,detectada,original
35,1,1,2009-02-23,2009-02-25,2009-02-24,3,"ARIMA,DIF",3,2,3425.0,3506.0,81.0,3506.0,2009-02-25 00:00:00,3452.6666666666665,37.72119946248911,/tmp/DatosSerie/Resultados/GraficosConsolidado/GraficosOriginalDatos/035_2009-02-23.png,detectada,original
36,1,1,2009-03-25,2009-03-25,2009-03-25,1,"ARIMA,DIF",1,2,3698.0,3698.0,0.0,3698.0,2009-03-25 00:00:00,,,/tmp/DatosSerie/Resultados/GraficosConsolidado/GraficosOriginalDatos/036_2009-03-25.png,detectada,original
37,1,1,2009-03-31,2009-03-31,2009-03-31,1,"ARIMA,DIF",1,2,3568.0,3568.0,0.0,3568.0,2009-03-31 00:00:00,,,/tmp/DatosSerie/Resultados/GraficosConsolidado/GraficosOriginalDatos/037_2009-03-31.png,detectada,original
38,1,1,2009-04-03,2009-04-03,2009-04-03,1,"ARIMA,DIF",1,2,3394.0,3394.0,0.0,3394.0,2009-04-03 00:00:00,,,/tmp/DatosSerie/Resultados/GraficosConsolidado/GraficosOriginalDatos/038_2009-04-03.png,detectada,original
39,1,1,2009-05-12,2009-05-12,2009-05-12,1,"ARIMA,DIF",1,2,3383.0,3383.0,0.0,3383.0,2009-05-12 00:00:00,,,/tmp/DatosSerie/Resultados/GraficosConsolidado/GraficosOriginalDatos/039_2009-05-12.png,detectada,original
40,1,1,2009-05-26,2009-05-27,2009-05-26,2,"ARIMA,DIF",2,2,3051.0,3210.0,159.0,3210.0,2009-05-27 00:00:00,3130.5,79.5,/tmp/DatosSerie/Resultados/GraficosConsolidado/GraficosOriginalDatos/040_2009-05-26.png,detectada,original
41,1,1,2009-06-12,2009-06-12,2009-06-12,1,"ARIMA,DIF",1,2,2704.0,2704.0,0.0,2704.0,2009-06-12 00:00:00,,,/tmp/DatosSerie/Resultados/GraficosConsolidado/GraficosOriginalDatos/041_2009-06-12.png,detectada,original
42,1,1,2009-07-23,2009-07-23,2009-07-23,1,"ARIMA,DIF",1,2,1226.0,1226.0,0.0,1226.0,2009-07-23 00:00:00,,,/tmp/DatosSerie/Resultados/GraficosConsolidado/GraficosOriginalDatos/042_2009-07-23.png,detectada,original
43,1,1,2009-10-05,2009-10-05,2009-10-05,1,"ARIMA,DIF",1,2,883.0,883.0,0.0,883.0,2009-10-05 00:00:00,,,/tmp/DatosSerie/Resultados/GraficosConsolidado/GraficosOriginalDatos/043_2009-10-05.png,detectada,original
44,1,1,2010-08-17,2010-08-17,2010-08-17,1,"ARIMA,DIF",1,2,1002.0,1002.0,0.0,1002.0,2010-08-17 00:00:00,,,/tmp/DatosSerie/Resultados/GraficosConsolidado/GraficosOriginalDatos/044_2010-08-17.png,detectada,original
45,1,1,2010-09-30,2010-10-01,2010-09-30,2,"ARIMA,DIF",2,2,1010.0,1226.0,216.0,1226.0,2010-10-01 00:00:00,1118.0,108.0,/tmp/DatosSerie/Resultados/GraficosConsolidado/GraficosOriginalDatos/045_2010-09-30.png,detectada,original
46,1,1,2011-01-18,2011-01-18,2011-01-18,1,"ARIMA,DIF",1,2,839.0,839.0,0.0,839.0,2011-01-18 00:00:00,,,/tmp/DatosSerie/Resultados/GraficosConsolidado/GraficosOriginalDatos/046_2011-01-18.png,detectada,original
47,1,1,2011-08-09,2011-08-09,2011-08-09,1,"ARIMA,DIF",1,2,872.0,872.0,0.0,872.0,2011-08-09 00:00:00,,,/tmp/DatosSerie/Resultados/GraficosConsolidado/GraficosOriginalDatos/047_2011-08-09.png,detectada,original
48,1,1,2012-01-03,2012-01-03,2012-01-03,1,"ARIMA,DIF",1,2,790.0,790.0,0.0,790.0,2012-01-03 00:00:00,,,/tmp/DatosSerie/Resultados/GraficosConsolidado/GraficosOriginalDatos/048_2012-01-03.png,detectada,original
49,1,1,2012-06-05,2012-06-05,2012-06-05,1,"ARIMA,DIF",1,2,881.0,881.0,0.0,881.0,2012-06-05 00:00:00,,,/tmp/DatosSerie/Resultados/GraficosConsolidado/GraficosOriginalDatos/049_2012-06-05.png,detectada,original
50,1,1,2013-01-02,2013-01-02,2013-01-02,1,"ARIMA,DIF",1,2,767.0,767.0,0.0,767.0,2013-01-02 00:00:00,,,/tmp/DatosSerie/Resultados/GraficosConsolidado/GraficosOriginalDatos/050_2013-01-02.png,detectada,original
51,1,1,2013-10-18,2013-10-18,2013-10-18,1,"ARIMA,DIF",1,2,503.0,503.0,0.0,503.0,2013-10-18 00:00:00,,,/tmp/DatosSerie/Resultados/GraficosConsolidado/GraficosOriginalDatos/051_2013-10-18.png,detectada,original
52,1,1,2014-09-05,2014-09-05,2014-09-05,1,"ARIMA,DIF",1,2,289.0,289.0,0.0,289.0,2014-09-05 00:00:00,,,/tmp/DatosSerie/Resultados/GraficosConsolidado/GraficosOriginalDatos/052_2014-09-05.png,detectada,original
53,1,1,2014-09-08,2014-09-08,2014-09-08,1,"ARIMA,DIF",1,2,385.0,385.0,0.0,385.0,2014-09-08 00:00:00,,,/tmp/DatosSerie/Resultados/GraficosConsolidado/GraficosOriginalDatos/053_2014-09-08.png,detectada,original
54,1,1,2014-11-04,2014-11-04,2014-11-04,1,"ARIMA,DIF",1,2,546.0,546.0,0.0,546.0,2014-11-04 00:00:00,,,/tmp/DatosSerie/Resultados/GraficosConsolidado/GraficosOriginalDatos/054_2014-11-04.png,detectada,original
55,1,1,2014-11-06,2014-11-07,2014-11-06,2,"ARIMA,DIF",2,2,586.0,678.0,92.0,678.0,2014-11-07 00:00:00,632.0,46.0,/tmp/DatosSerie/Resultados/GraficosConsolidado/GraficosOriginalDatos/055_2014-11-06.png,detectada,original
56,1,1,2014-12-01,2014-12-01,2014-12-01,1,"ARIMA,DIF",1,2,607.0,607.0,0.0,607.0,2014-12-01 00:00:00,,,/tmp/DatosSerie/Resultados/GraficosConsolidado/GraficosOriginalDatos/056_2014-12-01.png,detectada,original
57,1,1,2014-12-15,2014-12-18,2014-12-16,4,"ARIMA,DIF",4,2,924.0,1111.0,187.0,1111.0,2014-12-18 00:00:00,1015.5,66.19101147436864,/tmp/DatosSerie/Resultados/GraficosConsolidado/GraficosOriginalDatos/057_2014-12-15.png,detectada,original
58,1,1,2015-01-05,2015-01-05,2015-01-05,1,"ARIMA,DIF",1,2,994.0,994.0,0.0,994.0,2015-01-05 00:00:00,,,/tmp/DatosSerie/Resultados/GraficosConsolidado/GraficosOriginalDatos/058_2015-01-05.png,detectada,original
59,1,1,2015-02-03,2015-02-03,2015-02-03,1,"ARIMA,DIF",1,2,782.0,782.0,0.0,782.0,2015-02-03 00:00:00,,,/tmp/DatosSerie/Resultados/GraficosConsolidado/GraficosOriginalDatos/059_2015-02-03.png,detectada,original
60,1,1,2015-07-06,2015-07-06,2015-07-06,1,"ARIMA,DIF",1,2,896.0,896.0,0.0,896.0,2015-07-06 00:00:00,,,/tmp/DatosSerie/Resultados/GraficosConsolidado/GraficosOriginalDatos/060_2015-07-06.png,detectada,original
61,1,1,2015-08-24,2015-08-24,2015-08-24,1,"ARIMA,DIF",1,2,1336.0,1336.0,0.0,1336.0,2015-08-24 00:00:00,,,/tmp/DatosSerie/Resultados/GraficosConsolidado/GraficosOriginalDatos/061_2015-08-24.png,detectada,original
62,1,1,2016-01-12,2016-01-12,2016-01-12,1,"ARIMA,DIF",1,2,1574.0,1574.0,0.0,1574.0,2016-01-12 00:00:00,,,/tmp/DatosSerie/Resultados/GraficosConsolidado/GraficosOriginalDatos/062_2016-01-12.png,detectada,original
63,1,1,2016-01-21,2016-01-22,2016-01-21,2,"ARIMA,DIF",2,2,1570.0,1639.0,69.0,1639.0,2016-01-22 00:00:00,1604.5,34.5,/tmp/DatosSerie/Resultados/GraficosConsolidado/GraficosOriginalDatos/063_2016-01-21.png,detectada,original
64,1,1,2016-01-28,2016-01-28,2016-01-28,1,"ARIMA,DIF",1,2,1490.0,1490.0,0.0,1490.0,2016-01-28 00:00:00,,,/tmp/DatosSerie/Resultados/GraficosConsolidado/GraficosOriginalDatos/064_2016-01-28.png,detectada,original
65,1,1,2016-02-17,2016-02-17,2016-02-17,1,"ARIMA,DIF",1,2,1583.0,1583.0,0.0,1583.0,2016-02-17 00:00:00,,,/tmp/DatosSerie/Resultados/GraficosConsolidado/GraficosOriginalDatos/065_2016-02-17.png,detectada,original
66,1,1,2016-02-22,2016-02-22,2016-02-22,1,"ARIMA,DIF",1,2,1483.0,1483.0,0.0,1483.0,2016-02-22 00:00:00,,,/tmp/DatosSerie/Resultados/GraficosConsolidado/GraficosOriginalDatos/066_2016-02-22.png,detectada,original
67,1,1,2016-03-16,2016-03-16,2016-03-16,1,"ARIMA,DIF",1,2,1138.0,1138.0,0.0,1138.0,2016-03-16 00:00:00,,,/tmp/DatosSerie/Resultados/GraficosConsolidado/GraficosOriginalDatos/067_2016-03-16.png,detectada,original
68,1,1,2016-03-18,2016-03-18,2016-03-18,1,"ARIMA,DIF",1,2,996.0,996.0,0.0,996.0,2016-03-18 00:00:00,,,/tmp/DatosSerie/Resultados/GraficosConsolidado/GraficosOriginalDatos/068_2016-03-18.png,detectada,original
69,1,1,2016-03-31,2016-03-31,2016-03-31,1,"ARIMA,DIF",1,2,1058.0,1058.0,0.0,1058.0,2016-03-31 00:00:00,,,/tmp/DatosSerie/Resultados/GraficosConsolidado/GraficosOriginalDatos/069_2016-03-31.png,detectada,original
70,1,1,2016-04-28,2016-04-28,2016-04-28,1,"ARIMA,DIF",1,2,959.0,959.0,0.0,959.0,2016-04-28 00:00:00,,,/tmp/DatosSerie/Resultados/GraficosConsolidado/GraficosOriginalDatos/070_2016-04-28.png,detectada,original
71,1,1,2016-11-14,2016-11-15,2016-11-14,2,"ARIMA,DIF",2,2,783.0,849.0,66.0,849.0,2016-11-15 00:00:00,816.0,33.0,/tmp/DatosSerie/Resultados/GraficosConsolidado/GraficosOriginalDatos/071_2016-11-14.png,detectada,original
72,1,1,2018-11-28,2018-11-28,2018-11-28,1,"ARIMA,DIF",1,2,760.0,760.0,0.0,760.0,2018-11-28 00:00:00,,,/tmp/DatosSerie/Resultados/GraficosConsolidado/GraficosOriginalDatos/072_2018-11-28.png,detectada,original
73,1,1,2019-08-05,2019-08-05,2019-08-05,1,"ARIMA,DIF",1,2,717.0,717.0,0.0,717.0,2019-08-05 00:00:00,,,/tmp/DatosSerie/Resultados/GraficosConsolidado/GraficosOriginalDatos/073_2019-08-05.png,detectada,original
74,1,1,2019-10-08,2019-10-08,2019-10-08,1,"ARIMA,DIF",1,2,777.0,777.0,0.0,777.0,2019-10-08 00:00:00,,,/tmp/DatosSerie/Resultados/GraficosConsolidado/GraficosOriginalDatos/074_2019-10-08.png,detectada,original
75,1,1,2019-10-15,2019-10-15,2019-10-15,1,"ARIMA,DIF",1,2,800.0,800.0,0.0,800.0,2019-10-15 00:00:00,,,/tmp/DatosSerie/Resultados/GraficosConsolidado/GraficosOriginalDatos/075_2019-10-15.png,detectada,original
76,1,1,2019-11-26,2019-11-26,2019-11-26,1,"ARIMA,DIF",1,2,1114.0,1114.0,0.0,1114.0,2019-11-26 00:00:00,,,/tmp/DatosSerie/Resultados/GraficosConsolidado/GraficosOriginalDatos/076_2019-11-26.png,detectada,original
77,1,1,2020-02-04,2020-02-05,2020-02-04,2,"ARIMA,DIF",2,2,1040.0,1096.0,56.0,1096.0,2020-02-05 00:00:00,1068.0,28.0,/tmp/DatosSerie/Resultados/GraficosConsolidado/GraficosOriginalDatos/077_2020-02-04.png,detectada,original
78,1,1,2020-02-07,2020-02-07,2020-02-07,1,"ARIMA,DIF",1,2,1108.0,1108.0,0.0,1108.0,2020-02-07 00:00:00,,,/tmp/DatosSerie/Resultados/GraficosConsolidado/GraficosOriginalDatos/078_2020-02-07.png,detectada,original
79,1,1,2020-02-25,2020-02-25,2020-02-25,1,"ARIMA,DIF",1,2,1404.0,1404.0,0.0,1404.0,2020-02-25 00:00:00,,,/tmp/DatosSerie/Resultados/GraficosConsolidado/GraficosOriginalDatos/079_2020-02-25.png,detectada,original
80,1,1,2020-02-27,2020-02-27,2020-02-27,1,"ARIMA,DIF",1,2,1455.0,1455.0,0.0,1455.0,2020-02-27 00:00:00,,,/tmp/DatosSerie/Resultados/GraficosConsolidado/GraficosOriginalDatos/080_2020-02-27.png,detectada,original
81,1,1,2020-03-20,2020-03-24,2020-03-22,5,"ARIMA,DIF",5,2,3648.0,6063.0,2415.0,6063.0,2020-03-24 00:00:00,4933.4,819.9381927926031,/tmp/DatosSerie/Resultados/GraficosConsolidado/GraficosOriginalDatos/081_2020-03-20.png,detectada,original
82,1,1,2020-03-30,2020-04-03,2020-04-01,5,"ARIMA,DIF",5,2,4439.0,5376.0,937.0,5376.0,2020-04-03 00:00:00,4743.6,335.1952266963239,/tmp/DatosSerie/Resultados/GraficosConsolidado/GraficosOriginalDatos/082_2020-03-30.png,detectada,original
83,1,1,2020-04-08,2020-04-09,2020-04-08,2,"ARIMA,DIF",2,2,4696.0,4841.0,145.0,4841.0,2020-04-09 00:00:00,4768.5,72.5,/tmp/DatosSerie/Resultados/GraficosConsolidado/GraficosOriginalDatos/083_2020-04-08.png,detectada,original
84,1,1,2020-04-20,2020-04-23,2020-04-21,4,"ARIMA,DIF",4,2,5527.0,5782.0,255.0,5782.0,2020-04-23 00:00:00,5628.0,94.78132727494378,/tmp/DatosSerie/Resultados/GraficosConsolidado/GraficosOriginalDatos/084_2020-04-20.png,detectada,original
85,1,1,2020-04-28,2020-05-01,2020-04-29,4,"ARIMA,DIF",4,2,4945.0,5617.0,672.0,5617.0,2020-05-01 00:00:00,5169.0,267.5518641310503,/tmp/DatosSerie/Resultados/GraficosConsolidado/GraficosOriginalDatos/085_2020-04-28.png,detectada,original
86,1,1,2020-05-04,2020-05-08,2020-05-06,5,"ARIMA,DIF",5,2,4385.0,4791.0,406.0,4791.0,2020-05-08 00:00:00,4571.0,135.9779393872403,/tmp/DatosSerie/Resultados/GraficosConsolidado/GraficosOriginalDatos/086_2020-05-04.png,detectada,original
87,1,1,2020-05-11,2020-05-11,2020-05-11,1,"ARIMA,DIF",1,2,4287.0,4287.0,0.0,4287.0,2020-05-11 00:00:00,,,/tmp/DatosSerie/Resultados/GraficosConsolidado/GraficosOriginalDatos/087_2020-05-11.png,detectada,original
88,1,1,2020-05-13,2020-05-15,2020-05-14,3,"ARIMA,DIF",3,2,4300.0,4518.0,218.0,4518.0,2020-05-15 00:00:00,4409.666666666667,89.00312104390248,/tmp/DatosSerie/Resultados/GraficosConsolidado/GraficosOriginalDatos/088_2020-05-13.png,detectada,original
89,1,1,2020-05-18,2020-05-18,2020-05-18,1,"ARIMA,DIF",1,2,4193.0,4193.0,0.0,4193.0,2020-05-18 00:00:00,,,/tmp/DatosSerie/Resultados/GraficosConsolidado/GraficosOriginalDatos/089_2020-05-18.png,detectada,original
90,1,1,2020-05-26,2020-05-26,2020-05-26,1,"ARIMA,DIF",1,2,3891.0,3891.0,0.0,3891.0,2020-05-26 00:00:00,,,/tmp/DatosSerie/Resultados/GraficosConsolidado/GraficosOriginalDatos/090_2020-05-26.png,detectada,original
91,1,1,2020-06-01,2020-06-05,2020-06-03,5,"ARIMA,DIF",5,2,3062.0,3605.0,543.0,3605.0,2020-06-05 00:00:00,3308.0,190.80566029339903,/tmp/DatosSerie/Resultados/GraficosConsolidado/GraficosOriginalDatos/091_2020-06-01.png,detectada,original
92,1,1,2020-06-24,2020-06-26,2020-06-25,3,"ARIMA,DIF",3,2,3250.0,3390.0,140.0,3390.0,2020-06-26 00:00:00,3317.0,57.31201153917621,/tmp/DatosSerie/Resultados/GraficosConsolidado/GraficosOriginalDatos/092_2020-06-24.png,detectada,original
93,1,1,2020-07-01,2020-07-01,2020-07-01,1,"ARIMA,DIF",1,2,3278.0,3278.0,0.0,3278.0,2020-07-01 00:00:00,,,/tmp/DatosSerie/Resultados/GraficosConsolidado/GraficosOriginalDatos/093_2020-07-01.png,detectada,original
94,1,1,2020-07-06,2020-07-06,2020-07-06,1,"ARIMA,DIF",1,2,2783.0,2783.0,0.0,2783.0,2020-07-06 00:00:00,,,/tmp/DatosSerie/Resultados/GraficosConsolidado/GraficosOriginalDatos/094_2020-07-06.png,detectada,original
95,1,1,2020-07-08,2020-07-09,2020-07-08,2,"ARIMA,DIF",2,2,2818.0,2874.0,56.0,2874.0,2020-07-09 00:00:00,2846.0,28.0,/tmp/DatosSerie/Resultados/GraficosConsolidado/GraficosOriginalDatos/095_2020-07-08.png,detectada,original
96,1,1,2020-07-13,2020-07-13,2020-07-13,1,"ARIMA,DIF",1,2,2760.0,2760.0,0.0,2760.0,2020-07-13 00:00:00,,,/tmp/DatosSerie/Resultados/GraficosConsolidado/GraficosOriginalDatos/096_2020-07-13.png,detectada,original
97,1,1,2020-07-30,2020-07-31,2020-07-30,2,"ARIMA,DIF",2,2,2755.0,2954.0,199.0,2954.0,2020-07-31 00:00:00,2854.5,99.5,/tmp/DatosSerie/Resultados/GraficosConsolidado/GraficosOriginalDatos/097_2020-07-30.png,detectada,original
98,1,1,2020-09-04,2020-09-04,2020-09-04,1,"ARIMA,DIF",1,2,2468.0,2468.0,0.0,2468.0,2020-09-04 00:00:00,,,/tmp/DatosSerie/Resultados/GraficosConsolidado/GraficosOriginalDatos/098_2020-09-04.png,detectada,original
99,1,1,2021-02-05,2021-02-05,2021-02-05,1,"ARIMA,DIF",1,2,1091.0,1091.0,0.0,1091.0,2021-02-05 00:00:00,,,/tmp/DatosSerie/Resultados/GraficosConsolidado/GraficosOriginalDatos/099_2021-02-05.png,detectada,original
100,1,1,2021-02-08,2021-02-09,2021-02-08,2,"ARIMA,DIF",2,2,1190.0,1263.0,73.0,1263.0,2021-02-09 00:00:00,1226.5,36.5,/tmp/DatosSerie/Resultados/GraficosConsolidado/GraficosOriginalDatos/100_2021-02-08.png,detectada,original
101,1,1,2021-04-12,2021-04-12,2021-04-12,1,"ARIMA,DIF",1,2,824.0,824.0,0.0,824.0,2021-04-12 00:00:00,,,/tmp/DatosSerie/Resultados/GraficosConsolidado/GraficosOriginalDatos/101_2021-04-12.png,detectada,original
102,1,1,2021-11-26,2021-11-26,2021-11-26,1,"ARIMA,DIF",1,2,880.0,880.0,0.0,880.0,2021-11-26 00:00:00,,,/tmp/DatosSerie/Resultados/GraficosConsolidado/GraficosOriginalDatos/102_2021-11-26.png,detectada,original
103,1,1,2022-03-04,2022-03-04,2022-03-04,1,"ARIMA,DIF",1,2,856.0,856.0,0.0,856.0,2022-03-04 00:00:00,,,/tmp/DatosSerie/Resultados/GraficosConsolidado/GraficosOriginalDatos/103_2022-03-04.png,detectada,original
104,1,1,2022-03-09,2022-03-09,2022-03-09,1,"ARIMA,DIF",1,2,824.0,824.0,0.0,824.0,2022-03-09 00:00:00,,,/tmp/DatosSerie/Resultados/GraficosConsolidado/GraficosOriginalDatos/104_2022-03-09.png,detectada,original
105,1,1,2022-06-16,2022-06-16,2022-06-16,1,"ARIMA,DIF",1,2,1010.0,1010.0,0.0,1010.0,2022-06-16 00:00:00,,,/tmp/DatosSerie/Resultados/GraficosConsolidado/GraficosOriginalDatos/105_2022-06-16.png,detectada,original
106,1,1,2022-06-22,2022-06-22,2022-06-22,1,"ARIMA,DIF",1,2,1139.0,1139.0,0.0,1139.0,2022-06-22 00:00:00,,,/tmp/DatosSerie/Resultados/GraficosConsolidado/GraficosOriginalDatos/106_2022-06-22.png,detectada,original
107,1,1,2022-06-24,2022-06-24,2022-06-24,1,"ARIMA,DIF",1,2,1056.0,1056.0,0.0,1056.0,2022-06-24 00:00:00,,,/tmp/DatosSerie/Resultados/GraficosConsolidado/GraficosOriginalDatos/107_2022-06-24.png,detectada,original
108,1,1,2022-06-28,2022-06-28,2022-06-28,1,"ARIMA,DIF",1,2,1173.0,1173.0,0.0,1173.0,2022-06-28 00:00:00,,,/tmp/DatosSerie/Resultados/GraficosConsolidado/GraficosOriginalDatos/108_2022-06-28.png,detectada,original
109,1,1,2022-07-05,2022-07-06,2022-07-05,2,"ARIMA,DIF",2,2,1259.0,1352.0,93.0,1352.0,2022-07-06 00:00:00,1305.5,46.5,/tmp/DatosSerie/Resultados/GraficosConsolidado/GraficosOriginalDatos/109_2022-07-05.png,detectada,original
110,1,1,2022-07-12,2022-07-14,2022-07-13,3,"ARIMA,DIF",3,2,1407.0,1562.0,155.0,1562.0,2022-07-14 00:00:00,1485.6666666666667,63.299991223450334,/tmp/DatosSerie/Resultados/GraficosConsolidado/GraficosOriginalDatos/110_2022-07-12.png,detectada,original
111,1,1,2022-07-18,2022-07-20,2022-07-19,3,"ARIMA,DIF",3,2,1328.0,1540.0,212.0,1540.0,2022-07-20 00:00:00,1424.6666666666667,87.5493511620097,/tmp/DatosSerie/Resultados/GraficosConsolidado/GraficosOriginalDatos/111_2022-07-18.png,detectada,original
112,1,1,2022-07-26,2022-07-26,2022-07-26,1,"ARIMA,DIF",1,2,1361.0,1361.0,0.0,1361.0,2022-07-26 00:00:00,,,/tmp/DatosSerie/Resultados/GraficosConsolidado/GraficosOriginalDatos/112_2022-07-26.png,detectada,original
113,1,1,2022-08-01,2022-08-03,2022-08-02,3,"ARIMA,DIF,TIMEGPT",3,3,1317.0,1454.0,137.0,1454.0,2022-08-03 00:00:00,1387.0,55.97023018236272,/tmp/DatosSerie/Resultados/GraficosConsolidado/GraficosOriginalDatos/113_2022-08-01.png,detectada,original
114,1,1,2022-08-12,2022-08-12,2022-08-12,1,"ARIMA,DIF",1,2,1415.0,1415.0,0.0,1415.0,2022-08-12 00:00:00,,,/tmp/DatosSerie/Resultados/GraficosConsolidado/GraficosOriginalDatos/114_2022-08-12.png,detectada,original
115,1,1,2022-08-22,2022-08-22,2022-08-22,1,"ARIMA,DIF",1,2,1555.0,1555.0,0.0,1555.0,2022-08-22 00:00:00,,,/tmp/DatosSerie/Resultados/GraficosConsolidado/GraficosOriginalDatos/115_2022-08-22.png,detectada,original
116,1,1,2022-09-09,2022-09-09,2022-09-09,1,"ARIMA,DIF",1,2,1446.0,1446.0,0.0,1446.0,2022-09-09 00:00:00,,,/tmp/DatosSerie/Resultados/GraficosConsolidado/GraficosOriginalDatos/116_2022-09-09.png,detectada,original
117,1,1,2022-09-13,2022-09-13,2022-09-13,1,"ARIMA,DIF",1,2,1506.0,1506.0,0.0,1506.0,2022-09-13 00:00:00,,,/tmp/DatosSerie/Resultados/GraficosConsolidado/GraficosOriginalDatos/117_2022-09-13.png,detectada,original
118,1,1,2022-09-19,2022-09-19,2022-09-19,1,"ARIMA,DIF",1,2,1421.0,1421.0,0.0,1421.0,2022-09-19 00:00:00,,,/tmp/DatosSerie/Resultados/GraficosConsolidado/GraficosOriginalDatos/118_2022-09-19.png,detectada,original
119,1,1,2022-09-26,2022-09-27,2022-09-26,2,"ARIMA,DIF",2,2,1609.0,1726.0,117.0,1726.0,2022-09-27 00:00:00,1667.5,58.5,/tmp/DatosSerie/Resultados/GraficosConsolidado/GraficosOriginalDatos/119_2022-09-26.png,detectada,original
120,1,1,2022-10-03,2022-10-05,2022-10-04,3,"ARIMA,DIF",3,2,1614.0,1682.0,68.0,1682.0,2022-10-05 00:00:00,1657.6666666666667,30.944394574067136,/tmp/DatosSerie/Resultados/GraficosConsolidado/GraficosOriginalDatos/120_2022-10-03.png,detectada,original
121,1,1,2022-10-11,2022-10-14,2022-10-12,4,"ARIMA,DIF",4,2,1779.0,1945.0,166.0,1945.0,2022-10-14 00:00:00,1862.0,60.53924347066124,/tmp/DatosSerie/Resultados/GraficosConsolidado/GraficosOriginalDatos/121_2022-10-11.png,detectada,original
122,1,1,2022-10-17,2022-10-17,2022-10-17,1,"ARIMA,DIF",1,2,1715.0,1715.0,0.0,1715.0,2022-10-17 00:00:00,,,/tmp/DatosSerie/Resultados/GraficosConsolidado/GraficosOriginalDatos/122_2022-10-17.png,detectada,original
123,1,1,2022-10-24,2022-10-24,2022-10-24,1,"ARIMA,DIF",1,2,1565.0,1565.0,0.0,1565.0,2022-10-24 00:00:00,,,/tmp/DatosSerie/Resultados/GraficosConsolidado/GraficosOriginalDatos/123_2022-10-24.png,detectada,original
124,1,1,2022-10-31,2022-11-01,2022-10-31,2,"ARIMA,DIF",2,2,1488.0,1570.0,82.0,1570.0,2022-11-01 00:00:00,1529.0,41.0,/tmp/DatosSerie/Resultados/GraficosConsolidado/GraficosOriginalDatos/124_2022-10-31.png,detectada,original
125,1,1,2022-11-07,2022-11-07,2022-11-07,1,"ARIMA,DIF",1,2,1418.0,1418.0,0.0,1418.0,2022-11-07 00:00:00,,,/tmp/DatosSerie/Resultados/GraficosConsolidado/GraficosOriginalDatos/125_2022-11-07.png,detectada,original
126,1,1,2023-01-06,2023-01-06,2023-01-06,1,"ARIMA,DIF",1,2,1119.0,1119.0,0.0,1119.0,2023-01-06 00:00:00,,,/tmp/DatosSerie/Resultados/GraficosConsolidado/GraficosOriginalDatos/126_2023-01-06.png,detectada,original
127,1,1,2023-02-02,2023-02-02,2023-02-02,1,"ARIMA,DIF",1,2,1107.0,1107.0,0.0,1107.0,2023-02-02 00:00:00,,,/tmp/DatosSerie/Resultados/GraficosConsolidado/GraficosOriginalDatos/127_2023-02-02.png,detectada,original
128,1,1,2023-02-06,2023-02-07,2023-02-06,2,"ARIMA,DIF",2,2,1415.0,1514.0,99.0,1514.0,2023-02-07 00:00:00,1464.5,49.5,/tmp/DatosSerie/Resultados/GraficosConsolidado/GraficosOriginalDatos/128_2023-02-06.png,detectada,original
129,1,1,2023-02-15,2023-02-16,2023-02-15,2,"ARIMA,DIF",2,2,1568.0,1632.0,64.0,1632.0,2023-02-16 00:00:00,1600.0,32.0,/tmp/DatosSerie/Resultados/GraficosConsolidado/GraficosOriginalDatos/129_2023-02-15.png,detectada,original
130,1,1,2023-03-03,2023-03-03,2023-03-03,1,"ARIMA,DIF",1,2,1655.0,1655.0,0.0,1655.0,2023-03-03 00:00:00,,,/tmp/DatosSerie/Resultados/GraficosConsolidado/GraficosOriginalDatos/130_2023-03-03.png,detectada,original
131,1,1,2023-03-13,2023-03-13,2023-03-13,1,"ARIMA,DIF",1,2,1707.0,1707.0,0.0,1707.0,2023-03-13 00:00:00,,,/tmp/DatosSerie/Resultados/GraficosConsolidado/GraficosOriginalDatos/131_2023-03-13.png,detectada,original
132,1,1,2023-03-15,2023-03-15,2023-03-15,1,"ARIMA,DIF",1,2,1868.0,1868.0,0.0,1868.0,2023-03-15 00:00:00,,,/tmp/DatosSerie/Resultados/GraficosConsolidado/GraficosOriginalDatos/132_2023-03-15.png,detectada,original
133,1,1,2023-03-21,2023-03-21,2023-03-21,1,"ARIMA,DIF",1,2,1885.0,1885.0,0.0,1885.0,2023-03-21 00:00:00,,,/tmp/DatosSerie/Resultados/GraficosConsolidado/GraficosOriginalDatos/133_2023-03-21.png,detectada,original
134,1,1,2023-03-28,2023-03-28,2023-03-28,1,"ARIMA,DIF",1,2,1952.0,1952.0,0.0,1952.0,2023-03-28 00:00:00,,,/tmp/DatosSerie/Resultados/GraficosConsolidado/GraficosOriginalDatos/134_2023-03-28.png,detectada,original
135,1,1,2023-04-05,2023-04-05,2023-04-05,1,"ARIMA,DIF",1,2,1966.0,1966.0,0.0,1966.0,2023-04-05 00:00:00,,,/tmp/DatosSerie/Resultados/GraficosConsolidado/GraficosOriginalDatos/135_2023-04-05.png,detectada,original
136,1,1,2023-04-26,2023-04-26,2023-04-26,1,"ARIMA,DIF",1,2,1840.0,1840.0,0.0,1840.0,2023-04-26 00:00:00,,,/tmp/DatosSerie/Resultados/GraficosConsolidado/GraficosOriginalDatos/136_2023-04-26.png,detectada,original
137,1,1,2023-05-05,2023-05-05,2023-05-05,1,"ARIMA,DIF",1,2,1627.0,1627.0,0.0,1627.0,2023-05-05 00:00:00,,,/tmp/DatosSerie/Resultados/GraficosConsolidado/GraficosOriginalDatos/137_2023-05-05.png,detectada,original
138,1,1,2023-05-10,2023-05-10,2023-05-10,1,"ARIMA,DIF",1,2,1691.0,1691.0,0.0,1691.0,2023-05-10 00:00:00,,,/tmp/DatosSerie/Resultados/GraficosConsolidado/GraficosOriginalDatos/138_2023-05-10.png,detectada,original
139,1,1,2023-05-15,2023-05-15,2023-05-15,1,"ARIMA,DIF",1,2,1759.0,1759.0,0.0,1759.0,2023-05-15 00:00:00,,,/tmp/DatosSerie/Resultados/GraficosConsolidado/GraficosOriginalDatos/139_2023-05-15.png,detectada,original
140,1,1,2023-05-17,2023-05-17,2023-05-17,1,"ARIMA,DIF",1,2,1832.0,1832.0,0.0,1832.0,2023-05-17 00:00:00,,,/tmp/DatosSerie/Resultados/GraficosConsolidado/GraficosOriginalDatos/140_2023-05-17.png,detectada,original
141,1,1,2023-08-04,2023-08-04,2023-08-04,1,"ARIMA,DIF",1,2,1976.0,1976.0,0.0,1976.0,2023-08-04 00:00:00,,,/tmp/DatosSerie/Resultados/GraficosConsolidado/GraficosOriginalDatos/141_2023-08-04.png,detectada,original
142,1,1,2023-08-10,2023-08-11,2023-08-10,2,"ARIMA,DIF",2,2,1822.0,1900.0,78.0,1900.0,2023-08-11 00:00:00,1861.0,39.0,/tmp/DatosSerie/Resultados/GraficosConsolidado/GraficosOriginalDatos/142_2023-08-10.png,detectada,original
143,1,1,2023-08-15,2023-08-16,2023-08-15,2,"ARIMA,DIF",2,2,1808.0,1904.0,96.0,1904.0,2023-08-16 00:00:00,1856.0,48.0,/tmp/DatosSerie/Resultados/GraficosConsolidado/GraficosOriginalDatos/143_2023-08-15.png,detectada,original
144,1,1,2023-08-21,2023-08-21,2023-08-21,1,"ARIMA,DIF",1,2,1750.0,1750.0,0.0,1750.0,2023-08-21 00:00:00,,,/tmp/DatosSerie/Resultados/GraficosConsolidado/GraficosOriginalDatos/144_2023-08-21.png,detectada,original
145,1,1,2023-09-05,2023-09-06,2023-09-05,2,"ARIMA,DIF",2,2,1770.0,1847.0,77.0,1847.0,2023-09-06 00:00:00,1808.5,38.5,/tmp/DatosSerie/Resultados/GraficosConsolidado/GraficosOriginalDatos/145_2023-09-05.png,detectada,original
146,1,1,2023-09-12,2023-09-12,2023-09-12,1,"ARIMA,DIF",1,2,1775.0,1775.0,0.0,1775.0,2023-09-12 00:00:00,,,/tmp/DatosSerie/Resultados/GraficosConsolidado/GraficosOriginalDatos/146_2023-09-12.png,detectada,original
147,1,1,2023-10-16,2023-10-16,2023-10-16,1,"ARIMA,DIF",1,2,1748.0,1748.0,0.0,1748.0,2023-10-16 00:00:00,,,/tmp/DatosSerie/Resultados/GraficosConsolidado/GraficosOriginalDatos/147_2023-10-16.png,detectada,original
148,1,1,2023-11-20,2023-11-20,2023-11-20,1,"ARIMA,DIF",1,2,1941.0,1941.0,0.0,1941.0,2023-11-20 00:00:00,,,/tmp/DatosSerie/Resultados/GraficosConsolidado/GraficosOriginalDatos/148_2023-11-20.png,detectada,original
149,1,1,2023-12-13,2023-12-13,2023-12-13,1,"ARIMA,DIF",1,2,2141.0,2141.0,0.0,2141.0,2023-12-13 00:00:00,,,/tmp/DatosSerie/Resultados/GraficosConsolidado/GraficosOriginalDatos/149_2023-12-13.png,detectada,original
150,1,1,2024-01-09,2024-01-09,2024-01-09,1,"ARIMA,DIF",1,2,2039.0,2039.0,0.0,2039.0,2024-01-09 00:00:00,,,/tmp/DatosSerie/Resultados/GraficosConsolidado/GraficosOriginalDatos/150_2024-01-09.png,detectada,original
151,1,1,2024-02-09,2024-02-09,2024-02-09,1,"ARIMA,DIF",1,2,1519.0,1519.0,0.0,1519.0,2024-02-09 00:00:00,,,/tmp/DatosSerie/Resultados/GraficosConsolidado/GraficosOriginalDatos/151_2024-02-09.png,detectada,original
152,1,1,2024-03-01,2024-03-01,2024-03-01,1,"ARIMA,DIF",1,2,1341.0,1341.0,0.0,1341.0,2024-03-01 00:00:00,,,/tmp/DatosSerie/Resultados/GraficosConsolidado/GraficosOriginalDatos/152_2024-03-01.png,detectada,original
153,1,1,2024-04-16,2024-04-17,2024-04-16,2,"ARIMA,DIF",2,2,1141.0,1214.0,73.0,1214.0,2024-04-17 00:00:00,1177.5,36.5,/tmp/DatosSerie/Resultados/GraficosConsolidado/GraficosOriginalDatos/153_2024-04-16.png,detectada,original
154,1,1,2024-07-15,2024-07-15,2024-07-15,1,"ARIMA,DIF",1,2,1278.0,1278.0,0.0,1278.0,2024-07-15 00:00:00,,,/tmp/DatosSerie/Resultados/GraficosConsolidado/GraficosOriginalDatos/154_2024-07-15.png,detectada,original
155,1,1,2024-10-04,2024-10-04,2024-10-04,1,"ARIMA,DIF",1,2,1135.0,1135.0,0.0,1135.0,2024-10-04 00:00:00,,,/tmp/DatosSerie/Resultados/GraficosConsolidado/GraficosOriginalDatos/155_2024-10-04.png,detectada,original
156,1,1,2024-11-06,2024-11-06,2024-11-06,1,"ARIMA,DIF",1,2,1218.0,1218.0,0.0,1218.0,2024-11-06 00:00:00,,,/tmp/DatosSerie/Resultados/GraficosConsolidado/GraficosOriginalDatos/156_2024-11-06.png,detectada,original
157,1,1,2024-12-03,2024-12-03,2024-12-03,1,"ARIMA,DIF",1,2,1200.0,1200.0,0.0,1200.0,2024-12-03 00:00:00,,,/tmp/DatosSerie/Resultados/GraficosConsolidado/GraficosOriginalDatos/157_2024-12-03.png,detectada,original
158,1,1,2025-02-10,2025-02-10,2025-02-10,1,"ARIMA,DIF",1,2,1162.0,1162.0,0.0,1162.0,2025-02-10 00:00:00,,,/tmp/DatosSerie/Resultados/GraficosConsolidado/GraficosOriginalDatos/158_2025-02-10.png,detectada,original
159,1,1,2025-02-13,2025-02-14,2025-02-13,2,"ARIMA,DIF",2,2,1244.0,1319.0,75.0,1319.0,2025-02-14 00:00:00,1281.5,37.5,/tmp/DatosSerie/Resultados/GraficosConsolidado/GraficosOriginalDatos/159_2025-02-13.png,detectada,original
160,1,1,2025-03-06,2025-03-06,2025-03-06,1,"ARIMA,DIF",1,2,1487.0,1487.0,0.0,1487.0,2025-03-06 00:00:00,,,/tmp/DatosSerie/Resultados/GraficosConsolidado/GraficosOriginalDatos/160_2025-03-06.png,detectada,original
161,1,1,2025-03-10,2025-03-10,2025-03-10,1,"ARIMA,DIF",1,2,1561.0,1561.0,0.0,1561.0,2025-03-10 00:00:00,,,/tmp/DatosSerie/Resultados/GraficosConsolidado/GraficosOriginalDatos/161_2025-03-10.png,detectada,original
162,1,1,2025-03-28,2025-03-28,2025-03-28,1,"ARIMA,DIF",1,2,1626.0,1626.0,0.0,1626.0,2025-03-28 00:00:00,,,/tmp/DatosSerie/Resultados/GraficosConsolidado/GraficosOriginalDatos/162_2025-03-28.png,detectada,original
163,1,1,2025-04-04,2025-04-04,2025-04-04,1,"ARIMA,DIF",1,2,1702.0,1702.0,0.0,1702.0,2025-04-04 00:00:00,,,/tmp/DatosSerie/Resultados/GraficosConsolidado/GraficosOriginalDatos/163_2025-04-04.png,detectada,original
164,1,1,2025-04-07,2025-04-07,2025-04-07,1,"ARIMA,DIF",1,2,1790.0,1790.0,0.0,1790.0,2025-04-07 00:00:00,,,/tmp/DatosSerie/Resultados/GraficosConsolidado/GraficosOriginalDatos/164_2025-04-07.png,detectada,original
165,1,1,2025-04-09,2025-04-09,2025-04-09,1,"ARIMA,DIF",1,2,1736.0,1736.0,0.0,1736.0,2025-04-09 00:00:00,,,/tmp/DatosSerie/Resultados/GraficosConsolidado/GraficosOriginalDatos/165_2025-04-09.png,detectada,original
