fecha,valor,fuente,metodo_prediccion,series_id,series_iri,source_file
2026-01-29,414.39,sintetica,ARIMA_DIRECT,001,anom:series_riesgo_pais_1,/home/jacky/DatosSerie/Resultados/Prediccion/ARIMA_DIRECT/1_ARIMA_DIRECT_sintetica.csv
2026-01-30,414.38,sintetica,ARIMA_DIRECT,001,anom:series_riesgo_pais_1,/home/jacky/DatosSerie/Resultados/Prediccion/ARIMA_DIRECT/1_ARIMA_DIRECT_sintetica.csv
2026-01-31,414.38,sintetica,ARIMA_DIRECT,001,anom:series_riesgo_pais_1,/home/jacky/DatosSerie/Resultados/Prediccion/ARIMA_DIRECT/1_ARIMA_DIRECT_sintetica.csv
2026-02-01,414.37,sintetica,ARIMA_DIRECT,001,anom:series_riesgo_pais_1,/home/jacky/DatosSerie/Resultados/Prediccion/ARIMA_DIRECT/1_ARIMA_DIRECT_sintetica.csv
2026-02-02,414.37,sintetica,ARIMA_DIRECT,001,anom:series_riesgo_pais_1,/home/jacky/DatosSerie/Resultados/Prediccion/ARIMA_DIRECT/1_ARIMA_DIRECT_sintetica.csv
2026-02-03,414.37,sintetica,ARIMA_DIRECT,001,anom:series_riesgo_pais_1,/home/jacky/DatosSerie/Resultados/Prediccion/ARIMA_DIRECT/1_ARIMA_DIRECT_sintetica.csv
2026-02-04,414.37,sintetica,ARIMA_DIRECT,001,anom:series_riesgo_pais_1,/home/jacky/DatosSerie/Resultados/Prediccion/ARIMA_DIRECT/1_ARIMA_DIRECT_sintetica.csv
2026-02-05,414.37,sintetica,ARIMA_DIRECT,001,anom:series_riesgo_pais_1,/home/jacky/DatosSerie/Resultados/Prediccion/ARIMA_DIRECT/1_ARIMA_DIRECT_sintetica.csv
2026-02-06,414.37,sintetica,ARIMA_DIRECT,001,anom:series_riesgo_pais_1,/home/jacky/DatosSerie/Resultados/Prediccion/ARIMA_DIRECT/1_ARIMA_DIRECT_sintetica.csv
2026-02-07,414.37,sintetica,ARIMA_DIRECT,001,anom:series_riesgo_pais_1,/home/jacky/DatosSerie/Resultados/Prediccion/ARIMA_DIRECT/1_ARIMA_DIRECT_sintetica.csv
2026-02-08,414.37,sintetica,ARIMA_DIRECT,001,anom:series_riesgo_pais_1,/home/jacky/DatosSerie/Resultados/Prediccion/ARIMA_DIRECT/1_ARIMA_DIRECT_sintetica.csv
2026-02-09,414.37,sintetica,ARIMA_DIRECT,001,anom:series_riesgo_pais_1,/home/jacky/DatosSerie/Resultados/Prediccion/ARIMA_DIRECT/1_ARIMA_DIRECT_sintetica.csv
2026-02-10,414.37,sintetica,ARIMA_DIRECT,001,anom:series_riesgo_pais_1,/home/jacky/DatosSerie/Resultados/Prediccion/ARIMA_DIRECT/1_ARIMA_DIRECT_sintetica.csv
2026-02-11,414.37,sintetica,ARIMA_DIRECT,001,anom:series_riesgo_pais_1,/home/jacky/DatosSerie/Resultados/Prediccion/ARIMA_DIRECT/1_ARIMA_DIRECT_sintetica.csv
2026-02-12,414.37,sintetica,ARIMA_DIRECT,001,anom:series_riesgo_pais_1,/home/jacky/DatosSerie/Resultados/Prediccion/ARIMA_DIRECT/1_ARIMA_DIRECT_sintetica.csv
2026-02-13,414.37,sintetica,ARIMA_DIRECT,001,anom:series_riesgo_pais_1,/home/jacky/DatosSerie/Resultados/Prediccion/ARIMA_DIRECT/1_ARIMA_DIRECT_sintetica.csv
2026-02-14,414.37,sintetica,ARIMA_DIRECT,001,anom:series_riesgo_pais_1,/home/jacky/DatosSerie/Resultados/Prediccion/ARIMA_DIRECT/1_ARIMA_DIRECT_sintetica.csv
2026-02-15,414.37,sintetica,ARIMA_DIRECT,001,anom:series_riesgo_pais_1,/home/jacky/DatosSerie/Resultados/Prediccion/ARIMA_DIRECT/1_ARIMA_DIRECT_sintetica.csv
2026-02-16,414.37,sintetica,ARIMA_DIRECT,001,anom:series_riesgo_pais_1,/home/jacky/DatosSerie/Resultados/Prediccion/ARIMA_DIRECT/1_ARIMA_DIRECT_sintetica.csv
2026-02-17,414.37,sintetica,ARIMA_DIRECT,001,anom:series_riesgo_pais_1,/home/jacky/DatosSerie/Resultados/Prediccion/ARIMA_DIRECT/1_ARIMA_DIRECT_sintetica.csv
2026-02-18,414.37,sintetica,ARIMA_DIRECT,001,anom:series_riesgo_pais_1,/home/jacky/DatosSerie/Resultados/Prediccion/ARIMA_DIRECT/1_ARIMA_DIRECT_sintetica.csv
2026-02-19,414.37,sintetica,ARIMA_DIRECT,001,anom:series_riesgo_pais_1,/home/jacky/DatosSerie/Resultados/Prediccion/ARIMA_DIRECT/1_ARIMA_DIRECT_sintetica.csv
2026-02-20,414.37,sintetica,ARIMA_DIRECT,001,anom:series_riesgo_pais_1,/home/jacky/DatosSerie/Resultados/Prediccion/ARIMA_DIRECT/1_ARIMA_DIRECT_sintetica.csv
2026-02-21,414.37,sintetica,ARIMA_DIRECT,001,anom:series_riesgo_pais_1,/home/jacky/DatosSerie/Resultados/Prediccion/ARIMA_DIRECT/1_ARIMA_DIRECT_sintetica.csv
2026-02-22,414.37,sintetica,ARIMA_DIRECT,001,anom:series_riesgo_pais_1,/home/jacky/DatosSerie/Resultados/Prediccion/ARIMA_DIRECT/1_ARIMA_DIRECT_sintetica.csv
2026-02-23,414.37,sintetica,ARIMA_DIRECT,001,anom:series_riesgo_pais_1,/home/jacky/DatosSerie/Resultados/Prediccion/ARIMA_DIRECT/1_ARIMA_DIRECT_sintetica.csv
2026-02-24,414.37,sintetica,ARIMA_DIRECT,001,anom:series_riesgo_pais_1,/home/jacky/DatosSerie/Resultados/Prediccion/ARIMA_DIRECT/1_ARIMA_DIRECT_sintetica.csv
2026-02-25,414.37,sintetica,ARIMA_DIRECT,001,anom:series_riesgo_pais_1,/home/jacky/DatosSerie/Resultados/Prediccion/ARIMA_DIRECT/1_ARIMA_DIRECT_sintetica.csv
2026-02-26,414.37,sintetica,ARIMA_DIRECT,001,anom:series_riesgo_pais_1,/home/jacky/DatosSerie/Resultados/Prediccion/ARIMA_DIRECT/1_ARIMA_DIRECT_sintetica.csv
2026-02-27,414.37,sintetica,ARIMA_DIRECT,001,anom:series_riesgo_pais_1,/home/jacky/DatosSerie/Resultados/Prediccion/ARIMA_DIRECT/1_ARIMA_DIRECT_sintetica.csv
2026-01-29,413.98,sintetica,ARIMA_FEEDBACK,001,anom:series_riesgo_pais_1,/home/jacky/DatosSerie/Resultados/Prediccion/ARIMA_FEEDBACK/1_ARIMA_FEEDBACK_sintetica.csv
2026-01-30,413.97,sintetica,ARIMA_FEEDBACK,001,anom:series_riesgo_pais_1,/home/jacky/DatosSerie/Resultados/Prediccion/ARIMA_FEEDBACK/1_ARIMA_FEEDBACK_sintetica.csv
2026-01-31,415.78,sintetica,ARIMA_FEEDBACK,001,anom:series_riesgo_pais_1,/home/jacky/DatosSerie/Resultados/Prediccion/ARIMA_FEEDBACK/1_ARIMA_FEEDBACK_sintetica.csv
2026-02-01,415.49,sintetica,ARIMA_FEEDBACK,001,anom:series_riesgo_pais_1,/home/jacky/DatosSerie/Resultados/Prediccion/ARIMA_FEEDBACK/1_ARIMA_FEEDBACK_sintetica.csv
2026-02-02,413.9,sintetica,ARIMA_FEEDBACK,001,anom:series_riesgo_pais_1,/home/jacky/DatosSerie/Resultados/Prediccion/ARIMA_FEEDBACK/1_ARIMA_FEEDBACK_sintetica.csv
2026-02-03,413.58,sintetica,ARIMA_FEEDBACK,001,anom:series_riesgo_pais_1,/home/jacky/DatosSerie/Resultados/Prediccion/ARIMA_FEEDBACK/1_ARIMA_FEEDBACK_sintetica.csv
2026-02-04,414.19,sintetica,ARIMA_FEEDBACK,001,anom:series_riesgo_pais_1,/home/jacky/DatosSerie/Resultados/Prediccion/ARIMA_FEEDBACK/1_ARIMA_FEEDBACK_sintetica.csv
2026-02-05,414.03,sintetica,ARIMA_FEEDBACK,001,anom:series_riesgo_pais_1,/home/jacky/DatosSerie/Resultados/Prediccion/ARIMA_FEEDBACK/1_ARIMA_FEEDBACK_sintetica.csv
2026-02-06,413.22,sintetica,ARIMA_FEEDBACK,001,anom:series_riesgo_pais_1,/home/jacky/DatosSerie/Resultados/Prediccion/ARIMA_FEEDBACK/1_ARIMA_FEEDBACK_sintetica.csv
2026-02-07,412.87,sintetica,ARIMA_FEEDBACK,001,anom:series_riesgo_pais_1,/home/jacky/DatosSerie/Resultados/Prediccion/ARIMA_FEEDBACK/1_ARIMA_FEEDBACK_sintetica.csv
2026-02-08,412.98,sintetica,ARIMA_FEEDBACK,001,anom:series_riesgo_pais_1,/home/jacky/DatosSerie/Resultados/Prediccion/ARIMA_FEEDBACK/1_ARIMA_FEEDBACK_sintetica.csv
2026-02-09,412.81,sintetica,ARIMA_FEEDBACK,001,anom:series_riesgo_pais_1,/home/jacky/DatosSerie/Resultados/Prediccion/ARIMA_FEEDBACK/1_ARIMA_FEEDBACK_sintetica.csv
2026-02-10,412.33,sintetica,ARIMA_FEEDBACK,001,anom:series_riesgo_pais_1,/home/jacky/DatosSerie/Resultados/Prediccion/ARIMA_FEEDBACK/1_ARIMA_FEEDBACK_sintetica.csv
2026-02-11,412.01,sintetica,ARIMA_FEEDBACK,001,anom:series_riesgo_pais_1,/home/jacky/DatosSerie/Resultados/Prediccion/ARIMA_FEEDBACK/1_ARIMA_FEEDBACK_sintetica.csv
2026-02-12,411.9,sintetica,ARIMA_FEEDBACK,001,anom:series_riesgo_pais_1,/home/jacky/DatosSerie/Resultados/Prediccion/ARIMA_FEEDBACK/1_ARIMA_FEEDBACK_sintetica.csv
2026-02-13,411.7,sintetica,ARIMA_FEEDBACK,001,anom:series_riesgo_pais_1,/home/jacky/DatosSerie/Resultados/Prediccion/ARIMA_FEEDBACK/1_ARIMA_FEEDBACK_sintetica.csv
2026-02-14,411.35,sintetica,ARIMA_FEEDBACK,001,anom:series_riesgo_pais_1,/home/jacky/DatosSerie/Resultados/Prediccion/ARIMA_FEEDBACK/1_ARIMA_FEEDBACK_sintetica.csv
2026-02-15,411.06,sintetica,ARIMA_FEEDBACK,001,anom:series_riesgo_pais_1,/home/jacky/DatosSerie/Resultados/Prediccion/ARIMA_FEEDBACK/1_ARIMA_FEEDBACK_sintetica.csv
2026-02-16,410.86,sintetica,ARIMA_FEEDBACK,001,anom:series_riesgo_pais_1,/home/jacky/DatosSerie/Resultados/Prediccion/ARIMA_FEEDBACK/1_ARIMA_FEEDBACK_sintetica.csv
2026-02-17,410.64,sintetica,ARIMA_FEEDBACK,001,anom:series_riesgo_pais_1,/home/jacky/DatosSerie/Resultados/Prediccion/ARIMA_FEEDBACK/1_ARIMA_FEEDBACK_sintetica.csv
2026-02-18,410.36,sintetica,ARIMA_FEEDBACK,001,anom:series_riesgo_pais_1,/home/jacky/DatosSerie/Resultados/Prediccion/ARIMA_FEEDBACK/1_ARIMA_FEEDBACK_sintetica.csv
2026-02-19,410.08,sintetica,ARIMA_FEEDBACK,001,anom:series_riesgo_pais_1,/home/jacky/DatosSerie/Resultados/Prediccion/ARIMA_FEEDBACK/1_ARIMA_FEEDBACK_sintetica.csv
2026-02-20,409.85,sintetica,ARIMA_FEEDBACK,001,anom:series_riesgo_pais_1,/home/jacky/DatosSerie/Resultados/Prediccion/ARIMA_FEEDBACK/1_ARIMA_FEEDBACK_sintetica.csv
2026-02-21,409.62,sintetica,ARIMA_FEEDBACK,001,anom:series_riesgo_pais_1,/home/jacky/DatosSerie/Resultados/Prediccion/ARIMA_FEEDBACK/1_ARIMA_FEEDBACK_sintetica.csv
2026-02-22,409.35,sintetica,ARIMA_FEEDBACK,001,anom:series_riesgo_pais_1,/home/jacky/DatosSerie/Resultados/Prediccion/ARIMA_FEEDBACK/1_ARIMA_FEEDBACK_sintetica.csv
2026-02-23,409.09,sintetica,ARIMA_FEEDBACK,001,anom:series_riesgo_pais_1,/home/jacky/DatosSerie/Resultados/Prediccion/ARIMA_FEEDBACK/1_ARIMA_FEEDBACK_sintetica.csv
2026-02-24,408.85,sintetica,ARIMA_FEEDBACK,001,anom:series_riesgo_pais_1,/home/jacky/DatosSerie/Resultados/Prediccion/ARIMA_FEEDBACK/1_ARIMA_FEEDBACK_sintetica.csv
2026-02-25,408.6,sintetica,ARIMA_FEEDBACK,001,anom:series_riesgo_pais_1,/home/jacky/DatosSerie/Resultados/Prediccion/ARIMA_FEEDBACK/1_ARIMA_FEEDBACK_sintetica.csv
2026-02-26,408.35,sintetica,ARIMA_FEEDBACK,001,anom:series_riesgo_pais_1,/home/jacky/DatosSerie/Resultados/Prediccion/ARIMA_FEEDBACK/1_ARIMA_FEEDBACK_sintetica.csv
2026-02-27,408.09,sintetica,ARIMA_FEEDBACK,001,anom:series_riesgo_pais_1,/home/jacky/DatosSerie/Resultados/Prediccion/ARIMA_FEEDBACK/1_ARIMA_FEEDBACK_sintetica.csv
2026-01-29,658.9,sintetica,DEEPAR_DIRECT,001,anom:series_riesgo_pais_1,/home/jacky/DatosSerie/Resultados/Prediccion/DEEPAR_DIRECT/1_DEEPAR_DIRECT_sintetica.csv
2026-01-30,543.75,sintetica,DEEPAR_DIRECT,001,anom:series_riesgo_pais_1,/home/jacky/DatosSerie/Resultados/Prediccion/DEEPAR_DIRECT/1_DEEPAR_DIRECT_sintetica.csv
2026-01-31,593.63,sintetica,DEEPAR_DIRECT,001,anom:series_riesgo_pais_1,/home/jacky/DatosSerie/Resultados/Prediccion/DEEPAR_DIRECT/1_DEEPAR_DIRECT_sintetica.csv
2026-02-01,622.58,sintetica,DEEPAR_DIRECT,001,anom:series_riesgo_pais_1,/home/jacky/DatosSerie/Resultados/Prediccion/DEEPAR_DIRECT/1_DEEPAR_DIRECT_sintetica.csv
2026-02-02,542.79,sintetica,DEEPAR_DIRECT,001,anom:series_riesgo_pais_1,/home/jacky/DatosSerie/Resultados/Prediccion/DEEPAR_DIRECT/1_DEEPAR_DIRECT_sintetica.csv
2026-02-03,556.42,sintetica,DEEPAR_DIRECT,001,anom:series_riesgo_pais_1,/home/jacky/DatosSerie/Resultados/Prediccion/DEEPAR_DIRECT/1_DEEPAR_DIRECT_sintetica.csv
2026-02-04,550.8,sintetica,DEEPAR_DIRECT,001,anom:series_riesgo_pais_1,/home/jacky/DatosSerie/Resultados/Prediccion/DEEPAR_DIRECT/1_DEEPAR_DIRECT_sintetica.csv
2026-02-05,588.63,sintetica,DEEPAR_DIRECT,001,anom:series_riesgo_pais_1,/home/jacky/DatosSerie/Resultados/Prediccion/DEEPAR_DIRECT/1_DEEPAR_DIRECT_sintetica.csv
2026-02-06,584.33,sintetica,DEEPAR_DIRECT,001,anom:series_riesgo_pais_1,/home/jacky/DatosSerie/Resultados/Prediccion/DEEPAR_DIRECT/1_DEEPAR_DIRECT_sintetica.csv
2026-02-07,614.78,sintetica,DEEPAR_DIRECT,001,anom:series_riesgo_pais_1,/home/jacky/DatosSerie/Resultados/Prediccion/DEEPAR_DIRECT/1_DEEPAR_DIRECT_sintetica.csv
2026-02-08,568.63,sintetica,DEEPAR_DIRECT,001,anom:series_riesgo_pais_1,/home/jacky/DatosSerie/Resultados/Prediccion/DEEPAR_DIRECT/1_DEEPAR_DIRECT_sintetica.csv
2026-02-09,606.5,sintetica,DEEPAR_DIRECT,001,anom:series_riesgo_pais_1,/home/jacky/DatosSerie/Resultados/Prediccion/DEEPAR_DIRECT/1_DEEPAR_DIRECT_sintetica.csv
2026-02-10,673.59,sintetica,DEEPAR_DIRECT,001,anom:series_riesgo_pais_1,/home/jacky/DatosSerie/Resultados/Prediccion/DEEPAR_DIRECT/1_DEEPAR_DIRECT_sintetica.csv
2026-02-11,658.93,sintetica,DEEPAR_DIRECT,001,anom:series_riesgo_pais_1,/home/jacky/DatosSerie/Resultados/Prediccion/DEEPAR_DIRECT/1_DEEPAR_DIRECT_sintetica.csv
2026-02-12,613.79,sintetica,DEEPAR_DIRECT,001,anom:series_riesgo_pais_1,/home/jacky/DatosSerie/Resultados/Prediccion/DEEPAR_DIRECT/1_DEEPAR_DIRECT_sintetica.csv
2026-02-13,609.35,sintetica,DEEPAR_DIRECT,001,anom:series_riesgo_pais_1,/home/jacky/DatosSerie/Resultados/Prediccion/DEEPAR_DIRECT/1_DEEPAR_DIRECT_sintetica.csv
2026-02-14,640.75,sintetica,DEEPAR_DIRECT,001,anom:series_riesgo_pais_1,/home/jacky/DatosSerie/Resultados/Prediccion/DEEPAR_DIRECT/1_DEEPAR_DIRECT_sintetica.csv
2026-02-15,591.09,sintetica,DEEPAR_DIRECT,001,anom:series_riesgo_pais_1,/home/jacky/DatosSerie/Resultados/Prediccion/DEEPAR_DIRECT/1_DEEPAR_DIRECT_sintetica.csv
2026-02-16,579.05,sintetica,DEEPAR_DIRECT,001,anom:series_riesgo_pais_1,/home/jacky/DatosSerie/Resultados/Prediccion/DEEPAR_DIRECT/1_DEEPAR_DIRECT_sintetica.csv
2026-02-17,654.65,sintetica,DEEPAR_DIRECT,001,anom:series_riesgo_pais_1,/home/jacky/DatosSerie/Resultados/Prediccion/DEEPAR_DIRECT/1_DEEPAR_DIRECT_sintetica.csv
2026-02-18,627.69,sintetica,DEEPAR_DIRECT,001,anom:series_riesgo_pais_1,/home/jacky/DatosSerie/Resultados/Prediccion/DEEPAR_DIRECT/1_DEEPAR_DIRECT_sintetica.csv
2026-02-19,638.41,sintetica,DEEPAR_DIRECT,001,anom:series_riesgo_pais_1,/home/jacky/DatosSerie/Resultados/Prediccion/DEEPAR_DIRECT/1_DEEPAR_DIRECT_sintetica.csv
2026-02-20,619.53,sintetica,DEEPAR_DIRECT,001,anom:series_riesgo_pais_1,/home/jacky/DatosSerie/Resultados/Prediccion/DEEPAR_DIRECT/1_DEEPAR_DIRECT_sintetica.csv
2026-02-21,643.96,sintetica,DEEPAR_DIRECT,001,anom:series_riesgo_pais_1,/home/jacky/DatosSerie/Resultados/Prediccion/DEEPAR_DIRECT/1_DEEPAR_DIRECT_sintetica.csv
2026-02-22,653.67,sintetica,DEEPAR_DIRECT,001,anom:series_riesgo_pais_1,/home/jacky/DatosSerie/Resultados/Prediccion/DEEPAR_DIRECT/1_DEEPAR_DIRECT_sintetica.csv
2026-02-23,657.96,sintetica,DEEPAR_DIRECT,001,anom:series_riesgo_pais_1,/home/jacky/DatosSerie/Resultados/Prediccion/DEEPAR_DIRECT/1_DEEPAR_DIRECT_sintetica.csv
2026-02-24,683.7,sintetica,DEEPAR_DIRECT,001,anom:series_riesgo_pais_1,/home/jacky/DatosSerie/Resultados/Prediccion/DEEPAR_DIRECT/1_DEEPAR_DIRECT_sintetica.csv
2026-02-25,625.32,sintetica,DEEPAR_DIRECT,001,anom:series_riesgo_pais_1,/home/jacky/DatosSerie/Resultados/Prediccion/DEEPAR_DIRECT/1_DEEPAR_DIRECT_sintetica.csv
2026-02-26,629.01,sintetica,DEEPAR_DIRECT,001,anom:series_riesgo_pais_1,/home/jacky/DatosSerie/Resultados/Prediccion/DEEPAR_DIRECT/1_DEEPAR_DIRECT_sintetica.csv
2026-02-27,580.73,sintetica,DEEPAR_DIRECT,001,anom:series_riesgo_pais_1,/home/jacky/DatosSerie/Resultados/Prediccion/DEEPAR_DIRECT/1_DEEPAR_DIRECT_sintetica.csv
2026-01-29,462.18,sintetica,DEEPAR_FEEDBACK,001,anom:series_riesgo_pais_1,/home/jacky/DatosSerie/Resultados/Prediccion/DEEPAR_FEEDBACK/1_DEEPAR_FEEDBACK_sintetica.csv
2026-01-30,476.36,sintetica,DEEPAR_FEEDBACK,001,anom:series_riesgo_pais_1,/home/jacky/DatosSerie/Resultados/Prediccion/DEEPAR_FEEDBACK/1_DEEPAR_FEEDBACK_sintetica.csv
2026-01-31,494.54,sintetica,DEEPAR_FEEDBACK,001,anom:series_riesgo_pais_1,/home/jacky/DatosSerie/Resultados/Prediccion/DEEPAR_FEEDBACK/1_DEEPAR_FEEDBACK_sintetica.csv
2026-02-01,512.88,sintetica,DEEPAR_FEEDBACK,001,anom:series_riesgo_pais_1,/home/jacky/DatosSerie/Resultados/Prediccion/DEEPAR_FEEDBACK/1_DEEPAR_FEEDBACK_sintetica.csv
2026-02-02,530.76,sintetica,DEEPAR_FEEDBACK,001,anom:series_riesgo_pais_1,/home/jacky/DatosSerie/Resultados/Prediccion/DEEPAR_FEEDBACK/1_DEEPAR_FEEDBACK_sintetica.csv
2026-02-03,548.18,sintetica,DEEPAR_FEEDBACK,001,anom:series_riesgo_pais_1,/home/jacky/DatosSerie/Resultados/Prediccion/DEEPAR_FEEDBACK/1_DEEPAR_FEEDBACK_sintetica.csv
2026-02-04,565.26,sintetica,DEEPAR_FEEDBACK,001,anom:series_riesgo_pais_1,/home/jacky/DatosSerie/Resultados/Prediccion/DEEPAR_FEEDBACK/1_DEEPAR_FEEDBACK_sintetica.csv
2026-02-05,582.07,sintetica,DEEPAR_FEEDBACK,001,anom:series_riesgo_pais_1,/home/jacky/DatosSerie/Resultados/Prediccion/DEEPAR_FEEDBACK/1_DEEPAR_FEEDBACK_sintetica.csv
2026-02-06,598.66,sintetica,DEEPAR_FEEDBACK,001,anom:series_riesgo_pais_1,/home/jacky/DatosSerie/Resultados/Prediccion/DEEPAR_FEEDBACK/1_DEEPAR_FEEDBACK_sintetica.csv
2026-02-07,615.09,sintetica,DEEPAR_FEEDBACK,001,anom:series_riesgo_pais_1,/home/jacky/DatosSerie/Resultados/Prediccion/DEEPAR_FEEDBACK/1_DEEPAR_FEEDBACK_sintetica.csv
2026-02-08,631.38,sintetica,DEEPAR_FEEDBACK,001,anom:series_riesgo_pais_1,/home/jacky/DatosSerie/Resultados/Prediccion/DEEPAR_FEEDBACK/1_DEEPAR_FEEDBACK_sintetica.csv
2026-02-09,647.55,sintetica,DEEPAR_FEEDBACK,001,anom:series_riesgo_pais_1,/home/jacky/DatosSerie/Resultados/Prediccion/DEEPAR_FEEDBACK/1_DEEPAR_FEEDBACK_sintetica.csv
2026-02-10,663.63,sintetica,DEEPAR_FEEDBACK,001,anom:series_riesgo_pais_1,/home/jacky/DatosSerie/Resultados/Prediccion/DEEPAR_FEEDBACK/1_DEEPAR_FEEDBACK_sintetica.csv
2026-02-11,679.64,sintetica,DEEPAR_FEEDBACK,001,anom:series_riesgo_pais_1,/home/jacky/DatosSerie/Resultados/Prediccion/DEEPAR_FEEDBACK/1_DEEPAR_FEEDBACK_sintetica.csv
2026-02-12,695.59,sintetica,DEEPAR_FEEDBACK,001,anom:series_riesgo_pais_1,/home/jacky/DatosSerie/Resultados/Prediccion/DEEPAR_FEEDBACK/1_DEEPAR_FEEDBACK_sintetica.csv
2026-02-13,711.5,sintetica,DEEPAR_FEEDBACK,001,anom:series_riesgo_pais_1,/home/jacky/DatosSerie/Resultados/Prediccion/DEEPAR_FEEDBACK/1_DEEPAR_FEEDBACK_sintetica.csv
2026-02-14,727.4,sintetica,DEEPAR_FEEDBACK,001,anom:series_riesgo_pais_1,/home/jacky/DatosSerie/Resultados/Prediccion/DEEPAR_FEEDBACK/1_DEEPAR_FEEDBACK_sintetica.csv
2026-02-15,743.29,sintetica,DEEPAR_FEEDBACK,001,anom:series_riesgo_pais_1,/home/jacky/DatosSerie/Resultados/Prediccion/DEEPAR_FEEDBACK/1_DEEPAR_FEEDBACK_sintetica.csv
2026-02-16,759.21,sintetica,DEEPAR_FEEDBACK,001,anom:series_riesgo_pais_1,/home/jacky/DatosSerie/Resultados/Prediccion/DEEPAR_FEEDBACK/1_DEEPAR_FEEDBACK_sintetica.csv
2026-02-17,775.18,sintetica,DEEPAR_FEEDBACK,001,anom:series_riesgo_pais_1,/home/jacky/DatosSerie/Resultados/Prediccion/DEEPAR_FEEDBACK/1_DEEPAR_FEEDBACK_sintetica.csv
2026-02-18,791.2,sintetica,DEEPAR_FEEDBACK,001,anom:series_riesgo_pais_1,/home/jacky/DatosSerie/Resultados/Prediccion/DEEPAR_FEEDBACK/1_DEEPAR_FEEDBACK_sintetica.csv
2026-02-19,807.3,sintetica,DEEPAR_FEEDBACK,001,anom:series_riesgo_pais_1,/home/jacky/DatosSerie/Resultados/Prediccion/DEEPAR_FEEDBACK/1_DEEPAR_FEEDBACK_sintetica.csv
2026-02-20,823.51,sintetica,DEEPAR_FEEDBACK,001,anom:series_riesgo_pais_1,/home/jacky/DatosSerie/Resultados/Prediccion/DEEPAR_FEEDBACK/1_DEEPAR_FEEDBACK_sintetica.csv
2026-02-21,839.84,sintetica,DEEPAR_FEEDBACK,001,anom:series_riesgo_pais_1,/home/jacky/DatosSerie/Resultados/Prediccion/DEEPAR_FEEDBACK/1_DEEPAR_FEEDBACK_sintetica.csv
2026-02-22,856.32,sintetica,DEEPAR_FEEDBACK,001,anom:series_riesgo_pais_1,/home/jacky/DatosSerie/Resultados/Prediccion/DEEPAR_FEEDBACK/1_DEEPAR_FEEDBACK_sintetica.csv
2026-02-23,872.97,sintetica,DEEPAR_FEEDBACK,001,anom:series_riesgo_pais_1,/home/jacky/DatosSerie/Resultados/Prediccion/DEEPAR_FEEDBACK/1_DEEPAR_FEEDBACK_sintetica.csv
2026-02-24,889.82,sintetica,DEEPAR_FEEDBACK,001,anom:series_riesgo_pais_1,/home/jacky/DatosSerie/Resultados/Prediccion/DEEPAR_FEEDBACK/1_DEEPAR_FEEDBACK_sintetica.csv
2026-02-25,906.88,sintetica,DEEPAR_FEEDBACK,001,anom:series_riesgo_pais_1,/home/jacky/DatosSerie/Resultados/Prediccion/DEEPAR_FEEDBACK/1_DEEPAR_FEEDBACK_sintetica.csv
2026-02-26,924.2,sintetica,DEEPAR_FEEDBACK,001,anom:series_riesgo_pais_1,/home/jacky/DatosSerie/Resultados/Prediccion/DEEPAR_FEEDBACK/1_DEEPAR_FEEDBACK_sintetica.csv
2026-02-27,941.79,sintetica,DEEPAR_FEEDBACK,001,anom:series_riesgo_pais_1,/home/jacky/DatosSerie/Resultados/Prediccion/DEEPAR_FEEDBACK/1_DEEPAR_FEEDBACK_sintetica.csv
2026-01-29,430.89,sintetica,LSTM_DIRECT,001,anom:series_riesgo_pais_1,/home/jacky/DatosSerie/Resultados/Prediccion/LSTM_DIRECT/1_LSTM_DIRECT_sintetica.csv
2026-01-30,430.2,sintetica,LSTM_DIRECT,001,anom:series_riesgo_pais_1,/home/jacky/DatosSerie/Resultados/Prediccion/LSTM_DIRECT/1_LSTM_DIRECT_sintetica.csv
2026-01-31,439.69,sintetica,LSTM_DIRECT,001,anom:series_riesgo_pais_1,/home/jacky/DatosSerie/Resultados/Prediccion/LSTM_DIRECT/1_LSTM_DIRECT_sintetica.csv
2026-02-01,425.89,sintetica,LSTM_DIRECT,001,anom:series_riesgo_pais_1,/home/jacky/DatosSerie/Resultados/Prediccion/LSTM_DIRECT/1_LSTM_DIRECT_sintetica.csv
2026-02-02,438.53,sintetica,LSTM_DIRECT,001,anom:series_riesgo_pais_1,/home/jacky/DatosSerie/Resultados/Prediccion/LSTM_DIRECT/1_LSTM_DIRECT_sintetica.csv
2026-02-03,439.67,sintetica,LSTM_DIRECT,001,anom:series_riesgo_pais_1,/home/jacky/DatosSerie/Resultados/Prediccion/LSTM_DIRECT/1_LSTM_DIRECT_sintetica.csv
2026-02-04,449.81,sintetica,LSTM_DIRECT,001,anom:series_riesgo_pais_1,/home/jacky/DatosSerie/Resultados/Prediccion/LSTM_DIRECT/1_LSTM_DIRECT_sintetica.csv
2026-02-05,427.34,sintetica,LSTM_DIRECT,001,anom:series_riesgo_pais_1,/home/jacky/DatosSerie/Resultados/Prediccion/LSTM_DIRECT/1_LSTM_DIRECT_sintetica.csv
2026-02-06,432.05,sintetica,LSTM_DIRECT,001,anom:series_riesgo_pais_1,/home/jacky/DatosSerie/Resultados/Prediccion/LSTM_DIRECT/1_LSTM_DIRECT_sintetica.csv
2026-02-07,455.67,sintetica,LSTM_DIRECT,001,anom:series_riesgo_pais_1,/home/jacky/DatosSerie/Resultados/Prediccion/LSTM_DIRECT/1_LSTM_DIRECT_sintetica.csv
2026-02-08,450.47,sintetica,LSTM_DIRECT,001,anom:series_riesgo_pais_1,/home/jacky/DatosSerie/Resultados/Prediccion/LSTM_DIRECT/1_LSTM_DIRECT_sintetica.csv
2026-02-09,452.66,sintetica,LSTM_DIRECT,001,anom:series_riesgo_pais_1,/home/jacky/DatosSerie/Resultados/Prediccion/LSTM_DIRECT/1_LSTM_DIRECT_sintetica.csv
2026-02-10,431.09,sintetica,LSTM_DIRECT,001,anom:series_riesgo_pais_1,/home/jacky/DatosSerie/Resultados/Prediccion/LSTM_DIRECT/1_LSTM_DIRECT_sintetica.csv
2026-02-11,456.21,sintetica,LSTM_DIRECT,001,anom:series_riesgo_pais_1,/home/jacky/DatosSerie/Resultados/Prediccion/LSTM_DIRECT/1_LSTM_DIRECT_sintetica.csv
2026-02-12,452.86,sintetica,LSTM_DIRECT,001,anom:series_riesgo_pais_1,/home/jacky/DatosSerie/Resultados/Prediccion/LSTM_DIRECT/1_LSTM_DIRECT_sintetica.csv
2026-02-13,445.01,sintetica,LSTM_DIRECT,001,anom:series_riesgo_pais_1,/home/jacky/DatosSerie/Resultados/Prediccion/LSTM_DIRECT/1_LSTM_DIRECT_sintetica.csv
2026-02-14,455.1,sintetica,LSTM_DIRECT,001,anom:series_riesgo_pais_1,/home/jacky/DatosSerie/Resultados/Prediccion/LSTM_DIRECT/1_LSTM_DIRECT_sintetica.csv
2026-02-15,450.28,sintetica,LSTM_DIRECT,001,anom:series_riesgo_pais_1,/home/jacky/DatosSerie/Resultados/Prediccion/LSTM_DIRECT/1_LSTM_DIRECT_sintetica.csv
2026-02-16,466.15,sintetica,LSTM_DIRECT,001,anom:series_riesgo_pais_1,/home/jacky/DatosSerie/Resultados/Prediccion/LSTM_DIRECT/1_LSTM_DIRECT_sintetica.csv
2026-02-17,437.52,sintetica,LSTM_DIRECT,001,anom:series_riesgo_pais_1,/home/jacky/DatosSerie/Resultados/Prediccion/LSTM_DIRECT/1_LSTM_DIRECT_sintetica.csv
2026-02-18,476.68,sintetica,LSTM_DIRECT,001,anom:series_riesgo_pais_1,/home/jacky/DatosSerie/Resultados/Prediccion/LSTM_DIRECT/1_LSTM_DIRECT_sintetica.csv
2026-02-19,447.3,sintetica,LSTM_DIRECT,001,anom:series_riesgo_pais_1,/home/jacky/DatosSerie/Resultados/Prediccion/LSTM_DIRECT/1_LSTM_DIRECT_sintetica.csv
2026-02-20,454.99,sintetica,LSTM_DIRECT,001,anom:series_riesgo_pais_1,/home/jacky/DatosSerie/Resultados/Prediccion/LSTM_DIRECT/1_LSTM_DIRECT_sintetica.csv
2026-02-21,466.11,sintetica,LSTM_DIRECT,001,anom:series_riesgo_pais_1,/home/jacky/DatosSerie/Resultados/Prediccion/LSTM_DIRECT/1_LSTM_DIRECT_sintetica.csv
2026-02-22,468.67,sintetica,LSTM_DIRECT,001,anom:series_riesgo_pais_1,/home/jacky/DatosSerie/Resultados/Prediccion/LSTM_DIRECT/1_LSTM_DIRECT_sintetica.csv
2026-02-23,499.22,sintetica,LSTM_DIRECT,001,anom:series_riesgo_pais_1,/home/jacky/DatosSerie/Resultados/Prediccion/LSTM_DIRECT/1_LSTM_DIRECT_sintetica.csv
2026-02-24,470.35,sintetica,LSTM_DIRECT,001,anom:series_riesgo_pais_1,/home/jacky/DatosSerie/Resultados/Prediccion/LSTM_DIRECT/1_LSTM_DIRECT_sintetica.csv
2026-02-25,465.11,sintetica,LSTM_DIRECT,001,anom:series_riesgo_pais_1,/home/jacky/DatosSerie/Resultados/Prediccion/LSTM_DIRECT/1_LSTM_DIRECT_sintetica.csv
2026-02-26,489.67,sintetica,LSTM_DIRECT,001,anom:series_riesgo_pais_1,/home/jacky/DatosSerie/Resultados/Prediccion/LSTM_DIRECT/1_LSTM_DIRECT_sintetica.csv
2026-02-27,492.55,sintetica,LSTM_DIRECT,001,anom:series_riesgo_pais_1,/home/jacky/DatosSerie/Resultados/Prediccion/LSTM_DIRECT/1_LSTM_DIRECT_sintetica.csv
2026-01-29,418.52,sintetica,LSTM_FEEDBACK,001,anom:series_riesgo_pais_1,/home/jacky/DatosSerie/Resultados/Prediccion/LSTM_FEEDBACK/1_LSTM_FEEDBACK_sintetica.csv
2026-01-30,418.56,sintetica,LSTM_FEEDBACK,001,anom:series_riesgo_pais_1,/home/jacky/DatosSerie/Resultados/Prediccion/LSTM_FEEDBACK/1_LSTM_FEEDBACK_sintetica.csv
2026-01-31,418.91,sintetica,LSTM_FEEDBACK,001,anom:series_riesgo_pais_1,/home/jacky/DatosSerie/Resultados/Prediccion/LSTM_FEEDBACK/1_LSTM_FEEDBACK_sintetica.csv
2026-02-01,420.23,sintetica,LSTM_FEEDBACK,001,anom:series_riesgo_pais_1,/home/jacky/DatosSerie/Resultados/Prediccion/LSTM_FEEDBACK/1_LSTM_FEEDBACK_sintetica.csv
2026-02-02,422.34,sintetica,LSTM_FEEDBACK,001,anom:series_riesgo_pais_1,/home/jacky/DatosSerie/Resultados/Prediccion/LSTM_FEEDBACK/1_LSTM_FEEDBACK_sintetica.csv
2026-02-03,425.0,sintetica,LSTM_FEEDBACK,001,anom:series_riesgo_pais_1,/home/jacky/DatosSerie/Resultados/Prediccion/LSTM_FEEDBACK/1_LSTM_FEEDBACK_sintetica.csv
2026-02-04,427.98,sintetica,LSTM_FEEDBACK,001,anom:series_riesgo_pais_1,/home/jacky/DatosSerie/Resultados/Prediccion/LSTM_FEEDBACK/1_LSTM_FEEDBACK_sintetica.csv
2026-02-05,431.17,sintetica,LSTM_FEEDBACK,001,anom:series_riesgo_pais_1,/home/jacky/DatosSerie/Resultados/Prediccion/LSTM_FEEDBACK/1_LSTM_FEEDBACK_sintetica.csv
2026-02-06,434.48,sintetica,LSTM_FEEDBACK,001,anom:series_riesgo_pais_1,/home/jacky/DatosSerie/Resultados/Prediccion/LSTM_FEEDBACK/1_LSTM_FEEDBACK_sintetica.csv
2026-02-07,437.86,sintetica,LSTM_FEEDBACK,001,anom:series_riesgo_pais_1,/home/jacky/DatosSerie/Resultados/Prediccion/LSTM_FEEDBACK/1_LSTM_FEEDBACK_sintetica.csv
2026-02-08,441.27,sintetica,LSTM_FEEDBACK,001,anom:series_riesgo_pais_1,/home/jacky/DatosSerie/Resultados/Prediccion/LSTM_FEEDBACK/1_LSTM_FEEDBACK_sintetica.csv
2026-02-09,444.71,sintetica,LSTM_FEEDBACK,001,anom:series_riesgo_pais_1,/home/jacky/DatosSerie/Resultados/Prediccion/LSTM_FEEDBACK/1_LSTM_FEEDBACK_sintetica.csv
2026-02-10,448.15,sintetica,LSTM_FEEDBACK,001,anom:series_riesgo_pais_1,/home/jacky/DatosSerie/Resultados/Prediccion/LSTM_FEEDBACK/1_LSTM_FEEDBACK_sintetica.csv
2026-02-11,451.58,sintetica,LSTM_FEEDBACK,001,anom:series_riesgo_pais_1,/home/jacky/DatosSerie/Resultados/Prediccion/LSTM_FEEDBACK/1_LSTM_FEEDBACK_sintetica.csv
2026-02-12,455.01,sintetica,LSTM_FEEDBACK,001,anom:series_riesgo_pais_1,/home/jacky/DatosSerie/Resultados/Prediccion/LSTM_FEEDBACK/1_LSTM_FEEDBACK_sintetica.csv
2026-02-13,458.42,sintetica,LSTM_FEEDBACK,001,anom:series_riesgo_pais_1,/home/jacky/DatosSerie/Resultados/Prediccion/LSTM_FEEDBACK/1_LSTM_FEEDBACK_sintetica.csv
2026-02-14,461.81,sintetica,LSTM_FEEDBACK,001,anom:series_riesgo_pais_1,/home/jacky/DatosSerie/Resultados/Prediccion/LSTM_FEEDBACK/1_LSTM_FEEDBACK_sintetica.csv
2026-02-15,465.17,sintetica,LSTM_FEEDBACK,001,anom:series_riesgo_pais_1,/home/jacky/DatosSerie/Resultados/Prediccion/LSTM_FEEDBACK/1_LSTM_FEEDBACK_sintetica.csv
2026-02-16,468.51,sintetica,LSTM_FEEDBACK,001,anom:series_riesgo_pais_1,/home/jacky/DatosSerie/Resultados/Prediccion/LSTM_FEEDBACK/1_LSTM_FEEDBACK_sintetica.csv
2026-02-17,471.81,sintetica,LSTM_FEEDBACK,001,anom:series_riesgo_pais_1,/home/jacky/DatosSerie/Resultados/Prediccion/LSTM_FEEDBACK/1_LSTM_FEEDBACK_sintetica.csv
2026-02-18,475.08,sintetica,LSTM_FEEDBACK,001,anom:series_riesgo_pais_1,/home/jacky/DatosSerie/Resultados/Prediccion/LSTM_FEEDBACK/1_LSTM_FEEDBACK_sintetica.csv
2026-02-19,478.32,sintetica,LSTM_FEEDBACK,001,anom:series_riesgo_pais_1,/home/jacky/DatosSerie/Resultados/Prediccion/LSTM_FEEDBACK/1_LSTM_FEEDBACK_sintetica.csv
2026-02-20,481.52,sintetica,LSTM_FEEDBACK,001,anom:series_riesgo_pais_1,/home/jacky/DatosSerie/Resultados/Prediccion/LSTM_FEEDBACK/1_LSTM_FEEDBACK_sintetica.csv
2026-02-21,484.68,sintetica,LSTM_FEEDBACK,001,anom:series_riesgo_pais_1,/home/jacky/DatosSerie/Resultados/Prediccion/LSTM_FEEDBACK/1_LSTM_FEEDBACK_sintetica.csv
2026-02-22,487.8,sintetica,LSTM_FEEDBACK,001,anom:series_riesgo_pais_1,/home/jacky/DatosSerie/Resultados/Prediccion/LSTM_FEEDBACK/1_LSTM_FEEDBACK_sintetica.csv
2026-02-23,490.89,sintetica,LSTM_FEEDBACK,001,anom:series_riesgo_pais_1,/home/jacky/DatosSerie/Resultados/Prediccion/LSTM_FEEDBACK/1_LSTM_FEEDBACK_sintetica.csv
2026-02-24,493.93,sintetica,LSTM_FEEDBACK,001,anom:series_riesgo_pais_1,/home/jacky/DatosSerie/Resultados/Prediccion/LSTM_FEEDBACK/1_LSTM_FEEDBACK_sintetica.csv
2026-02-25,496.94,sintetica,LSTM_FEEDBACK,001,anom:series_riesgo_pais_1,/home/jacky/DatosSerie/Resultados/Prediccion/LSTM_FEEDBACK/1_LSTM_FEEDBACK_sintetica.csv
2026-02-26,499.91,sintetica,LSTM_FEEDBACK,001,anom:series_riesgo_pais_1,/home/jacky/DatosSerie/Resultados/Prediccion/LSTM_FEEDBACK/1_LSTM_FEEDBACK_sintetica.csv
2026-02-27,502.85,sintetica,LSTM_FEEDBACK,001,anom:series_riesgo_pais_1,/home/jacky/DatosSerie/Resultados/Prediccion/LSTM_FEEDBACK/1_LSTM_FEEDBACK_sintetica.csv
2026-01-29,978.65,sintetica,NBEATS_DIRECT,001,anom:series_riesgo_pais_1,/home/jacky/DatosSerie/Resultados/Prediccion/NBEATS_DIRECT/1_NBEATS_DIRECT_sintetica.csv
2026-01-30,979.54,sintetica,NBEATS_DIRECT,001,anom:series_riesgo_pais_1,/home/jacky/DatosSerie/Resultados/Prediccion/NBEATS_DIRECT/1_NBEATS_DIRECT_sintetica.csv
2026-01-31,975.19,sintetica,NBEATS_DIRECT,001,anom:series_riesgo_pais_1,/home/jacky/DatosSerie/Resultados/Prediccion/NBEATS_DIRECT/1_NBEATS_DIRECT_sintetica.csv
2026-02-01,992.45,sintetica,NBEATS_DIRECT,001,anom:series_riesgo_pais_1,/home/jacky/DatosSerie/Resultados/Prediccion/NBEATS_DIRECT/1_NBEATS_DIRECT_sintetica.csv
2026-02-02,976.69,sintetica,NBEATS_DIRECT,001,anom:series_riesgo_pais_1,/home/jacky/DatosSerie/Resultados/Prediccion/NBEATS_DIRECT/1_NBEATS_DIRECT_sintetica.csv
2026-02-03,975.78,sintetica,NBEATS_DIRECT,001,anom:series_riesgo_pais_1,/home/jacky/DatosSerie/Resultados/Prediccion/NBEATS_DIRECT/1_NBEATS_DIRECT_sintetica.csv
2026-02-04,976.6,sintetica,NBEATS_DIRECT,001,anom:series_riesgo_pais_1,/home/jacky/DatosSerie/Resultados/Prediccion/NBEATS_DIRECT/1_NBEATS_DIRECT_sintetica.csv
2026-02-05,963.67,sintetica,NBEATS_DIRECT,001,anom:series_riesgo_pais_1,/home/jacky/DatosSerie/Resultados/Prediccion/NBEATS_DIRECT/1_NBEATS_DIRECT_sintetica.csv
2026-02-06,975.26,sintetica,NBEATS_DIRECT,001,anom:series_riesgo_pais_1,/home/jacky/DatosSerie/Resultados/Prediccion/NBEATS_DIRECT/1_NBEATS_DIRECT_sintetica.csv
2026-02-07,980.0,sintetica,NBEATS_DIRECT,001,anom:series_riesgo_pais_1,/home/jacky/DatosSerie/Resultados/Prediccion/NBEATS_DIRECT/1_NBEATS_DIRECT_sintetica.csv
2026-02-08,969.51,sintetica,NBEATS_DIRECT,001,anom:series_riesgo_pais_1,/home/jacky/DatosSerie/Resultados/Prediccion/NBEATS_DIRECT/1_NBEATS_DIRECT_sintetica.csv
2026-02-09,979.45,sintetica,NBEATS_DIRECT,001,anom:series_riesgo_pais_1,/home/jacky/DatosSerie/Resultados/Prediccion/NBEATS_DIRECT/1_NBEATS_DIRECT_sintetica.csv
2026-02-10,973.13,sintetica,NBEATS_DIRECT,001,anom:series_riesgo_pais_1,/home/jacky/DatosSerie/Resultados/Prediccion/NBEATS_DIRECT/1_NBEATS_DIRECT_sintetica.csv
2026-02-11,974.83,sintetica,NBEATS_DIRECT,001,anom:series_riesgo_pais_1,/home/jacky/DatosSerie/Resultados/Prediccion/NBEATS_DIRECT/1_NBEATS_DIRECT_sintetica.csv
2026-02-12,953.92,sintetica,NBEATS_DIRECT,001,anom:series_riesgo_pais_1,/home/jacky/DatosSerie/Resultados/Prediccion/NBEATS_DIRECT/1_NBEATS_DIRECT_sintetica.csv
2026-02-13,978.94,sintetica,NBEATS_DIRECT,001,anom:series_riesgo_pais_1,/home/jacky/DatosSerie/Resultados/Prediccion/NBEATS_DIRECT/1_NBEATS_DIRECT_sintetica.csv
2026-02-14,977.75,sintetica,NBEATS_DIRECT,001,anom:series_riesgo_pais_1,/home/jacky/DatosSerie/Resultados/Prediccion/NBEATS_DIRECT/1_NBEATS_DIRECT_sintetica.csv
2026-02-15,982.95,sintetica,NBEATS_DIRECT,001,anom:series_riesgo_pais_1,/home/jacky/DatosSerie/Resultados/Prediccion/NBEATS_DIRECT/1_NBEATS_DIRECT_sintetica.csv
2026-02-16,965.95,sintetica,NBEATS_DIRECT,001,anom:series_riesgo_pais_1,/home/jacky/DatosSerie/Resultados/Prediccion/NBEATS_DIRECT/1_NBEATS_DIRECT_sintetica.csv
2026-02-17,981.75,sintetica,NBEATS_DIRECT,001,anom:series_riesgo_pais_1,/home/jacky/DatosSerie/Resultados/Prediccion/NBEATS_DIRECT/1_NBEATS_DIRECT_sintetica.csv
2026-02-18,974.34,sintetica,NBEATS_DIRECT,001,anom:series_riesgo_pais_1,/home/jacky/DatosSerie/Resultados/Prediccion/NBEATS_DIRECT/1_NBEATS_DIRECT_sintetica.csv
2026-02-19,991.08,sintetica,NBEATS_DIRECT,001,anom:series_riesgo_pais_1,/home/jacky/DatosSerie/Resultados/Prediccion/NBEATS_DIRECT/1_NBEATS_DIRECT_sintetica.csv
2026-02-20,973.47,sintetica,NBEATS_DIRECT,001,anom:series_riesgo_pais_1,/home/jacky/DatosSerie/Resultados/Prediccion/NBEATS_DIRECT/1_NBEATS_DIRECT_sintetica.csv
2026-02-21,986.88,sintetica,NBEATS_DIRECT,001,anom:series_riesgo_pais_1,/home/jacky/DatosSerie/Resultados/Prediccion/NBEATS_DIRECT/1_NBEATS_DIRECT_sintetica.csv
2026-02-22,981.77,sintetica,NBEATS_DIRECT,001,anom:series_riesgo_pais_1,/home/jacky/DatosSerie/Resultados/Prediccion/NBEATS_DIRECT/1_NBEATS_DIRECT_sintetica.csv
2026-02-23,982.05,sintetica,NBEATS_DIRECT,001,anom:series_riesgo_pais_1,/home/jacky/DatosSerie/Resultados/Prediccion/NBEATS_DIRECT/1_NBEATS_DIRECT_sintetica.csv
2026-02-24,988.7,sintetica,NBEATS_DIRECT,001,anom:series_riesgo_pais_1,/home/jacky/DatosSerie/Resultados/Prediccion/NBEATS_DIRECT/1_NBEATS_DIRECT_sintetica.csv
2026-02-25,982.18,sintetica,NBEATS_DIRECT,001,anom:series_riesgo_pais_1,/home/jacky/DatosSerie/Resultados/Prediccion/NBEATS_DIRECT/1_NBEATS_DIRECT_sintetica.csv
2026-02-26,973.88,sintetica,NBEATS_DIRECT,001,anom:series_riesgo_pais_1,/home/jacky/DatosSerie/Resultados/Prediccion/NBEATS_DIRECT/1_NBEATS_DIRECT_sintetica.csv
2026-02-27,973.42,sintetica,NBEATS_DIRECT,001,anom:series_riesgo_pais_1,/home/jacky/DatosSerie/Resultados/Prediccion/NBEATS_DIRECT/1_NBEATS_DIRECT_sintetica.csv
2026-01-29,1142.42,sintetica,NBEATS_FEEDBACK,001,anom:series_riesgo_pais_1,/home/jacky/DatosSerie/Resultados/Prediccion/NBEATS_FEEDBACK/1_NBEATS_FEEDBACK_sintetica.csv
2026-01-30,1142.42,sintetica,NBEATS_FEEDBACK,001,anom:series_riesgo_pais_1,/home/jacky/DatosSerie/Resultados/Prediccion/NBEATS_FEEDBACK/1_NBEATS_FEEDBACK_sintetica.csv
2026-01-31,1142.42,sintetica,NBEATS_FEEDBACK,001,anom:series_riesgo_pais_1,/home/jacky/DatosSerie/Resultados/Prediccion/NBEATS_FEEDBACK/1_NBEATS_FEEDBACK_sintetica.csv
2026-02-01,1142.42,sintetica,NBEATS_FEEDBACK,001,anom:series_riesgo_pais_1,/home/jacky/DatosSerie/Resultados/Prediccion/NBEATS_FEEDBACK/1_NBEATS_FEEDBACK_sintetica.csv
2026-02-02,1142.42,sintetica,NBEATS_FEEDBACK,001,anom:series_riesgo_pais_1,/home/jacky/DatosSerie/Resultados/Prediccion/NBEATS_FEEDBACK/1_NBEATS_FEEDBACK_sintetica.csv
2026-02-03,1142.42,sintetica,NBEATS_FEEDBACK,001,anom:series_riesgo_pais_1,/home/jacky/DatosSerie/Resultados/Prediccion/NBEATS_FEEDBACK/1_NBEATS_FEEDBACK_sintetica.csv
2026-02-04,1142.42,sintetica,NBEATS_FEEDBACK,001,anom:series_riesgo_pais_1,/home/jacky/DatosSerie/Resultados/Prediccion/NBEATS_FEEDBACK/1_NBEATS_FEEDBACK_sintetica.csv
2026-02-05,1142.42,sintetica,NBEATS_FEEDBACK,001,anom:series_riesgo_pais_1,/home/jacky/DatosSerie/Resultados/Prediccion/NBEATS_FEEDBACK/1_NBEATS_FEEDBACK_sintetica.csv
2026-02-06,1142.42,sintetica,NBEATS_FEEDBACK,001,anom:series_riesgo_pais_1,/home/jacky/DatosSerie/Resultados/Prediccion/NBEATS_FEEDBACK/1_NBEATS_FEEDBACK_sintetica.csv
2026-02-07,1142.42,sintetica,NBEATS_FEEDBACK,001,anom:series_riesgo_pais_1,/home/jacky/DatosSerie/Resultados/Prediccion/NBEATS_FEEDBACK/1_NBEATS_FEEDBACK_sintetica.csv
2026-02-08,1142.42,sintetica,NBEATS_FEEDBACK,001,anom:series_riesgo_pais_1,/home/jacky/DatosSerie/Resultados/Prediccion/NBEATS_FEEDBACK/1_NBEATS_FEEDBACK_sintetica.csv
2026-02-09,1142.42,sintetica,NBEATS_FEEDBACK,001,anom:series_riesgo_pais_1,/home/jacky/DatosSerie/Resultados/Prediccion/NBEATS_FEEDBACK/1_NBEATS_FEEDBACK_sintetica.csv
2026-02-10,1142.42,sintetica,NBEATS_FEEDBACK,001,anom:series_riesgo_pais_1,/home/jacky/DatosSerie/Resultados/Prediccion/NBEATS_FEEDBACK/1_NBEATS_FEEDBACK_sintetica.csv
2026-02-11,1142.42,sintetica,NBEATS_FEEDBACK,001,anom:series_riesgo_pais_1,/home/jacky/DatosSerie/Resultados/Prediccion/NBEATS_FEEDBACK/1_NBEATS_FEEDBACK_sintetica.csv
2026-02-12,1142.42,sintetica,NBEATS_FEEDBACK,001,anom:series_riesgo_pais_1,/home/jacky/DatosSerie/Resultados/Prediccion/NBEATS_FEEDBACK/1_NBEATS_FEEDBACK_sintetica.csv
2026-02-13,1142.42,sintetica,NBEATS_FEEDBACK,001,anom:series_riesgo_pais_1,/home/jacky/DatosSerie/Resultados/Prediccion/NBEATS_FEEDBACK/1_NBEATS_FEEDBACK_sintetica.csv
2026-02-14,1142.42,sintetica,NBEATS_FEEDBACK,001,anom:series_riesgo_pais_1,/home/jacky/DatosSerie/Resultados/Prediccion/NBEATS_FEEDBACK/1_NBEATS_FEEDBACK_sintetica.csv
2026-02-15,1142.42,sintetica,NBEATS_FEEDBACK,001,anom:series_riesgo_pais_1,/home/jacky/DatosSerie/Resultados/Prediccion/NBEATS_FEEDBACK/1_NBEATS_FEEDBACK_sintetica.csv
2026-02-16,1142.42,sintetica,NBEATS_FEEDBACK,001,anom:series_riesgo_pais_1,/home/jacky/DatosSerie/Resultados/Prediccion/NBEATS_FEEDBACK/1_NBEATS_FEEDBACK_sintetica.csv
2026-02-17,1142.42,sintetica,NBEATS_FEEDBACK,001,anom:series_riesgo_pais_1,/home/jacky/DatosSerie/Resultados/Prediccion/NBEATS_FEEDBACK/1_NBEATS_FEEDBACK_sintetica.csv
2026-02-18,1142.42,sintetica,NBEATS_FEEDBACK,001,anom:series_riesgo_pais_1,/home/jacky/DatosSerie/Resultados/Prediccion/NBEATS_FEEDBACK/1_NBEATS_FEEDBACK_sintetica.csv
2026-02-19,1142.42,sintetica,NBEATS_FEEDBACK,001,anom:series_riesgo_pais_1,/home/jacky/DatosSerie/Resultados/Prediccion/NBEATS_FEEDBACK/1_NBEATS_FEEDBACK_sintetica.csv
2026-02-20,1142.42,sintetica,NBEATS_FEEDBACK,001,anom:series_riesgo_pais_1,/home/jacky/DatosSerie/Resultados/Prediccion/NBEATS_FEEDBACK/1_NBEATS_FEEDBACK_sintetica.csv
2026-02-21,1142.42,sintetica,NBEATS_FEEDBACK,001,anom:series_riesgo_pais_1,/home/jacky/DatosSerie/Resultados/Prediccion/NBEATS_FEEDBACK/1_NBEATS_FEEDBACK_sintetica.csv
2026-02-22,1142.42,sintetica,NBEATS_FEEDBACK,001,anom:series_riesgo_pais_1,/home/jacky/DatosSerie/Resultados/Prediccion/NBEATS_FEEDBACK/1_NBEATS_FEEDBACK_sintetica.csv
2026-02-23,1142.42,sintetica,NBEATS_FEEDBACK,001,anom:series_riesgo_pais_1,/home/jacky/DatosSerie/Resultados/Prediccion/NBEATS_FEEDBACK/1_NBEATS_FEEDBACK_sintetica.csv
2026-02-24,1142.42,sintetica,NBEATS_FEEDBACK,001,anom:series_riesgo_pais_1,/home/jacky/DatosSerie/Resultados/Prediccion/NBEATS_FEEDBACK/1_NBEATS_FEEDBACK_sintetica.csv
2026-02-25,1142.42,sintetica,NBEATS_FEEDBACK,001,anom:series_riesgo_pais_1,/home/jacky/DatosSerie/Resultados/Prediccion/NBEATS_FEEDBACK/1_NBEATS_FEEDBACK_sintetica.csv
2026-02-26,1142.42,sintetica,NBEATS_FEEDBACK,001,anom:series_riesgo_pais_1,/home/jacky/DatosSerie/Resultados/Prediccion/NBEATS_FEEDBACK/1_NBEATS_FEEDBACK_sintetica.csv
2026-02-27,1142.42,sintetica,NBEATS_FEEDBACK,001,anom:series_riesgo_pais_1,/home/jacky/DatosSerie/Resultados/Prediccion/NBEATS_FEEDBACK/1_NBEATS_FEEDBACK_sintetica.csv
2026-01-29,1253.86,sintetica,PROPHET_DIRECT,001,anom:series_riesgo_pais_1,/home/jacky/DatosSerie/Resultados/Prediccion/PROPHET_DIRECT/1_PROPHET_DIRECT_sintetica.csv
2026-01-30,1255.52,sintetica,PROPHET_DIRECT,001,anom:series_riesgo_pais_1,/home/jacky/DatosSerie/Resultados/Prediccion/PROPHET_DIRECT/1_PROPHET_DIRECT_sintetica.csv
2026-01-31,1259.57,sintetica,PROPHET_DIRECT,001,anom:series_riesgo_pais_1,/home/jacky/DatosSerie/Resultados/Prediccion/PROPHET_DIRECT/1_PROPHET_DIRECT_sintetica.csv
2026-02-01,1263.36,sintetica,PROPHET_DIRECT,001,anom:series_riesgo_pais_1,/home/jacky/DatosSerie/Resultados/Prediccion/PROPHET_DIRECT/1_PROPHET_DIRECT_sintetica.csv
2026-02-02,1267.59,sintetica,PROPHET_DIRECT,001,anom:series_riesgo_pais_1,/home/jacky/DatosSerie/Resultados/Prediccion/PROPHET_DIRECT/1_PROPHET_DIRECT_sintetica.csv
2026-02-03,1266.02,sintetica,PROPHET_DIRECT,001,anom:series_riesgo_pais_1,/home/jacky/DatosSerie/Resultados/Prediccion/PROPHET_DIRECT/1_PROPHET_DIRECT_sintetica.csv
2026-02-04,1267.48,sintetica,PROPHET_DIRECT,001,anom:series_riesgo_pais_1,/home/jacky/DatosSerie/Resultados/Prediccion/PROPHET_DIRECT/1_PROPHET_DIRECT_sintetica.csv
2026-02-05,1270.72,sintetica,PROPHET_DIRECT,001,anom:series_riesgo_pais_1,/home/jacky/DatosSerie/Resultados/Prediccion/PROPHET_DIRECT/1_PROPHET_DIRECT_sintetica.csv
2026-02-06,1269.16,sintetica,PROPHET_DIRECT,001,anom:series_riesgo_pais_1,/home/jacky/DatosSerie/Resultados/Prediccion/PROPHET_DIRECT/1_PROPHET_DIRECT_sintetica.csv
2026-02-07,1269.65,sintetica,PROPHET_DIRECT,001,anom:series_riesgo_pais_1,/home/jacky/DatosSerie/Resultados/Prediccion/PROPHET_DIRECT/1_PROPHET_DIRECT_sintetica.csv
2026-02-08,1269.65,sintetica,PROPHET_DIRECT,001,anom:series_riesgo_pais_1,/home/jacky/DatosSerie/Resultados/Prediccion/PROPHET_DIRECT/1_PROPHET_DIRECT_sintetica.csv
2026-02-09,1269.95,sintetica,PROPHET_DIRECT,001,anom:series_riesgo_pais_1,/home/jacky/DatosSerie/Resultados/Prediccion/PROPHET_DIRECT/1_PROPHET_DIRECT_sintetica.csv
2026-02-10,1264.42,sintetica,PROPHET_DIRECT,001,anom:series_riesgo_pais_1,/home/jacky/DatosSerie/Resultados/Prediccion/PROPHET_DIRECT/1_PROPHET_DIRECT_sintetica.csv
2026-02-11,1262.0,sintetica,PROPHET_DIRECT,001,anom:series_riesgo_pais_1,/home/jacky/DatosSerie/Resultados/Prediccion/PROPHET_DIRECT/1_PROPHET_DIRECT_sintetica.csv
2026-02-12,1261.55,sintetica,PROPHET_DIRECT,001,anom:series_riesgo_pais_1,/home/jacky/DatosSerie/Resultados/Prediccion/PROPHET_DIRECT/1_PROPHET_DIRECT_sintetica.csv
2026-02-13,1256.56,sintetica,PROPHET_DIRECT,001,anom:series_riesgo_pais_1,/home/jacky/DatosSerie/Resultados/Prediccion/PROPHET_DIRECT/1_PROPHET_DIRECT_sintetica.csv
2026-02-14,1254.0,sintetica,PROPHET_DIRECT,001,anom:series_riesgo_pais_1,/home/jacky/DatosSerie/Resultados/Prediccion/PROPHET_DIRECT/1_PROPHET_DIRECT_sintetica.csv
2026-02-15,1251.41,sintetica,PROPHET_DIRECT,001,anom:series_riesgo_pais_1,/home/jacky/DatosSerie/Resultados/Prediccion/PROPHET_DIRECT/1_PROPHET_DIRECT_sintetica.csv
2026-02-16,1249.63,sintetica,PROPHET_DIRECT,001,anom:series_riesgo_pais_1,/home/jacky/DatosSerie/Resultados/Prediccion/PROPHET_DIRECT/1_PROPHET_DIRECT_sintetica.csv
2026-02-17,1242.62,sintetica,PROPHET_DIRECT,001,anom:series_riesgo_pais_1,/home/jacky/DatosSerie/Resultados/Prediccion/PROPHET_DIRECT/1_PROPHET_DIRECT_sintetica.csv
2026-02-18,1239.34,sintetica,PROPHET_DIRECT,001,anom:series_riesgo_pais_1,/home/jacky/DatosSerie/Resultados/Prediccion/PROPHET_DIRECT/1_PROPHET_DIRECT_sintetica.csv
2026-02-19,1238.68,sintetica,PROPHET_DIRECT,001,anom:series_riesgo_pais_1,/home/jacky/DatosSerie/Resultados/Prediccion/PROPHET_DIRECT/1_PROPHET_DIRECT_sintetica.csv
2026-02-20,1234.17,sintetica,PROPHET_DIRECT,001,anom:series_riesgo_pais_1,/home/jacky/DatosSerie/Resultados/Prediccion/PROPHET_DIRECT/1_PROPHET_DIRECT_sintetica.csv
2026-02-21,1232.76,sintetica,PROPHET_DIRECT,001,anom:series_riesgo_pais_1,/home/jacky/DatosSerie/Resultados/Prediccion/PROPHET_DIRECT/1_PROPHET_DIRECT_sintetica.csv
2026-02-22,1231.97,sintetica,PROPHET_DIRECT,001,anom:series_riesgo_pais_1,/home/jacky/DatosSerie/Resultados/Prediccion/PROPHET_DIRECT/1_PROPHET_DIRECT_sintetica.csv
2026-02-23,1232.63,sintetica,PROPHET_DIRECT,001,anom:series_riesgo_pais_1,/home/jacky/DatosSerie/Resultados/Prediccion/PROPHET_DIRECT/1_PROPHET_DIRECT_sintetica.csv
2026-02-24,1228.64,sintetica,PROPHET_DIRECT,001,anom:series_riesgo_pais_1,/home/jacky/DatosSerie/Resultados/Prediccion/PROPHET_DIRECT/1_PROPHET_DIRECT_sintetica.csv
2026-02-25,1228.91,sintetica,PROPHET_DIRECT,001,anom:series_riesgo_pais_1,/home/jacky/DatosSerie/Resultados/Prediccion/PROPHET_DIRECT/1_PROPHET_DIRECT_sintetica.csv
2026-02-26,1232.27,sintetica,PROPHET_DIRECT,001,anom:series_riesgo_pais_1,/home/jacky/DatosSerie/Resultados/Prediccion/PROPHET_DIRECT/1_PROPHET_DIRECT_sintetica.csv
2026-02-27,1232.15,sintetica,PROPHET_DIRECT,001,anom:series_riesgo_pais_1,/home/jacky/DatosSerie/Resultados/Prediccion/PROPHET_DIRECT/1_PROPHET_DIRECT_sintetica.csv
2026-01-29,1253.86,sintetica,PROPHET_FEEDBACK,001,anom:series_riesgo_pais_1,/home/jacky/DatosSerie/Resultados/Prediccion/PROPHET_FEEDBACK/1_PROPHET_FEEDBACK_sintetica.csv
2026-01-30,1255.14,sintetica,PROPHET_FEEDBACK,001,anom:series_riesgo_pais_1,/home/jacky/DatosSerie/Resultados/Prediccion/PROPHET_FEEDBACK/1_PROPHET_FEEDBACK_sintetica.csv
2026-01-31,1261.3,sintetica,PROPHET_FEEDBACK,001,anom:series_riesgo_pais_1,/home/jacky/DatosSerie/Resultados/Prediccion/PROPHET_FEEDBACK/1_PROPHET_FEEDBACK_sintetica.csv
2026-02-01,1263.63,sintetica,PROPHET_FEEDBACK,001,anom:series_riesgo_pais_1,/home/jacky/DatosSerie/Resultados/Prediccion/PROPHET_FEEDBACK/1_PROPHET_FEEDBACK_sintetica.csv
2026-02-02,1265.52,sintetica,PROPHET_FEEDBACK,001,anom:series_riesgo_pais_1,/home/jacky/DatosSerie/Resultados/Prediccion/PROPHET_FEEDBACK/1_PROPHET_FEEDBACK_sintetica.csv
2026-02-03,1265.49,sintetica,PROPHET_FEEDBACK,001,anom:series_riesgo_pais_1,/home/jacky/DatosSerie/Resultados/Prediccion/PROPHET_FEEDBACK/1_PROPHET_FEEDBACK_sintetica.csv
2026-02-04,1265.19,sintetica,PROPHET_FEEDBACK,001,anom:series_riesgo_pais_1,/home/jacky/DatosSerie/Resultados/Prediccion/PROPHET_FEEDBACK/1_PROPHET_FEEDBACK_sintetica.csv
2026-02-05,1270.44,sintetica,PROPHET_FEEDBACK,001,anom:series_riesgo_pais_1,/home/jacky/DatosSerie/Resultados/Prediccion/PROPHET_FEEDBACK/1_PROPHET_FEEDBACK_sintetica.csv
2026-02-06,1269.38,sintetica,PROPHET_FEEDBACK,001,anom:series_riesgo_pais_1,/home/jacky/DatosSerie/Resultados/Prediccion/PROPHET_FEEDBACK/1_PROPHET_FEEDBACK_sintetica.csv
2026-02-07,1268.7,sintetica,PROPHET_FEEDBACK,001,anom:series_riesgo_pais_1,/home/jacky/DatosSerie/Resultados/Prediccion/PROPHET_FEEDBACK/1_PROPHET_FEEDBACK_sintetica.csv
2026-02-08,1268.47,sintetica,PROPHET_FEEDBACK,001,anom:series_riesgo_pais_1,/home/jacky/DatosSerie/Resultados/Prediccion/PROPHET_FEEDBACK/1_PROPHET_FEEDBACK_sintetica.csv
2026-02-09,1268.31,sintetica,PROPHET_FEEDBACK,001,anom:series_riesgo_pais_1,/home/jacky/DatosSerie/Resultados/Prediccion/PROPHET_FEEDBACK/1_PROPHET_FEEDBACK_sintetica.csv
2026-02-10,1265.2,sintetica,PROPHET_FEEDBACK,001,anom:series_riesgo_pais_1,/home/jacky/DatosSerie/Resultados/Prediccion/PROPHET_FEEDBACK/1_PROPHET_FEEDBACK_sintetica.csv
2026-02-11,1261.59,sintetica,PROPHET_FEEDBACK,001,anom:series_riesgo_pais_1,/home/jacky/DatosSerie/Resultados/Prediccion/PROPHET_FEEDBACK/1_PROPHET_FEEDBACK_sintetica.csv
2026-02-12,1261.28,sintetica,PROPHET_FEEDBACK,001,anom:series_riesgo_pais_1,/home/jacky/DatosSerie/Resultados/Prediccion/PROPHET_FEEDBACK/1_PROPHET_FEEDBACK_sintetica.csv
2026-02-13,1254.54,sintetica,PROPHET_FEEDBACK,001,anom:series_riesgo_pais_1,/home/jacky/DatosSerie/Resultados/Prediccion/PROPHET_FEEDBACK/1_PROPHET_FEEDBACK_sintetica.csv
2026-02-14,1252.17,sintetica,PROPHET_FEEDBACK,001,anom:series_riesgo_pais_1,/home/jacky/DatosSerie/Resultados/Prediccion/PROPHET_FEEDBACK/1_PROPHET_FEEDBACK_sintetica.csv
2026-02-15,1249.68,sintetica,PROPHET_FEEDBACK,001,anom:series_riesgo_pais_1,/home/jacky/DatosSerie/Resultados/Prediccion/PROPHET_FEEDBACK/1_PROPHET_FEEDBACK_sintetica.csv
2026-02-16,1248.77,sintetica,PROPHET_FEEDBACK,001,anom:series_riesgo_pais_1,/home/jacky/DatosSerie/Resultados/Prediccion/PROPHET_FEEDBACK/1_PROPHET_FEEDBACK_sintetica.csv
2026-02-17,1240.95,sintetica,PROPHET_FEEDBACK,001,anom:series_riesgo_pais_1,/home/jacky/DatosSerie/Resultados/Prediccion/PROPHET_FEEDBACK/1_PROPHET_FEEDBACK_sintetica.csv
2026-02-18,1239.25,sintetica,PROPHET_FEEDBACK,001,anom:series_riesgo_pais_1,/home/jacky/DatosSerie/Resultados/Prediccion/PROPHET_FEEDBACK/1_PROPHET_FEEDBACK_sintetica.csv
2026-02-19,1237.7,sintetica,PROPHET_FEEDBACK,001,anom:series_riesgo_pais_1,/home/jacky/DatosSerie/Resultados/Prediccion/PROPHET_FEEDBACK/1_PROPHET_FEEDBACK_sintetica.csv
2026-02-20,1233.27,sintetica,PROPHET_FEEDBACK,001,anom:series_riesgo_pais_1,/home/jacky/DatosSerie/Resultados/Prediccion/PROPHET_FEEDBACK/1_PROPHET_FEEDBACK_sintetica.csv
2026-02-21,1235.71,sintetica,PROPHET_FEEDBACK,001,anom:series_riesgo_pais_1,/home/jacky/DatosSerie/Resultados/Prediccion/PROPHET_FEEDBACK/1_PROPHET_FEEDBACK_sintetica.csv
2026-02-22,1232.34,sintetica,PROPHET_FEEDBACK,001,anom:series_riesgo_pais_1,/home/jacky/DatosSerie/Resultados/Prediccion/PROPHET_FEEDBACK/1_PROPHET_FEEDBACK_sintetica.csv
2026-02-23,1231.87,sintetica,PROPHET_FEEDBACK,001,anom:series_riesgo_pais_1,/home/jacky/DatosSerie/Resultados/Prediccion/PROPHET_FEEDBACK/1_PROPHET_FEEDBACK_sintetica.csv
2026-02-24,1230.26,sintetica,PROPHET_FEEDBACK,001,anom:series_riesgo_pais_1,/home/jacky/DatosSerie/Resultados/Prediccion/PROPHET_FEEDBACK/1_PROPHET_FEEDBACK_sintetica.csv
2026-02-25,1232.08,sintetica,PROPHET_FEEDBACK,001,anom:series_riesgo_pais_1,/home/jacky/DatosSerie/Resultados/Prediccion/PROPHET_FEEDBACK/1_PROPHET_FEEDBACK_sintetica.csv
2026-02-26,1231.87,sintetica,PROPHET_FEEDBACK,001,anom:series_riesgo_pais_1,/home/jacky/DatosSerie/Resultados/Prediccion/PROPHET_FEEDBACK/1_PROPHET_FEEDBACK_sintetica.csv
2026-02-27,1232.57,sintetica,PROPHET_FEEDBACK,001,anom:series_riesgo_pais_1,/home/jacky/DatosSerie/Resultados/Prediccion/PROPHET_FEEDBACK/1_PROPHET_FEEDBACK_sintetica.csv
2026-01-29,430.95,sintetica,RF_DIRECT,001,anom:series_riesgo_pais_1,/home/jacky/DatosSerie/Resultados/Prediccion/RF_DIRECT/1_RF_DIRECT_sintetica.csv
2026-01-30,432.22,sintetica,RF_DIRECT,001,anom:series_riesgo_pais_1,/home/jacky/DatosSerie/Resultados/Prediccion/RF_DIRECT/1_RF_DIRECT_sintetica.csv
2026-01-31,435.63,sintetica,RF_DIRECT,001,anom:series_riesgo_pais_1,/home/jacky/DatosSerie/Resultados/Prediccion/RF_DIRECT/1_RF_DIRECT_sintetica.csv
2026-02-01,440.93,sintetica,RF_DIRECT,001,anom:series_riesgo_pais_1,/home/jacky/DatosSerie/Resultados/Prediccion/RF_DIRECT/1_RF_DIRECT_sintetica.csv
2026-02-02,446.13,sintetica,RF_DIRECT,001,anom:series_riesgo_pais_1,/home/jacky/DatosSerie/Resultados/Prediccion/RF_DIRECT/1_RF_DIRECT_sintetica.csv
2026-02-03,451.27,sintetica,RF_DIRECT,001,anom:series_riesgo_pais_1,/home/jacky/DatosSerie/Resultados/Prediccion/RF_DIRECT/1_RF_DIRECT_sintetica.csv
2026-02-04,451.89,sintetica,RF_DIRECT,001,anom:series_riesgo_pais_1,/home/jacky/DatosSerie/Resultados/Prediccion/RF_DIRECT/1_RF_DIRECT_sintetica.csv
2026-02-05,452.15,sintetica,RF_DIRECT,001,anom:series_riesgo_pais_1,/home/jacky/DatosSerie/Resultados/Prediccion/RF_DIRECT/1_RF_DIRECT_sintetica.csv
2026-02-06,446.87,sintetica,RF_DIRECT,001,anom:series_riesgo_pais_1,/home/jacky/DatosSerie/Resultados/Prediccion/RF_DIRECT/1_RF_DIRECT_sintetica.csv
2026-02-07,445.76,sintetica,RF_DIRECT,001,anom:series_riesgo_pais_1,/home/jacky/DatosSerie/Resultados/Prediccion/RF_DIRECT/1_RF_DIRECT_sintetica.csv
2026-02-08,446.36,sintetica,RF_DIRECT,001,anom:series_riesgo_pais_1,/home/jacky/DatosSerie/Resultados/Prediccion/RF_DIRECT/1_RF_DIRECT_sintetica.csv
2026-02-09,446.39,sintetica,RF_DIRECT,001,anom:series_riesgo_pais_1,/home/jacky/DatosSerie/Resultados/Prediccion/RF_DIRECT/1_RF_DIRECT_sintetica.csv
2026-02-10,447.69,sintetica,RF_DIRECT,001,anom:series_riesgo_pais_1,/home/jacky/DatosSerie/Resultados/Prediccion/RF_DIRECT/1_RF_DIRECT_sintetica.csv
2026-02-11,447.21,sintetica,RF_DIRECT,001,anom:series_riesgo_pais_1,/home/jacky/DatosSerie/Resultados/Prediccion/RF_DIRECT/1_RF_DIRECT_sintetica.csv
2026-02-12,446.96,sintetica,RF_DIRECT,001,anom:series_riesgo_pais_1,/home/jacky/DatosSerie/Resultados/Prediccion/RF_DIRECT/1_RF_DIRECT_sintetica.csv
2026-02-13,446.34,sintetica,RF_DIRECT,001,anom:series_riesgo_pais_1,/home/jacky/DatosSerie/Resultados/Prediccion/RF_DIRECT/1_RF_DIRECT_sintetica.csv
2026-02-14,444.94,sintetica,RF_DIRECT,001,anom:series_riesgo_pais_1,/home/jacky/DatosSerie/Resultados/Prediccion/RF_DIRECT/1_RF_DIRECT_sintetica.csv
2026-02-15,442.89,sintetica,RF_DIRECT,001,anom:series_riesgo_pais_1,/home/jacky/DatosSerie/Resultados/Prediccion/RF_DIRECT/1_RF_DIRECT_sintetica.csv
2026-02-16,441.03,sintetica,RF_DIRECT,001,anom:series_riesgo_pais_1,/home/jacky/DatosSerie/Resultados/Prediccion/RF_DIRECT/1_RF_DIRECT_sintetica.csv
2026-02-17,439.69,sintetica,RF_DIRECT,001,anom:series_riesgo_pais_1,/home/jacky/DatosSerie/Resultados/Prediccion/RF_DIRECT/1_RF_DIRECT_sintetica.csv
2026-02-18,439.14,sintetica,RF_DIRECT,001,anom:series_riesgo_pais_1,/home/jacky/DatosSerie/Resultados/Prediccion/RF_DIRECT/1_RF_DIRECT_sintetica.csv
2026-02-19,439.01,sintetica,RF_DIRECT,001,anom:series_riesgo_pais_1,/home/jacky/DatosSerie/Resultados/Prediccion/RF_DIRECT/1_RF_DIRECT_sintetica.csv
2026-02-20,438.7,sintetica,RF_DIRECT,001,anom:series_riesgo_pais_1,/home/jacky/DatosSerie/Resultados/Prediccion/RF_DIRECT/1_RF_DIRECT_sintetica.csv
2026-02-21,437.85,sintetica,RF_DIRECT,001,anom:series_riesgo_pais_1,/home/jacky/DatosSerie/Resultados/Prediccion/RF_DIRECT/1_RF_DIRECT_sintetica.csv
2026-02-22,437.61,sintetica,RF_DIRECT,001,anom:series_riesgo_pais_1,/home/jacky/DatosSerie/Resultados/Prediccion/RF_DIRECT/1_RF_DIRECT_sintetica.csv
2026-02-23,436.63,sintetica,RF_DIRECT,001,anom:series_riesgo_pais_1,/home/jacky/DatosSerie/Resultados/Prediccion/RF_DIRECT/1_RF_DIRECT_sintetica.csv
2026-02-24,437.5,sintetica,RF_DIRECT,001,anom:series_riesgo_pais_1,/home/jacky/DatosSerie/Resultados/Prediccion/RF_DIRECT/1_RF_DIRECT_sintetica.csv
2026-02-25,438.78,sintetica,RF_DIRECT,001,anom:series_riesgo_pais_1,/home/jacky/DatosSerie/Resultados/Prediccion/RF_DIRECT/1_RF_DIRECT_sintetica.csv
2026-02-26,442.48,sintetica,RF_DIRECT,001,anom:series_riesgo_pais_1,/home/jacky/DatosSerie/Resultados/Prediccion/RF_DIRECT/1_RF_DIRECT_sintetica.csv
2026-02-27,447.67,sintetica,RF_DIRECT,001,anom:series_riesgo_pais_1,/home/jacky/DatosSerie/Resultados/Prediccion/RF_DIRECT/1_RF_DIRECT_sintetica.csv
2026-01-29,413.67,sintetica,RF_FEEDBACK,001,anom:series_riesgo_pais_1,/home/jacky/DatosSerie/Resultados/Prediccion/RF_FEEDBACK/1_RF_FEEDBACK_sintetica.csv
2026-01-30,415.62,sintetica,RF_FEEDBACK,001,anom:series_riesgo_pais_1,/home/jacky/DatosSerie/Resultados/Prediccion/RF_FEEDBACK/1_RF_FEEDBACK_sintetica.csv
2026-01-31,415.99,sintetica,RF_FEEDBACK,001,anom:series_riesgo_pais_1,/home/jacky/DatosSerie/Resultados/Prediccion/RF_FEEDBACK/1_RF_FEEDBACK_sintetica.csv
2026-02-01,415.95,sintetica,RF_FEEDBACK,001,anom:series_riesgo_pais_1,/home/jacky/DatosSerie/Resultados/Prediccion/RF_FEEDBACK/1_RF_FEEDBACK_sintetica.csv
2026-02-02,416.68,sintetica,RF_FEEDBACK,001,anom:series_riesgo_pais_1,/home/jacky/DatosSerie/Resultados/Prediccion/RF_FEEDBACK/1_RF_FEEDBACK_sintetica.csv
2026-02-03,416.21,sintetica,RF_FEEDBACK,001,anom:series_riesgo_pais_1,/home/jacky/DatosSerie/Resultados/Prediccion/RF_FEEDBACK/1_RF_FEEDBACK_sintetica.csv
2026-02-04,416.93,sintetica,RF_FEEDBACK,001,anom:series_riesgo_pais_1,/home/jacky/DatosSerie/Resultados/Prediccion/RF_FEEDBACK/1_RF_FEEDBACK_sintetica.csv
2026-02-05,418.14,sintetica,RF_FEEDBACK,001,anom:series_riesgo_pais_1,/home/jacky/DatosSerie/Resultados/Prediccion/RF_FEEDBACK/1_RF_FEEDBACK_sintetica.csv
2026-02-06,419.36,sintetica,RF_FEEDBACK,001,anom:series_riesgo_pais_1,/home/jacky/DatosSerie/Resultados/Prediccion/RF_FEEDBACK/1_RF_FEEDBACK_sintetica.csv
2026-02-07,421.39,sintetica,RF_FEEDBACK,001,anom:series_riesgo_pais_1,/home/jacky/DatosSerie/Resultados/Prediccion/RF_FEEDBACK/1_RF_FEEDBACK_sintetica.csv
2026-02-08,423.2,sintetica,RF_FEEDBACK,001,anom:series_riesgo_pais_1,/home/jacky/DatosSerie/Resultados/Prediccion/RF_FEEDBACK/1_RF_FEEDBACK_sintetica.csv
2026-02-09,425.65,sintetica,RF_FEEDBACK,001,anom:series_riesgo_pais_1,/home/jacky/DatosSerie/Resultados/Prediccion/RF_FEEDBACK/1_RF_FEEDBACK_sintetica.csv
2026-02-10,428.55,sintetica,RF_FEEDBACK,001,anom:series_riesgo_pais_1,/home/jacky/DatosSerie/Resultados/Prediccion/RF_FEEDBACK/1_RF_FEEDBACK_sintetica.csv
2026-02-11,434.6,sintetica,RF_FEEDBACK,001,anom:series_riesgo_pais_1,/home/jacky/DatosSerie/Resultados/Prediccion/RF_FEEDBACK/1_RF_FEEDBACK_sintetica.csv
2026-02-12,444.58,sintetica,RF_FEEDBACK,001,anom:series_riesgo_pais_1,/home/jacky/DatosSerie/Resultados/Prediccion/RF_FEEDBACK/1_RF_FEEDBACK_sintetica.csv
2026-02-13,453.76,sintetica,RF_FEEDBACK,001,anom:series_riesgo_pais_1,/home/jacky/DatosSerie/Resultados/Prediccion/RF_FEEDBACK/1_RF_FEEDBACK_sintetica.csv
2026-02-14,460.52,sintetica,RF_FEEDBACK,001,anom:series_riesgo_pais_1,/home/jacky/DatosSerie/Resultados/Prediccion/RF_FEEDBACK/1_RF_FEEDBACK_sintetica.csv
2026-02-15,462.16,sintetica,RF_FEEDBACK,001,anom:series_riesgo_pais_1,/home/jacky/DatosSerie/Resultados/Prediccion/RF_FEEDBACK/1_RF_FEEDBACK_sintetica.csv
2026-02-16,458.02,sintetica,RF_FEEDBACK,001,anom:series_riesgo_pais_1,/home/jacky/DatosSerie/Resultados/Prediccion/RF_FEEDBACK/1_RF_FEEDBACK_sintetica.csv
2026-02-17,456.74,sintetica,RF_FEEDBACK,001,anom:series_riesgo_pais_1,/home/jacky/DatosSerie/Resultados/Prediccion/RF_FEEDBACK/1_RF_FEEDBACK_sintetica.csv
2026-02-18,456.11,sintetica,RF_FEEDBACK,001,anom:series_riesgo_pais_1,/home/jacky/DatosSerie/Resultados/Prediccion/RF_FEEDBACK/1_RF_FEEDBACK_sintetica.csv
2026-02-19,456.13,sintetica,RF_FEEDBACK,001,anom:series_riesgo_pais_1,/home/jacky/DatosSerie/Resultados/Prediccion/RF_FEEDBACK/1_RF_FEEDBACK_sintetica.csv
2026-02-20,455.98,sintetica,RF_FEEDBACK,001,anom:series_riesgo_pais_1,/home/jacky/DatosSerie/Resultados/Prediccion/RF_FEEDBACK/1_RF_FEEDBACK_sintetica.csv
2026-02-21,455.66,sintetica,RF_FEEDBACK,001,anom:series_riesgo_pais_1,/home/jacky/DatosSerie/Resultados/Prediccion/RF_FEEDBACK/1_RF_FEEDBACK_sintetica.csv
2026-02-22,454.89,sintetica,RF_FEEDBACK,001,anom:series_riesgo_pais_1,/home/jacky/DatosSerie/Resultados/Prediccion/RF_FEEDBACK/1_RF_FEEDBACK_sintetica.csv
2026-02-23,454.06,sintetica,RF_FEEDBACK,001,anom:series_riesgo_pais_1,/home/jacky/DatosSerie/Resultados/Prediccion/RF_FEEDBACK/1_RF_FEEDBACK_sintetica.csv
2026-02-24,457.7,sintetica,RF_FEEDBACK,001,anom:series_riesgo_pais_1,/home/jacky/DatosSerie/Resultados/Prediccion/RF_FEEDBACK/1_RF_FEEDBACK_sintetica.csv
2026-02-25,458.13,sintetica,RF_FEEDBACK,001,anom:series_riesgo_pais_1,/home/jacky/DatosSerie/Resultados/Prediccion/RF_FEEDBACK/1_RF_FEEDBACK_sintetica.csv
2026-02-26,457.93,sintetica,RF_FEEDBACK,001,anom:series_riesgo_pais_1,/home/jacky/DatosSerie/Resultados/Prediccion/RF_FEEDBACK/1_RF_FEEDBACK_sintetica.csv
2026-02-27,457.46,sintetica,RF_FEEDBACK,001,anom:series_riesgo_pais_1,/home/jacky/DatosSerie/Resultados/Prediccion/RF_FEEDBACK/1_RF_FEEDBACK_sintetica.csv
2026-01-29,534.75,sintetica,SVR_DIRECT,001,anom:series_riesgo_pais_1,/home/jacky/DatosSerie/Resultados/Prediccion/SVR_DIRECT/1_SVR_DIRECT_sintetica.csv
2026-01-30,525.94,sintetica,SVR_DIRECT,001,anom:series_riesgo_pais_1,/home/jacky/DatosSerie/Resultados/Prediccion/SVR_DIRECT/1_SVR_DIRECT_sintetica.csv
2026-01-31,525.97,sintetica,SVR_DIRECT,001,anom:series_riesgo_pais_1,/home/jacky/DatosSerie/Resultados/Prediccion/SVR_DIRECT/1_SVR_DIRECT_sintetica.csv
2026-02-01,526.21,sintetica,SVR_DIRECT,001,anom:series_riesgo_pais_1,/home/jacky/DatosSerie/Resultados/Prediccion/SVR_DIRECT/1_SVR_DIRECT_sintetica.csv
2026-02-02,520.88,sintetica,SVR_DIRECT,001,anom:series_riesgo_pais_1,/home/jacky/DatosSerie/Resultados/Prediccion/SVR_DIRECT/1_SVR_DIRECT_sintetica.csv
2026-02-03,520.18,sintetica,SVR_DIRECT,001,anom:series_riesgo_pais_1,/home/jacky/DatosSerie/Resultados/Prediccion/SVR_DIRECT/1_SVR_DIRECT_sintetica.csv
2026-02-04,518.7,sintetica,SVR_DIRECT,001,anom:series_riesgo_pais_1,/home/jacky/DatosSerie/Resultados/Prediccion/SVR_DIRECT/1_SVR_DIRECT_sintetica.csv
2026-02-05,519.39,sintetica,SVR_DIRECT,001,anom:series_riesgo_pais_1,/home/jacky/DatosSerie/Resultados/Prediccion/SVR_DIRECT/1_SVR_DIRECT_sintetica.csv
2026-02-06,518.34,sintetica,SVR_DIRECT,001,anom:series_riesgo_pais_1,/home/jacky/DatosSerie/Resultados/Prediccion/SVR_DIRECT/1_SVR_DIRECT_sintetica.csv
2026-02-07,519.77,sintetica,SVR_DIRECT,001,anom:series_riesgo_pais_1,/home/jacky/DatosSerie/Resultados/Prediccion/SVR_DIRECT/1_SVR_DIRECT_sintetica.csv
2026-02-08,521.09,sintetica,SVR_DIRECT,001,anom:series_riesgo_pais_1,/home/jacky/DatosSerie/Resultados/Prediccion/SVR_DIRECT/1_SVR_DIRECT_sintetica.csv
2026-02-09,515.94,sintetica,SVR_DIRECT,001,anom:series_riesgo_pais_1,/home/jacky/DatosSerie/Resultados/Prediccion/SVR_DIRECT/1_SVR_DIRECT_sintetica.csv
2026-02-10,512.55,sintetica,SVR_DIRECT,001,anom:series_riesgo_pais_1,/home/jacky/DatosSerie/Resultados/Prediccion/SVR_DIRECT/1_SVR_DIRECT_sintetica.csv
2026-02-11,516.49,sintetica,SVR_DIRECT,001,anom:series_riesgo_pais_1,/home/jacky/DatosSerie/Resultados/Prediccion/SVR_DIRECT/1_SVR_DIRECT_sintetica.csv
2026-02-12,515.71,sintetica,SVR_DIRECT,001,anom:series_riesgo_pais_1,/home/jacky/DatosSerie/Resultados/Prediccion/SVR_DIRECT/1_SVR_DIRECT_sintetica.csv
2026-02-13,522.88,sintetica,SVR_DIRECT,001,anom:series_riesgo_pais_1,/home/jacky/DatosSerie/Resultados/Prediccion/SVR_DIRECT/1_SVR_DIRECT_sintetica.csv
2026-02-14,517.78,sintetica,SVR_DIRECT,001,anom:series_riesgo_pais_1,/home/jacky/DatosSerie/Resultados/Prediccion/SVR_DIRECT/1_SVR_DIRECT_sintetica.csv
2026-02-15,523.02,sintetica,SVR_DIRECT,001,anom:series_riesgo_pais_1,/home/jacky/DatosSerie/Resultados/Prediccion/SVR_DIRECT/1_SVR_DIRECT_sintetica.csv
2026-02-16,528.12,sintetica,SVR_DIRECT,001,anom:series_riesgo_pais_1,/home/jacky/DatosSerie/Resultados/Prediccion/SVR_DIRECT/1_SVR_DIRECT_sintetica.csv
2026-02-17,528.51,sintetica,SVR_DIRECT,001,anom:series_riesgo_pais_1,/home/jacky/DatosSerie/Resultados/Prediccion/SVR_DIRECT/1_SVR_DIRECT_sintetica.csv
2026-02-18,533.96,sintetica,SVR_DIRECT,001,anom:series_riesgo_pais_1,/home/jacky/DatosSerie/Resultados/Prediccion/SVR_DIRECT/1_SVR_DIRECT_sintetica.csv
2026-02-19,527.41,sintetica,SVR_DIRECT,001,anom:series_riesgo_pais_1,/home/jacky/DatosSerie/Resultados/Prediccion/SVR_DIRECT/1_SVR_DIRECT_sintetica.csv
2026-02-20,521.71,sintetica,SVR_DIRECT,001,anom:series_riesgo_pais_1,/home/jacky/DatosSerie/Resultados/Prediccion/SVR_DIRECT/1_SVR_DIRECT_sintetica.csv
2026-02-21,516.62,sintetica,SVR_DIRECT,001,anom:series_riesgo_pais_1,/home/jacky/DatosSerie/Resultados/Prediccion/SVR_DIRECT/1_SVR_DIRECT_sintetica.csv
2026-02-22,512.74,sintetica,SVR_DIRECT,001,anom:series_riesgo_pais_1,/home/jacky/DatosSerie/Resultados/Prediccion/SVR_DIRECT/1_SVR_DIRECT_sintetica.csv
2026-02-23,504.5,sintetica,SVR_DIRECT,001,anom:series_riesgo_pais_1,/home/jacky/DatosSerie/Resultados/Prediccion/SVR_DIRECT/1_SVR_DIRECT_sintetica.csv
2026-02-24,496.22,sintetica,SVR_DIRECT,001,anom:series_riesgo_pais_1,/home/jacky/DatosSerie/Resultados/Prediccion/SVR_DIRECT/1_SVR_DIRECT_sintetica.csv
2026-02-25,497.43,sintetica,SVR_DIRECT,001,anom:series_riesgo_pais_1,/home/jacky/DatosSerie/Resultados/Prediccion/SVR_DIRECT/1_SVR_DIRECT_sintetica.csv
2026-02-26,487.8,sintetica,SVR_DIRECT,001,anom:series_riesgo_pais_1,/home/jacky/DatosSerie/Resultados/Prediccion/SVR_DIRECT/1_SVR_DIRECT_sintetica.csv
2026-02-27,483.88,sintetica,SVR_DIRECT,001,anom:series_riesgo_pais_1,/home/jacky/DatosSerie/Resultados/Prediccion/SVR_DIRECT/1_SVR_DIRECT_sintetica.csv
2026-01-29,459.86,sintetica,SVR_FEEDBACK,001,anom:series_riesgo_pais_1,/home/jacky/DatosSerie/Resultados/Prediccion/SVR_FEEDBACK/1_SVR_FEEDBACK_sintetica.csv
2026-01-30,462.07,sintetica,SVR_FEEDBACK,001,anom:series_riesgo_pais_1,/home/jacky/DatosSerie/Resultados/Prediccion/SVR_FEEDBACK/1_SVR_FEEDBACK_sintetica.csv
2026-01-31,463.76,sintetica,SVR_FEEDBACK,001,anom:series_riesgo_pais_1,/home/jacky/DatosSerie/Resultados/Prediccion/SVR_FEEDBACK/1_SVR_FEEDBACK_sintetica.csv
2026-02-01,465.47,sintetica,SVR_FEEDBACK,001,anom:series_riesgo_pais_1,/home/jacky/DatosSerie/Resultados/Prediccion/SVR_FEEDBACK/1_SVR_FEEDBACK_sintetica.csv
2026-02-02,466.8,sintetica,SVR_FEEDBACK,001,anom:series_riesgo_pais_1,/home/jacky/DatosSerie/Resultados/Prediccion/SVR_FEEDBACK/1_SVR_FEEDBACK_sintetica.csv
2026-02-03,468.1,sintetica,SVR_FEEDBACK,001,anom:series_riesgo_pais_1,/home/jacky/DatosSerie/Resultados/Prediccion/SVR_FEEDBACK/1_SVR_FEEDBACK_sintetica.csv
2026-02-04,469.47,sintetica,SVR_FEEDBACK,001,anom:series_riesgo_pais_1,/home/jacky/DatosSerie/Resultados/Prediccion/SVR_FEEDBACK/1_SVR_FEEDBACK_sintetica.csv
2026-02-05,470.97,sintetica,SVR_FEEDBACK,001,anom:series_riesgo_pais_1,/home/jacky/DatosSerie/Resultados/Prediccion/SVR_FEEDBACK/1_SVR_FEEDBACK_sintetica.csv
2026-02-06,472.32,sintetica,SVR_FEEDBACK,001,anom:series_riesgo_pais_1,/home/jacky/DatosSerie/Resultados/Prediccion/SVR_FEEDBACK/1_SVR_FEEDBACK_sintetica.csv
2026-02-07,473.57,sintetica,SVR_FEEDBACK,001,anom:series_riesgo_pais_1,/home/jacky/DatosSerie/Resultados/Prediccion/SVR_FEEDBACK/1_SVR_FEEDBACK_sintetica.csv
2026-02-08,474.8,sintetica,SVR_FEEDBACK,001,anom:series_riesgo_pais_1,/home/jacky/DatosSerie/Resultados/Prediccion/SVR_FEEDBACK/1_SVR_FEEDBACK_sintetica.csv
2026-02-09,476.03,sintetica,SVR_FEEDBACK,001,anom:series_riesgo_pais_1,/home/jacky/DatosSerie/Resultados/Prediccion/SVR_FEEDBACK/1_SVR_FEEDBACK_sintetica.csv
2026-02-10,477.36,sintetica,SVR_FEEDBACK,001,anom:series_riesgo_pais_1,/home/jacky/DatosSerie/Resultados/Prediccion/SVR_FEEDBACK/1_SVR_FEEDBACK_sintetica.csv
2026-02-11,478.62,sintetica,SVR_FEEDBACK,001,anom:series_riesgo_pais_1,/home/jacky/DatosSerie/Resultados/Prediccion/SVR_FEEDBACK/1_SVR_FEEDBACK_sintetica.csv
2026-02-12,480.06,sintetica,SVR_FEEDBACK,001,anom:series_riesgo_pais_1,/home/jacky/DatosSerie/Resultados/Prediccion/SVR_FEEDBACK/1_SVR_FEEDBACK_sintetica.csv
2026-02-13,481.36,sintetica,SVR_FEEDBACK,001,anom:series_riesgo_pais_1,/home/jacky/DatosSerie/Resultados/Prediccion/SVR_FEEDBACK/1_SVR_FEEDBACK_sintetica.csv
2026-02-14,482.56,sintetica,SVR_FEEDBACK,001,anom:series_riesgo_pais_1,/home/jacky/DatosSerie/Resultados/Prediccion/SVR_FEEDBACK/1_SVR_FEEDBACK_sintetica.csv
2026-02-15,483.91,sintetica,SVR_FEEDBACK,001,anom:series_riesgo_pais_1,/home/jacky/DatosSerie/Resultados/Prediccion/SVR_FEEDBACK/1_SVR_FEEDBACK_sintetica.csv
2026-02-16,485.45,sintetica,SVR_FEEDBACK,001,anom:series_riesgo_pais_1,/home/jacky/DatosSerie/Resultados/Prediccion/SVR_FEEDBACK/1_SVR_FEEDBACK_sintetica.csv
2026-02-17,486.89,sintetica,SVR_FEEDBACK,001,anom:series_riesgo_pais_1,/home/jacky/DatosSerie/Resultados/Prediccion/SVR_FEEDBACK/1_SVR_FEEDBACK_sintetica.csv
2026-02-18,488.16,sintetica,SVR_FEEDBACK,001,anom:series_riesgo_pais_1,/home/jacky/DatosSerie/Resultados/Prediccion/SVR_FEEDBACK/1_SVR_FEEDBACK_sintetica.csv
2026-02-19,489.39,sintetica,SVR_FEEDBACK,001,anom:series_riesgo_pais_1,/home/jacky/DatosSerie/Resultados/Prediccion/SVR_FEEDBACK/1_SVR_FEEDBACK_sintetica.csv
2026-02-20,490.35,sintetica,SVR_FEEDBACK,001,anom:series_riesgo_pais_1,/home/jacky/DatosSerie/Resultados/Prediccion/SVR_FEEDBACK/1_SVR_FEEDBACK_sintetica.csv
2026-02-21,491.18,sintetica,SVR_FEEDBACK,001,anom:series_riesgo_pais_1,/home/jacky/DatosSerie/Resultados/Prediccion/SVR_FEEDBACK/1_SVR_FEEDBACK_sintetica.csv
2026-02-22,492.04,sintetica,SVR_FEEDBACK,001,anom:series_riesgo_pais_1,/home/jacky/DatosSerie/Resultados/Prediccion/SVR_FEEDBACK/1_SVR_FEEDBACK_sintetica.csv
2026-02-23,492.86,sintetica,SVR_FEEDBACK,001,anom:series_riesgo_pais_1,/home/jacky/DatosSerie/Resultados/Prediccion/SVR_FEEDBACK/1_SVR_FEEDBACK_sintetica.csv
2026-02-24,493.54,sintetica,SVR_FEEDBACK,001,anom:series_riesgo_pais_1,/home/jacky/DatosSerie/Resultados/Prediccion/SVR_FEEDBACK/1_SVR_FEEDBACK_sintetica.csv
2026-02-25,494.29,sintetica,SVR_FEEDBACK,001,anom:series_riesgo_pais_1,/home/jacky/DatosSerie/Resultados/Prediccion/SVR_FEEDBACK/1_SVR_FEEDBACK_sintetica.csv
2026-02-26,495.08,sintetica,SVR_FEEDBACK,001,anom:series_riesgo_pais_1,/home/jacky/DatosSerie/Resultados/Prediccion/SVR_FEEDBACK/1_SVR_FEEDBACK_sintetica.csv
2026-02-27,495.89,sintetica,SVR_FEEDBACK,001,anom:series_riesgo_pais_1,/home/jacky/DatosSerie/Resultados/Prediccion/SVR_FEEDBACK/1_SVR_FEEDBACK_sintetica.csv
