fecha,valor,fuente,metodo_prediccion
2026-01-29,462.18,sintetica,DEEPAR_FEEDBACK
2026-01-30,476.36,sintetica,DEEPAR_FEEDBACK
2026-01-31,494.54,sintetica,DEEPAR_FEEDBACK
2026-02-01,512.88,sintetica,DEEPAR_FEEDBACK
2026-02-02,530.76,sintetica,DEEPAR_FEEDBACK
2026-02-03,548.18,sintetica,DEEPAR_FEEDBACK
2026-02-04,565.26,sintetica,DEEPAR_FEEDBACK
2026-02-05,582.07,sintetica,DEEPAR_FEEDBACK
2026-02-06,598.66,sintetica,DEEPAR_FEEDBACK
2026-02-07,615.09,sintetica,DEEPAR_FEEDBACK
2026-02-08,631.38,sintetica,DEEPAR_FEEDBACK
2026-02-09,647.55,sintetica,DEEPAR_FEEDBACK
2026-02-10,663.63,sintetica,DEEPAR_FEEDBACK
2026-02-11,679.64,sintetica,DEEPAR_FEEDBACK
2026-02-12,695.59,sintetica,DEEPAR_FEEDBACK
2026-02-13,711.5,sintetica,DEEPAR_FEEDBACK
2026-02-14,727.4,sintetica,DEEPAR_FEEDBACK
2026-02-15,743.29,sintetica,DEEPAR_FEEDBACK
2026-02-16,759.21,sintetica,DEEPAR_FEEDBACK
2026-02-17,775.18,sintetica,DEEPAR_FEEDBACK
2026-02-18,791.2,sintetica,DEEPAR_FEEDBACK
2026-02-19,807.3,sintetica,DEEPAR_FEEDBACK
2026-02-20,823.51,sintetica,DEEPAR_FEEDBACK
2026-02-21,839.84,sintetica,DEEPAR_FEEDBACK
2026-02-22,856.32,sintetica,DEEPAR_FEEDBACK
2026-02-23,872.97,sintetica,DEEPAR_FEEDBACK
2026-02-24,889.82,sintetica,DEEPAR_FEEDBACK
2026-02-25,906.88,sintetica,DEEPAR_FEEDBACK
2026-02-26,924.2,sintetica,DEEPAR_FEEDBACK
2026-02-27,941.79,sintetica,DEEPAR_FEEDBACK
