modelo,metodo_prediccion,metodo_deteccion,fuente,fecha_inicio,fecha_fin,valores
PROPHET_FEEDBACK,PROPHET_FEEDBACK,ARIMA,sintetica,2025-04-10,2025-04-10,[1784.84]
PROPHET_FEEDBACK,PROPHET_FEEDBACK,ARIMA,sintetica,2025-04-22,2025-04-22,[1771.89]
PROPHET_FEEDBACK,PROPHET_FEEDBACK,COUTA,sintetica,2025-04-20,2025-05-09,"[1782.29, 1780.36, 1771.89, 1772.16, 1773.36, 1771.48, 1771.09, 1770.75, 1769.99, 1766.53, 1766.97, 1764.62, 1762.39, 1763.5, 1766.1, 1764.21, 1760.68, 1759.55, 1760.3, 1755.65]"
PROPHET_FEEDBACK,PROPHET_FEEDBACK,DBSCAN,sintetica,2025-05-03,2025-05-03,[1763.5]
PROPHET_FEEDBACK,PROPHET_FEEDBACK,DIF,sintetica,2025-04-15,2025-04-15,[1779.7]
PROPHET_FEEDBACK,PROPHET_FEEDBACK,DIF,sintetica,2025-04-22,2025-04-22,[1771.89]
PROPHET_FEEDBACK,PROPHET_FEEDBACK,IFOREST,sintetica,2025-04-14,2025-04-14,[1785.19]
PROPHET_FEEDBACK,PROPHET_FEEDBACK,IFOREST,sintetica,2025-05-09,2025-05-09,[1755.65]
PROPHET_FEEDBACK,PROPHET_FEEDBACK,TIMEGPT,sintetica,2025-04-21,2025-04-21,[1780.36]
